timestamp,endpoint,latency,error_rate,request_rate,error_category
2026-03-13T23:23:56+00:00,api/normal,2.96,0,1,none
2026-03-13T23:23:56+00:00,api/normal,0.48,0,1,none
2026-03-13T23:23:56+00:00,api/normal,0.46,0,1,none
2026-03-13T23:23:56+00:00,api/normal,0.45,0,1,none
2026-03-13T23:23:56+00:00,api/normal,0.5,0,1,none
2026-03-13T23:23:57+00:00,api/slow,1075.11,0,1,none
2026-03-13T23:23:57+00:00,api/normal,0.54,0,1,none
2026-03-13T23:23:57+00:00,api/normal,0.48,0,1,none
2026-03-13T23:23:57+00:00,api/normal,0.62,0,1,none
2026-03-13T23:23:57+00:00,api/normal,0.92,0,1,none
2026-03-13T23:23:57+00:00,api/normal,0.47,0,1,none
2026-03-13T23:23:57+00:00,api/normal,0.86,0,1,none
2026-03-13T23:24:03+00:00,api/slow,6002.84,0,1,TIMEOUT_ERROR
2026-03-13T23:24:03+00:00,api/error,24.06,1,1,SYSTEM_ERROR
2026-03-13T23:24:03+00:00,api/normal,0.93,0,1,none
2026-03-13T23:24:03+00:00,api/normal,0.83,0,1,none
2026-03-13T23:24:03+00:00,api/normal,0.92,0,1,none
2026-03-13T23:24:03+00:00,api/normal,0.87,0,1,none
2026-03-13T23:24:03+00:00,api/normal,0.91,0,1,none
2026-03-13T23:24:03+00:00,api/normal,0.76,0,1,none
2026-03-13T23:24:09+00:00,api/slow,6011.83,0,1,TIMEOUT_ERROR
2026-03-13T23:24:09+00:00,api/normal,4.53,0,1,none
2026-03-13T23:24:09+00:00,api/normal,0.84,0,1,none
2026-03-13T23:24:10+00:00,api/error,4.1,1,1,SYSTEM_ERROR
2026-03-13T23:24:10+00:00,api/normal,0.87,0,1,none
2026-03-13T23:24:10+00:00,api/normal,0.94,0,1,none
2026-03-13T23:24:10+00:00,api/normal,0.85,0,1,none
2026-03-13T23:24:10+00:00,api/normal,0.96,0,1,none
2026-03-13T23:24:10+00:00,api/normal,1.3,0,1,none
2026-03-13T23:24:10+00:00,api/db,8.54,0,1,none
2026-03-13T23:24:10+00:00,api/normal,2.52,0,1,none
2026-03-13T23:24:10+00:00,api/normal,3.54,0,1,none
2026-03-13T23:24:11+00:00,api/slow,1562.45,0,1,none
2026-03-13T23:24:11+00:00,api/normal,0.54,0,1,none
2026-03-13T23:24:11+00:00,api/normal,0.8,0,1,none
2026-03-13T23:24:11+00:00,api/normal,1.16,0,1,none
2026-03-13T23:24:11+00:00,api/normal,0.85,0,1,none
2026-03-13T23:24:11+00:00,api/validate,1.54,1,1,UNKNOWN
2026-03-13T23:24:12+00:00,api/normal,0.68,0,1,none
2026-03-13T23:24:12+00:00,api/normal,1.35,0,1,none
2026-03-13T23:24:17+00:00,api/slow,5002.72,0,1,TIMEOUT_ERROR
2026-03-13T23:24:17+00:00,api/normal,2.91,0,1,none
2026-03-13T23:24:17+00:00,api/normal,5.15,0,1,none
2026-03-13T23:24:17+00:00,api/normal,0.88,0,1,none
2026-03-13T23:24:18+00:00,api/slow,1221,0,1,none
2026-03-13T23:24:18+00:00,api/normal,0.61,0,1,none
2026-03-13T23:24:18+00:00,api/normal,0.6,0,1,none
2026-03-13T23:24:18+00:00,api/normal,0.61,0,1,none
2026-03-13T23:24:18+00:00,api/normal,0.56,0,1,none
2026-03-13T23:24:18+00:00,api/db,2.18,0,1,none
2026-03-13T23:24:18+00:00,api/normal,0.49,0,1,none
2026-03-13T23:24:25+00:00,api/slow,7009.66,0,1,TIMEOUT_ERROR
2026-03-13T23:24:25+00:00,api/normal,1.32,0,1,none
2026-03-13T23:24:26+00:00,api/slow,1345.95,0,1,none
2026-03-13T23:24:26+00:00,api/normal,0.67,0,1,none
2026-03-13T23:24:26+00:00,api/normal,0.67,0,1,none
2026-03-13T23:24:27+00:00,api/normal,0.73,0,1,none
2026-03-13T23:24:27+00:00,api/validate,1.97,1,1,UNKNOWN
2026-03-13T23:24:27+00:00,api/normal,0.81,0,1,none
2026-03-13T23:24:27+00:00,api/normal,0.67,0,1,none
2026-03-13T23:24:27+00:00,api/normal,0.67,0,1,none
2026-03-13T23:24:27+00:00,api/normal,0.69,0,1,none
2026-03-13T23:24:27+00:00,api/validate,1.74,1,1,UNKNOWN
2026-03-13T23:24:32+00:00,api/slow,5009.25,0,1,TIMEOUT_ERROR
2026-03-13T23:24:32+00:00,api/db,2.98,0,1,none
2026-03-13T23:24:38+00:00,api/slow,6009.84,0,1,TIMEOUT_ERROR
2026-03-13T23:24:38+00:00,api/normal,1.4,0,1,none
2026-03-13T23:24:38+00:00,api/normal,0.81,0,1,none
2026-03-13T23:24:38+00:00,api/normal,0.8,0,1,none
2026-03-13T23:24:38+00:00,api/normal,0.8,0,1,none
2026-03-13T23:24:38+00:00,api/normal,0.89,0,1,none
2026-03-13T23:24:38+00:00,api/normal,0.91,0,1,none
2026-03-13T23:24:40+00:00,api/slow,1975.34,0,1,none
2026-03-13T23:24:42+00:00,api/slow,1655.61,0,1,none
2026-03-13T23:24:42+00:00,api/normal,1.31,0,1,none
2026-03-13T23:24:42+00:00,api/normal,1.33,0,1,none
2026-03-13T23:24:43+00:00,api/slow,1650.4,0,1,none
2026-03-13T23:24:43+00:00,api/normal,0.78,0,1,none
2026-03-13T23:24:43+00:00,api/normal,0.84,0,1,none
2026-03-13T23:24:43+00:00,api/normal,1.72,0,1,none
2026-03-13T23:24:43+00:00,api/normal,0.81,0,1,none
2026-03-13T23:24:43+00:00,api/normal,0.75,0,1,none
2026-03-13T23:24:43+00:00,api/normal,0.84,0,1,none
2026-03-13T23:24:44+00:00,api/normal,0.86,0,1,none
2026-03-13T23:24:44+00:00,api/error,10.71,1,1,SYSTEM_ERROR
2026-03-13T23:24:44+00:00,api/normal,0.92,0,1,none
2026-03-13T23:24:49+00:00,api/slow,5011.18,0,1,TIMEOUT_ERROR
2026-03-13T23:24:49+00:00,api/normal,1.25,0,1,none
2026-03-13T23:24:51+00:00,api/slow,1774.53,0,1,none
2026-03-13T23:24:52+00:00,api/slow,1838.42,0,1,none
2026-03-13T23:24:52+00:00,api/normal,0.65,0,1,none
2026-03-13T23:24:52+00:00,api/normal,0.43,0,1,none
2026-03-13T23:24:52+00:00,api/normal,0.5,0,1,none
2026-03-13T23:24:52+00:00,api/normal,0.41,0,1,none
2026-03-13T23:24:53+00:00,api/normal,0.43,0,1,none
2026-03-13T23:24:53+00:00,api/normal,0.43,0,1,none
2026-03-13T23:24:53+00:00,api/normal,0.48,0,1,none
2026-03-13T23:24:53+00:00,api/db,27.34,0,1,none
2026-03-13T23:24:53+00:00,api/normal,0.4,0,1,none
2026-03-13T23:24:53+00:00,api/error,1.07,1,1,SYSTEM_ERROR
2026-03-13T23:24:53+00:00,api/error,1,1,1,SYSTEM_ERROR
2026-03-13T23:24:54+00:00,api/slow,1145.06,0,1,none
2026-03-13T23:24:54+00:00,api/normal,0.53,0,1,none
2026-03-13T23:24:54+00:00,api/normal,0.41,0,1,none
2026-03-13T23:24:54+00:00,api/normal,0.44,0,1,none
2026-03-13T23:24:54+00:00,api/normal,0.42,0,1,none
2026-03-13T23:24:56+00:00,api/slow,1706.52,0,1,none
2026-03-13T23:24:56+00:00,api/normal,0.81,0,1,none
2026-03-13T23:24:56+00:00,api/normal,0.4,0,1,none
2026-03-13T23:24:56+00:00,api/normal,0.47,0,1,none
2026-03-13T23:24:58+00:00,api/slow,1972.18,0,1,none
2026-03-13T23:24:58+00:00,api/normal,0.47,0,1,none
2026-03-13T23:24:59+00:00,api/slow,1410.91,0,1,none
2026-03-13T23:24:59+00:00,api/normal,0.72,0,1,none
2026-03-13T23:24:59+00:00,api/normal,0.42,0,1,none
2026-03-13T23:24:59+00:00,api/validate,1.37,1,1,UNKNOWN
2026-03-13T23:24:59+00:00,api/normal,0.44,0,1,none
2026-03-13T23:24:59+00:00,api/normal,0.43,0,1,none
2026-03-13T23:24:59+00:00,api/normal,0.42,0,1,none
2026-03-13T23:24:59+00:00,api/normal,0.43,0,1,none
2026-03-13T23:24:59+00:00,api/normal,0.43,0,1,none
2026-03-13T23:24:59+00:00,api/normal,0.43,0,1,none
2026-03-13T23:24:59+00:00,api/normal,0.42,0,1,none
2026-03-13T23:24:59+00:00,api/error,0.98,1,1,SYSTEM_ERROR
2026-03-13T23:24:59+00:00,api/normal,0.52,0,1,none
2026-03-13T23:25:05+00:00,api/slow,6010.34,0,1,TIMEOUT_ERROR
2026-03-13T23:25:05+00:00,api/normal,0.71,0,1,none
2026-03-13T23:25:07+00:00,api/slow,1479.88,0,1,none
2026-03-13T23:25:07+00:00,api/normal,0.41,0,1,none
2026-03-13T23:25:07+00:00,api/normal,0.52,0,1,none
2026-03-13T23:25:07+00:00,api/normal,0.79,0,1,none
2026-03-13T23:25:08+00:00,api/slow,1082.86,0,1,none
2026-03-13T23:25:08+00:00,api/normal,0.72,0,1,none
2026-03-13T23:25:08+00:00,api/error,1.16,1,1,SYSTEM_ERROR
2026-03-13T23:25:08+00:00,api/normal,0.59,0,1,none
2026-03-13T23:25:10+00:00,api/slow,1914.89,0,1,none
2026-03-13T23:25:11+00:00,api/slow,1358.02,0,1,none
2026-03-13T23:25:11+00:00,api/normal,0.73,0,1,none
2026-03-13T23:25:11+00:00,api/normal,0.52,0,1,none
2026-03-13T23:25:11+00:00,api/normal,0.49,0,1,none
2026-03-13T23:25:11+00:00,api/normal,0.47,0,1,none
2026-03-13T23:25:11+00:00,api/normal,0.45,0,1,none
2026-03-13T23:25:11+00:00,api/normal,0.49,0,1,none
2026-03-13T23:25:11+00:00,api/normal,0.45,0,1,none
2026-03-13T23:25:11+00:00,api/normal,0.47,0,1,none
2026-03-13T23:25:13+00:00,api/slow,1603.49,0,1,none
2026-03-13T23:25:13+00:00,api/error,1.19,1,1,SYSTEM_ERROR
2026-03-13T23:25:13+00:00,api/normal,0.52,0,1,none
2026-03-13T23:25:13+00:00,api/normal,0.5,0,1,none
2026-03-13T23:25:13+00:00,api/normal,0.54,0,1,none
2026-03-13T23:25:13+00:00,api/normal,0.47,0,1,none
2026-03-13T23:25:14+00:00,api/slow,1410.87,0,1,none
2026-03-13T23:25:14+00:00,api/error,1.34,1,1,SYSTEM_ERROR
2026-03-13T23:25:14+00:00,api/normal,0.44,0,1,none
2026-03-13T23:25:14+00:00,api/validate,1.11,1,1,UNKNOWN
2026-03-13T23:25:14+00:00,api/normal,0.43,0,1,none
2026-03-13T23:25:14+00:00,api/normal,0.49,0,1,none
2026-03-13T23:25:14+00:00,api/validate,1.03,1,1,UNKNOWN
2026-03-13T23:25:14+00:00,api/normal,0.43,0,1,none
2026-03-13T23:25:14+00:00,api/normal,0.42,0,1,none
2026-03-13T23:25:14+00:00,api/normal,0.46,0,1,none
2026-03-13T23:25:20+00:00,api/slow,6002.6,0,1,TIMEOUT_ERROR
2026-03-13T23:25:26+00:00,api/slow,6010.05,0,1,TIMEOUT_ERROR
2026-03-13T23:25:26+00:00,api/normal,0.78,0,1,none
2026-03-13T23:25:26+00:00,api/normal,0.46,0,1,none
2026-03-13T23:25:26+00:00,api/validate,1.37,1,1,UNKNOWN
2026-03-13T23:25:26+00:00,api/db,1.93,0,1,none
2026-03-13T23:25:26+00:00,api/normal,0.45,0,1,none
2026-03-13T23:25:26+00:00,api/normal,0.42,0,1,none
2026-03-13T23:25:28+00:00,api/slow,1751.97,0,1,none
2026-03-13T23:25:28+00:00,api/normal,0.41,0,1,none
2026-03-13T23:25:28+00:00,api/normal,0.48,0,1,none
2026-03-13T23:25:30+00:00,api/slow,1593.23,0,1,none
2026-03-13T23:25:30+00:00,api/normal,0.75,0,1,none
2026-03-13T23:25:30+00:00,api/normal,0.42,0,1,none
2026-03-13T23:25:31+00:00,api/slow,1007.41,0,1,none
2026-03-13T23:25:31+00:00,api/normal,0.48,0,1,none
2026-03-13T23:25:32+00:00,api/slow,1178.73,0,1,none
2026-03-13T23:25:32+00:00,api/normal,0.41,0,1,none
2026-03-13T23:25:32+00:00,api/normal,0.41,0,1,none
2026-03-13T23:25:32+00:00,api/normal,0.41,0,1,none
2026-03-13T23:25:32+00:00,api/normal,0.45,0,1,none
2026-03-13T23:25:32+00:00,api/normal,0.51,0,1,none
2026-03-13T23:25:32+00:00,api/normal,0.42,0,1,none
2026-03-13T23:25:38+00:00,api/slow,6010.79,0,1,TIMEOUT_ERROR
2026-03-13T23:25:38+00:00,api/normal,0.65,0,1,none
2026-03-13T23:25:38+00:00,api/normal,0.43,0,1,none
2026-03-13T23:25:40+00:00,api/slow,1990.92,0,1,none
2026-03-13T23:25:40+00:00,api/normal,0.49,0,1,none
2026-03-13T23:25:40+00:00,api/db,2.01,0,1,none
2026-03-13T23:25:40+00:00,api/normal,0.54,0,1,none
2026-03-13T23:25:41+00:00,api/slow,1137.85,0,1,none
2026-03-13T23:25:41+00:00,api/normal,0.51,0,1,none
2026-03-13T23:25:41+00:00,api/error,1.22,1,1,SYSTEM_ERROR
2026-03-13T23:25:41+00:00,api/normal,0.44,0,1,none
2026-03-13T23:25:43+00:00,api/slow,1271.54,0,1,none
2026-03-13T23:25:43+00:00,api/normal,0.45,0,1,none
2026-03-13T23:25:44+00:00,api/slow,1260.52,0,1,none
2026-03-13T23:25:44+00:00,api/normal,0.73,0,1,none
2026-03-13T23:25:44+00:00,api/error,1.29,1,1,SYSTEM_ERROR
2026-03-13T23:25:44+00:00,api/normal,0.54,0,1,none
2026-03-13T23:25:44+00:00,api/normal,0.44,0,1,none
2026-03-13T23:25:44+00:00,api/error,1.43,1,1,SYSTEM_ERROR
2026-03-13T23:25:45+00:00,api/slow,1254.99,0,1,none
2026-03-13T23:25:45+00:00,api/normal,0.41,0,1,none
2026-03-13T23:25:46+00:00,api/slow,1086.84,0,1,none
2026-03-13T23:25:46+00:00,api/normal,0.54,0,1,none
2026-03-13T23:25:46+00:00,api/normal,0.68,0,1,none
2026-03-13T23:25:46+00:00,api/normal,1.06,0,1,none
2026-03-13T23:25:46+00:00,api/normal,0.66,0,1,none
2026-03-13T23:25:46+00:00,api/normal,0.45,0,1,none
2026-03-13T23:25:46+00:00,api/normal,0.69,0,1,none
2026-03-13T23:25:46+00:00,api/validate,1.33,1,1,UNKNOWN
2026-03-13T23:25:47+00:00,api/normal,1.17,0,1,none
2026-03-13T23:25:47+00:00,api/normal,0.43,0,1,none
2026-03-13T23:25:47+00:00,api/normal,0.52,0,1,none
2026-03-13T23:25:47+00:00,api/normal,0.57,0,1,none
2026-03-13T23:25:47+00:00,api/normal,0.44,0,1,none
2026-03-13T23:25:48+00:00,api/slow,1318,0,1,none
2026-03-13T23:25:54+00:00,api/slow,6002.75,0,1,TIMEOUT_ERROR
2026-03-13T23:25:54+00:00,api/normal,1.16,0,1,none
2026-03-13T23:25:54+00:00,api/normal,0.66,0,1,none
2026-03-13T23:25:54+00:00,api/normal,0.65,0,1,none
2026-03-13T23:25:54+00:00,api/normal,0.66,0,1,none
2026-03-13T23:25:54+00:00,api/normal,0.65,0,1,none
2026-03-13T23:25:54+00:00,api/db,3.11,0,1,none
2026-03-13T23:25:54+00:00,api/normal,0.81,0,1,none
2026-03-13T23:25:54+00:00,api/normal,0.65,0,1,none
2026-03-13T23:25:54+00:00,api/normal,0.73,0,1,none
2026-03-13T23:25:54+00:00,api/normal,0.77,0,1,none
2026-03-13T23:26:00+00:00,api/slow,6006.31,0,1,TIMEOUT_ERROR
2026-03-13T23:26:00+00:00,api/normal,1.46,0,1,none
2026-03-13T23:26:00+00:00,api/error,2.04,1,1,SYSTEM_ERROR
2026-03-13T23:26:00+00:00,api/normal,0.67,0,1,none
2026-03-13T23:26:02+00:00,api/slow,1885.6,0,1,none
2026-03-13T23:26:02+00:00,api/normal,0.67,0,1,none
2026-03-13T23:26:02+00:00,api/normal,0.65,0,1,none
2026-03-13T23:26:04+00:00,api/slow,1888.89,0,1,none
2026-03-13T23:26:04+00:00,api/normal,1.13,0,1,none
2026-03-13T23:26:04+00:00,api/normal,0.67,0,1,none
2026-03-13T23:26:04+00:00,api/normal,0.65,0,1,none
2026-03-13T23:26:04+00:00,api/validate,3.51,1,1,UNKNOWN
2026-03-13T23:26:04+00:00,api/normal,0.65,0,1,none
2026-03-13T23:26:04+00:00,api/normal,0.65,0,1,none
2026-03-13T23:26:04+00:00,api/normal,0.66,0,1,none
2026-03-13T23:26:04+00:00,api/normal,0.67,0,1,none
2026-03-13T23:26:04+00:00,api/error,0.95,1,1,SYSTEM_ERROR
2026-03-13T23:26:04+00:00,api/normal,0.65,0,1,none
2026-03-13T23:26:05+00:00,api/slow,1018.08,0,1,none
2026-03-13T23:26:05+00:00,api/normal,0.76,0,1,none
2026-03-13T23:26:05+00:00,api/normal,0.76,0,1,none
2026-03-13T23:26:05+00:00,api/normal,0.65,0,1,none
2026-03-13T23:26:07+00:00,api/slow,1569.85,0,1,none
2026-03-13T23:26:08+00:00,api/slow,1036.18,0,1,none
2026-03-13T23:26:08+00:00,api/normal,0.65,0,1,none
2026-03-13T23:26:08+00:00,api/normal,0.66,0,1,none
2026-03-13T23:26:08+00:00,api/normal,0.74,0,1,none
2026-03-13T23:26:08+00:00,api/normal,0.66,0,1,none
2026-03-13T23:26:08+00:00,api/normal,0.64,0,1,none
2026-03-13T23:26:08+00:00,api/normal,0.67,0,1,none
2026-03-13T23:26:08+00:00,api/normal,0.66,0,1,none
2026-03-13T23:26:08+00:00,api/normal,0.66,0,1,none
2026-03-13T23:26:08+00:00,api/normal,0.65,0,1,none
2026-03-13T23:26:08+00:00,api/normal,0.69,0,1,none
2026-03-13T23:26:08+00:00,api/normal,0.65,0,1,none
2026-03-13T23:26:08+00:00,api/normal,0.68,0,1,none
2026-03-13T23:26:08+00:00,api/normal,0.67,0,1,none
2026-03-13T23:26:08+00:00,api/normal,0.67,0,1,none
2026-03-13T23:26:08+00:00,api/normal,0.68,0,1,none
2026-03-13T23:26:08+00:00,api/normal,0.69,0,1,none
2026-03-13T23:26:08+00:00,api/error,1.95,1,1,SYSTEM_ERROR
2026-03-13T23:26:08+00:00,api/normal,0.87,0,1,none
2026-03-13T23:26:08+00:00,api/normal,5.4,0,1,none
2026-03-13T23:26:10+00:00,api/slow,1341.23,0,1,none
2026-03-13T23:26:10+00:00,api/normal,1.15,0,1,none
2026-03-13T23:26:10+00:00,api/normal,0.66,0,1,none
2026-03-13T23:26:10+00:00,api/normal,0.68,0,1,none
2026-03-13T23:26:10+00:00,api/normal,0.68,0,1,none
2026-03-13T23:26:10+00:00,api/normal,0.67,0,1,none
2026-03-13T23:26:12+00:00,api/slow,1889.77,0,1,none
2026-03-13T23:26:12+00:00,api/db,3.28,0,1,none
2026-03-13T23:26:12+00:00,api/normal,0.65,0,1,none
2026-03-13T23:26:12+00:00,api/normal,0.65,0,1,none
2026-03-13T23:26:13+00:00,api/slow,1416.68,0,1,none
2026-03-13T23:26:13+00:00,api/normal,1.3,0,1,none
2026-03-13T23:26:15+00:00,api/slow,2006.15,0,1,none
2026-03-13T23:26:15+00:00,api/normal,0.69,0,1,none
2026-03-13T23:26:15+00:00,api/normal,0.79,0,1,none
2026-03-13T23:26:15+00:00,api/normal,0.73,0,1,none
2026-03-13T23:26:15+00:00,api/normal,0.74,0,1,none
2026-03-13T23:26:15+00:00,api/normal,0.81,0,1,none
2026-03-13T23:26:15+00:00,api/error,2.07,1,1,SYSTEM_ERROR
2026-03-13T23:26:15+00:00,api/normal,0.71,0,1,none
2026-03-13T23:26:15+00:00,api/normal,1.74,0,1,none
2026-03-13T23:26:15+00:00,api/normal,0.79,0,1,none
2026-03-13T23:26:20+00:00,api/slow,5006.61,0,1,TIMEOUT_ERROR
2026-03-13T23:26:26+00:00,api/slow,5012.75,0,1,TIMEOUT_ERROR
2026-03-13T23:26:26+00:00,api/error,2.53,1,1,SYSTEM_ERROR
2026-03-13T23:26:26+00:00,api/normal,0.67,0,1,none
2026-03-13T23:26:26+00:00,api/normal,0.65,0,1,none
2026-03-13T23:26:26+00:00,api/normal,0.65,0,1,none
2026-03-13T23:26:26+00:00,api/normal,0.73,0,1,none
2026-03-13T23:26:26+00:00,api/normal,0.67,0,1,none
2026-03-13T23:26:27+00:00,api/slow,1357.97,0,1,none
2026-03-13T23:26:27+00:00,api/normal,0.66,0,1,none
2026-03-13T23:26:27+00:00,api/normal,0.7,0,1,none
2026-03-13T23:26:27+00:00,api/normal,0.8,0,1,none
2026-03-13T23:26:27+00:00,api/validate,1.54,1,1,UNKNOWN
2026-03-13T23:26:29+00:00,api/slow,1541.03,0,1,none
2026-03-13T23:26:29+00:00,api/normal,1.3,0,1,none
2026-03-13T23:26:29+00:00,api/normal,0.67,0,1,none
2026-03-13T23:26:29+00:00,api/normal,0.8,0,1,none
2026-03-13T23:26:29+00:00,api/normal,0.69,0,1,none
2026-03-13T23:26:30+00:00,api/slow,1537.26,0,1,none
2026-03-13T23:26:30+00:00,api/normal,0.65,0,1,none
2026-03-13T23:26:30+00:00,api/normal,0.64,0,1,none
2026-03-13T23:26:30+00:00,api/normal,0.78,0,1,none
2026-03-13T23:26:30+00:00,api/normal,0.64,0,1,none
2026-03-13T23:26:32+00:00,api/slow,1842.86,0,1,none
2026-03-13T23:26:32+00:00,api/error,2.66,1,1,SYSTEM_ERROR
2026-03-13T23:26:34+00:00,api/slow,1405.49,0,1,none
2026-03-13T23:26:34+00:00,api/normal,0.69,0,1,none
2026-03-13T23:26:34+00:00,api/normal,0.67,0,1,none
2026-03-13T23:26:34+00:00,api/normal,0.65,0,1,none
2026-03-13T23:26:34+00:00,api/db,2.88,0,1,none
2026-03-13T23:26:34+00:00,api/normal,0.66,0,1,none
2026-03-13T23:26:34+00:00,api/normal,0.67,0,1,none
2026-03-13T23:26:34+00:00,api/normal,0.75,0,1,none
2026-03-13T23:26:34+00:00,api/normal,0.66,0,1,none
2026-03-13T23:26:34+00:00,api/normal,0.64,0,1,none
2026-03-13T23:26:34+00:00,api/normal,0.67,0,1,none
2026-03-13T23:26:34+00:00,api/normal,0.65,0,1,none
2026-03-13T23:26:34+00:00,api/normal,0.66,0,1,none
2026-03-13T23:26:34+00:00,api/normal,0.66,0,1,none
2026-03-13T23:26:34+00:00,api/normal,0.7,0,1,none
2026-03-13T23:26:36+00:00,api/slow,1602.16,0,1,none
2026-03-13T23:26:36+00:00,api/normal,1.16,0,1,none
2026-03-13T23:26:36+00:00,api/error,1.86,1,1,SYSTEM_ERROR
2026-03-13T23:26:36+00:00,api/normal,0.67,0,1,none
2026-03-13T23:26:36+00:00,api/normal,0.67,0,1,none
2026-03-13T23:26:36+00:00,api/normal,0.65,0,1,none
2026-03-13T23:26:36+00:00,api/normal,0.67,0,1,none
2026-03-13T23:26:36+00:00,api/validate,1.75,1,1,UNKNOWN
2026-03-13T23:26:38+00:00,api/slow,1887.75,0,1,none
2026-03-13T23:26:38+00:00,api/normal,0.68,0,1,none
2026-03-13T23:26:38+00:00,api/normal,0.65,0,1,none
2026-03-13T23:26:38+00:00,api/normal,0.64,0,1,none
2026-03-13T23:26:38+00:00,api/normal,0.65,0,1,none
2026-03-13T23:26:38+00:00,api/normal,0.65,0,1,none
2026-03-13T23:26:38+00:00,api/normal,0.67,0,1,none
2026-03-13T23:26:38+00:00,api/error,1.54,1,1,SYSTEM_ERROR
2026-03-13T23:26:38+00:00,api/normal,0.65,0,1,none
2026-03-13T23:26:38+00:00,api/normal,0.71,0,1,none
2026-03-13T23:26:38+00:00,api/normal,0.69,0,1,none
2026-03-13T23:26:38+00:00,api/normal,0.66,0,1,none
2026-03-13T23:26:38+00:00,api/normal,0.69,0,1,none
2026-03-13T23:26:39+00:00,api/slow,1704.71,0,1,none
2026-03-13T23:26:41+00:00,api/slow,1730.05,0,1,none
2026-03-13T23:26:43+00:00,api/slow,1326.08,0,1,none
2026-03-13T23:26:44+00:00,api/slow,1100.82,0,1,none
2026-03-13T23:26:44+00:00,api/normal,0.81,0,1,none
2026-03-13T23:26:49+00:00,api/slow,5001.82,0,1,TIMEOUT_ERROR
2026-03-13T23:26:49+00:00,api/normal,1.19,0,1,none
2026-03-13T23:26:49+00:00,api/normal,0.75,0,1,none
2026-03-13T23:26:49+00:00,api/normal,0.73,0,1,none
2026-03-13T23:26:49+00:00,api/error,2.05,1,1,SYSTEM_ERROR
2026-03-13T23:26:49+00:00,api/normal,0.71,0,1,none
2026-03-13T23:26:49+00:00,api/normal,0.87,0,1,none
2026-03-13T23:26:49+00:00,api/normal,0.7,0,1,none
2026-03-13T23:26:49+00:00,api/error,1.56,1,1,SYSTEM_ERROR
2026-03-13T23:26:49+00:00,api/normal,0.65,0,1,none
2026-03-13T23:26:49+00:00,api/normal,0.81,0,1,none
2026-03-13T23:26:49+00:00,api/normal,0.67,0,1,none
2026-03-13T23:26:49+00:00,api/normal,0.67,0,1,none
2026-03-13T23:26:49+00:00,api/db,3.14,0,1,none
2026-03-13T23:26:49+00:00,api/normal,0.68,0,1,none
2026-03-13T23:26:51+00:00,api/slow,1739.75,0,1,none
2026-03-13T23:26:51+00:00,api/normal,0.66,0,1,none
2026-03-13T23:26:51+00:00,api/normal,0.66,0,1,none
2026-03-13T23:26:51+00:00,api/normal,0.69,0,1,none
2026-03-13T23:26:51+00:00,api/normal,0.67,0,1,none
2026-03-13T23:26:51+00:00,api/normal,0.66,0,1,none
2026-03-13T23:26:52+00:00,api/slow,1510.75,0,1,none
2026-03-13T23:26:52+00:00,api/normal,1.24,0,1,none
2026-03-13T23:26:54+00:00,api/slow,1259.88,0,1,none
2026-03-13T23:26:54+00:00,api/normal,0.71,0,1,none
2026-03-13T23:26:54+00:00,api/normal,0.76,0,1,none
2026-03-13T23:26:54+00:00,api/normal,0.68,0,1,none
2026-03-13T23:26:59+00:00,api/slow,5005.69,0,1,TIMEOUT_ERROR
2026-03-13T23:26:59+00:00,api/error,2.82,1,1,SYSTEM_ERROR
2026-03-13T23:26:59+00:00,api/error,2,1,1,SYSTEM_ERROR
2026-03-13T23:26:59+00:00,api/normal,0.68,0,1,none
2026-03-13T23:26:59+00:00,api/normal,1.08,0,1,none
2026-03-13T23:26:59+00:00,api/normal,0.75,0,1,none
2026-03-13T23:26:59+00:00,api/normal,0.81,0,1,none
2026-03-13T23:26:59+00:00,api/normal,0.79,0,1,none
2026-03-13T23:26:59+00:00,api/db,2.32,0,1,none
2026-03-13T23:26:59+00:00,api/normal,0.66,0,1,none
2026-03-13T23:26:59+00:00,api/normal,0.67,0,1,none
2026-03-13T23:26:59+00:00,api/error,1.55,1,1,SYSTEM_ERROR
2026-03-13T23:26:59+00:00,api/normal,0.67,0,1,none
2026-03-13T23:27:01+00:00,api/slow,1901.74,0,1,none
2026-03-13T23:27:01+00:00,api/normal,0.69,0,1,none
2026-03-13T23:27:03+00:00,api/slow,1755.84,0,1,none
2026-03-13T23:27:03+00:00,api/normal,1.29,0,1,none
2026-03-13T23:27:03+00:00,api/normal,0.98,0,1,none
2026-03-13T23:27:03+00:00,api/normal,0.8,0,1,none
2026-03-13T23:27:03+00:00,api/normal,0.95,0,1,none
2026-03-13T23:27:04+00:00,api/slow,1035.73,0,1,none
2026-03-13T23:27:04+00:00,api/normal,0.67,0,1,none
2026-03-13T23:27:04+00:00,api/normal,0.67,0,1,none
2026-03-13T23:27:06+00:00,api/slow,1988.26,0,1,none
2026-03-13T23:27:06+00:00,api/normal,1.16,0,1,none
2026-03-13T23:27:06+00:00,api/normal,0.64,0,1,none
2026-03-13T23:27:06+00:00,api/normal,0.69,0,1,none
2026-03-13T23:27:06+00:00,api/normal,0.85,0,1,none
2026-03-13T23:27:07+00:00,api/slow,1367.92,0,1,none
2026-03-13T23:27:08+00:00,api/slow,1077.57,0,1,none
2026-03-13T23:27:08+00:00,api/normal,0.76,0,1,none
2026-03-13T23:27:08+00:00,api/normal,0.76,0,1,none
2026-03-13T23:27:16+00:00,api/slow,7007.04,0,1,TIMEOUT_ERROR
2026-03-13T23:27:16+00:00,api/normal,1.17,0,1,none
2026-03-13T23:27:23+00:00,api/slow,7005.91,0,1,TIMEOUT_ERROR
2026-03-13T23:27:28+00:00,api/slow,5008.91,0,1,TIMEOUT_ERROR
2026-03-13T23:27:29+00:00,api/slow,1486.58,0,1,none
2026-03-13T23:27:29+00:00,api/normal,0.66,0,1,none
2026-03-13T23:27:31+00:00,api/slow,1678.13,0,1,none
2026-03-13T23:27:31+00:00,api/normal,1.14,0,1,none
2026-03-13T23:27:33+00:00,api/slow,1886.41,0,1,none
2026-03-13T23:27:33+00:00,api/validate,1.85,1,1,UNKNOWN
2026-03-13T23:27:33+00:00,api/normal,0.64,0,1,none
2026-03-13T23:27:33+00:00,api/normal,0.71,0,1,none
2026-03-13T23:27:33+00:00,api/normal,0.68,0,1,none
2026-03-13T23:27:33+00:00,api/normal,0.75,0,1,none
2026-03-13T23:27:33+00:00,api/normal,0.69,0,1,none
2026-03-13T23:27:33+00:00,api/validate,1.72,1,1,UNKNOWN
2026-03-13T23:27:33+00:00,api/normal,0.7,0,1,none
2026-03-13T23:27:38+00:00,api/slow,5002.45,0,1,TIMEOUT_ERROR
2026-03-13T23:27:44+00:00,api/slow,5914.07,0,1,TIMEOUT_ERROR
2026-03-13T23:27:44+00:00,api/normal,1.38,0,1,none
2026-03-13T23:27:45+00:00,api/slow,1193.72,0,1,none
2026-03-13T23:27:45+00:00,api/normal,0.66,0,1,none
2026-03-13T23:27:45+00:00,api/normal,0.66,0,1,none
2026-03-13T23:27:47+00:00,api/slow,1770.05,0,1,none
2026-03-13T23:27:47+00:00,api/normal,1.25,0,1,none
2026-03-13T23:27:47+00:00,api/normal,0.7,0,1,none
2026-03-13T23:27:49+00:00,api/slow,1960.84,0,1,none
2026-03-13T23:27:49+00:00,api/normal,0.68,0,1,none
2026-03-13T23:27:49+00:00,api/normal,0.66,0,1,none
2026-03-13T23:27:49+00:00,api/normal,0.65,0,1,none
2026-03-13T23:27:49+00:00,api/normal,0.68,0,1,none
2026-03-13T23:27:49+00:00,api/normal,0.65,0,1,none
2026-03-13T23:27:55+00:00,api/slow,6016.17,0,1,TIMEOUT_ERROR
2026-03-13T23:27:57+00:00,api/slow,1488.18,0,1,none
2026-03-13T23:27:57+00:00,api/normal,0.65,0,1,none
2026-03-13T23:27:57+00:00,api/normal,0.74,0,1,none
2026-03-13T23:27:57+00:00,api/normal,0.66,0,1,none
2026-03-13T23:27:57+00:00,api/db,25.7,0,1,none
2026-03-13T23:27:57+00:00,api/normal,0.65,0,1,none
2026-03-13T23:27:57+00:00,api/normal,0.66,0,1,none
2026-03-13T23:27:57+00:00,api/normal,0.68,0,1,none
2026-03-13T23:27:57+00:00,api/normal,0.67,0,1,none
2026-03-13T23:27:57+00:00,api/normal,0.69,0,1,none
2026-03-13T23:27:57+00:00,api/normal,0.77,0,1,none
2026-03-13T23:27:57+00:00,api/normal,0.72,0,1,none
2026-03-13T23:27:57+00:00,api/normal,0.64,0,1,none
2026-03-13T23:27:57+00:00,api/normal,0.65,0,1,none
2026-03-13T23:28:02+00:00,api/slow,5003.44,0,1,TIMEOUT_ERROR
2026-03-13T23:28:02+00:00,api/normal,1.37,0,1,none
2026-03-13T23:28:04+00:00,api/slow,1876.31,0,1,none
2026-03-13T23:28:04+00:00,api/normal,0.69,0,1,none
2026-03-13T23:28:04+00:00,api/normal,0.73,0,1,none
2026-03-13T23:28:05+00:00,api/slow,1568.64,0,1,none
2026-03-13T23:28:06+00:00,api/normal,1.23,0,1,none
2026-03-13T23:28:06+00:00,api/normal,0.65,0,1,none
2026-03-13T23:28:07+00:00,api/slow,1947.16,0,1,none
2026-03-13T23:28:07+00:00,api/normal,0.65,0,1,none
2026-03-13T23:28:08+00:00,api/error,4.37,1,1,SYSTEM_ERROR
2026-03-13T23:28:08+00:00,api/normal,0.68,0,1,none
2026-03-13T23:28:08+00:00,api/normal,0.65,0,1,none
2026-03-13T23:28:08+00:00,api/normal,0.67,0,1,none
2026-03-13T23:28:09+00:00,api/slow,1682,0,1,none
2026-03-13T23:28:09+00:00,api/normal,0.66,0,1,none
2026-03-13T23:28:09+00:00,api/normal,0.65,0,1,none
2026-03-13T23:28:11+00:00,api/slow,1989.59,0,1,none
2026-03-13T23:28:11+00:00,api/normal,2.59,0,1,none
2026-03-13T23:28:11+00:00,api/normal,0.67,0,1,none
2026-03-13T23:28:18+00:00,api/slow,7013.76,0,1,TIMEOUT_ERROR
2026-03-13T23:28:20+00:00,api/slow,1376.21,0,1,none
2026-03-13T23:28:20+00:00,api/normal,0.71,0,1,none
2026-03-13T23:28:20+00:00,api/normal,0.77,0,1,none
2026-03-13T23:28:20+00:00,api/normal,0.77,0,1,none
2026-03-13T23:28:20+00:00,api/normal,0.75,0,1,none
2026-03-13T23:28:20+00:00,api/normal,0.76,0,1,none
2026-03-13T23:28:20+00:00,api/normal,0.81,0,1,none
2026-03-13T23:28:20+00:00,api/normal,0.78,0,1,none
2026-03-13T23:28:20+00:00,api/normal,0.72,0,1,none
2026-03-13T23:28:20+00:00,api/normal,0.76,0,1,none
2026-03-13T23:28:21+00:00,api/slow,1434.03,0,1,none
2026-03-13T23:28:21+00:00,api/normal,1.28,0,1,none
2026-03-13T23:28:22+00:00,api/normal,0.76,0,1,none
2026-03-13T23:28:23+00:00,api/slow,1689.75,0,1,none
2026-03-13T23:28:28+00:00,api/slow,5004.45,0,1,TIMEOUT_ERROR
2026-03-13T23:28:28+00:00,api/normal,1.26,0,1,none
2026-03-13T23:28:28+00:00,api/normal,0.69,0,1,none
2026-03-13T23:28:35+00:00,api/slow,7003.59,0,1,TIMEOUT_ERROR
2026-03-13T23:28:35+00:00,api/error,2.64,1,1,SYSTEM_ERROR
2026-03-13T23:28:35+00:00,api/normal,0.65,0,1,none
2026-03-13T23:28:35+00:00,api/normal,0.65,0,1,none
2026-03-13T23:28:35+00:00,api/normal,0.68,0,1,none
2026-03-13T23:28:37+00:00,api/slow,1286.27,0,1,none
2026-03-13T23:28:37+00:00,api/error,1.79,1,1,SYSTEM_ERROR
2026-03-13T23:28:37+00:00,api/normal,0.68,0,1,none
2026-03-13T23:28:38+00:00,api/slow,1116.5,0,1,none
2026-03-13T23:28:38+00:00,api/normal,1.45,0,1,none
2026-03-13T23:28:38+00:00,api/normal,0.66,0,1,none
2026-03-13T23:28:39+00:00,api/slow,1436.19,0,1,none
2026-03-13T23:28:39+00:00,api/normal,0.7,0,1,none
2026-03-13T23:28:39+00:00,api/normal,0.66,0,1,none
2026-03-13T23:28:39+00:00,api/normal,0.79,0,1,none
2026-03-13T23:28:39+00:00,api/normal,0.66,0,1,none
2026-03-13T23:28:41+00:00,api/slow,1531.51,0,1,none
2026-03-13T23:28:42+00:00,api/slow,1396.12,0,1,none
2026-03-13T23:28:42+00:00,api/normal,0.68,0,1,none
2026-03-13T23:28:42+00:00,api/normal,0.65,0,1,none
2026-03-13T23:28:44+00:00,api/slow,1825.46,0,1,none
2026-03-13T23:28:44+00:00,api/normal,1.18,0,1,none
2026-03-13T23:28:44+00:00,api/normal,0.74,0,1,none
2026-03-13T23:28:44+00:00,api/normal,0.66,0,1,none
2026-03-13T23:28:44+00:00,api/normal,0.87,0,1,none
2026-03-13T23:28:44+00:00,api/normal,0.93,0,1,none
2026-03-13T23:28:44+00:00,api/normal,0.89,0,1,none
2026-03-13T23:28:44+00:00,api/normal,0.71,0,1,none
2026-03-13T23:28:44+00:00,api/db,3.05,0,1,none
2026-03-13T23:28:44+00:00,api/normal,0.69,0,1,none
2026-03-13T23:28:44+00:00,api/normal,0.64,0,1,none
2026-03-13T23:28:44+00:00,api/normal,0.72,0,1,none
2026-03-13T23:28:45+00:00,api/normal,0.66,0,1,none
2026-03-13T23:28:45+00:00,api/normal,0.83,0,1,none
2026-03-13T23:28:45+00:00,api/normal,0.67,0,1,none
2026-03-13T23:28:45+00:00,api/normal,0.65,0,1,none
2026-03-13T23:28:45+00:00,api/normal,0.67,0,1,none
2026-03-13T23:28:46+00:00,api/slow,1140.91,0,1,none
2026-03-13T23:28:46+00:00,api/normal,0.67,0,1,none
2026-03-13T23:28:46+00:00,api/normal,0.65,0,1,none
2026-03-13T23:28:46+00:00,api/normal,0.67,0,1,none
2026-03-13T23:28:46+00:00,api/normal,0.66,0,1,none
2026-03-13T23:28:46+00:00,api/error,1.95,1,1,SYSTEM_ERROR
2026-03-13T23:28:46+00:00,api/normal,0.65,0,1,none
2026-03-13T23:28:46+00:00,api/db,2.32,0,1,none
2026-03-13T23:28:46+00:00,api/normal,0.65,0,1,none
2026-03-13T23:28:46+00:00,api/normal,0.67,0,1,none
2026-03-13T23:28:46+00:00,api/normal,0.69,0,1,none
2026-03-13T23:28:46+00:00,api/normal,0.75,0,1,none
2026-03-13T23:28:46+00:00,api/normal,0.64,0,1,none
2026-03-13T23:28:46+00:00,api/normal,0.65,0,1,none
2026-03-13T23:28:46+00:00,api/db,2.72,0,1,none
2026-03-13T23:28:46+00:00,api/normal,0.66,0,1,none
2026-03-13T23:28:46+00:00,api/normal,0.93,0,1,none
2026-03-13T23:28:53+00:00,api/slow,7007.38,0,1,TIMEOUT_ERROR
2026-03-13T23:28:58+00:00,api/slow,5017.5,0,1,TIMEOUT_ERROR
2026-03-13T23:28:58+00:00,api/normal,1.44,0,1,none
2026-03-13T23:28:58+00:00,api/error,2.08,1,1,SYSTEM_ERROR
2026-03-13T23:28:58+00:00,api/normal,0.77,0,1,none
2026-03-13T23:28:58+00:00,api/normal,0.76,0,1,none
2026-03-13T23:28:58+00:00,api/error,1.69,1,1,SYSTEM_ERROR
2026-03-13T23:28:58+00:00,api/normal,0.7,0,1,none
2026-03-13T23:28:59+00:00,api/slow,1131.42,0,1,none
2026-03-13T23:29:01+00:00,api/slow,1818.85,0,1,none
2026-03-13T23:29:01+00:00,api/normal,0.67,0,1,none
2026-03-13T23:29:01+00:00,api/normal,0.74,0,1,none
2026-03-13T23:29:01+00:00,api/normal,0.81,0,1,none
2026-03-13T23:29:01+00:00,api/normal,0.68,0,1,none
2026-03-13T23:29:08+00:00,api/slow,7009.74,0,1,TIMEOUT_ERROR
2026-03-13T23:29:08+00:00,api/normal,1.36,0,1,none
2026-03-13T23:29:08+00:00,api/normal,0.65,0,1,none
2026-03-13T23:29:08+00:00,api/normal,0.64,0,1,none
2026-03-13T23:29:08+00:00,api/normal,0.64,0,1,none
2026-03-13T23:29:10+00:00,api/slow,1875.49,0,1,none
2026-03-13T23:29:10+00:00,api/normal,0.68,0,1,none
2026-03-13T23:29:10+00:00,api/normal,0.74,0,1,none
2026-03-13T23:29:10+00:00,api/normal,0.69,0,1,none
2026-03-13T23:29:10+00:00,api/normal,0.69,0,1,none
2026-03-13T23:29:10+00:00,api/normal,0.93,0,1,none
2026-03-13T23:29:10+00:00,api/db,2.86,0,1,none
2026-03-13T23:29:10+00:00,api/normal,0.82,0,1,none
2026-03-13T23:29:10+00:00,api/normal,0.64,0,1,none
2026-03-13T23:29:10+00:00,api/normal,0.69,0,1,none
2026-03-13T23:29:10+00:00,api/normal,0.65,0,1,none
2026-03-13T23:29:10+00:00,api/normal,0.73,0,1,none
2026-03-13T23:29:10+00:00,api/normal,0.66,0,1,none
2026-03-13T23:29:10+00:00,api/normal,0.65,0,1,none
2026-03-13T23:29:16+00:00,api/slow,5002.8,0,1,TIMEOUT_ERROR
2026-03-13T23:29:21+00:00,api/slow,5012.02,0,1,TIMEOUT_ERROR
2026-03-13T23:29:21+00:00,api/normal,1.16,0,1,none
2026-03-13T23:29:21+00:00,api/normal,0.67,0,1,none
2026-03-13T23:29:21+00:00,api/normal,0.65,0,1,none
2026-03-13T23:29:21+00:00,api/normal,0.66,0,1,none
2026-03-13T23:29:21+00:00,api/normal,0.69,0,1,none
2026-03-13T23:29:21+00:00,api/normal,0.66,0,1,none
2026-03-13T23:29:21+00:00,api/normal,0.7,0,1,none
2026-03-13T23:29:21+00:00,api/normal,0.85,0,1,none
2026-03-13T23:29:21+00:00,api/normal,0.75,0,1,none
2026-03-13T23:29:21+00:00,api/normal,1.3,0,1,none
2026-03-13T23:29:21+00:00,api/error,2.42,1,1,SYSTEM_ERROR
2026-03-13T23:29:21+00:00,api/normal,0.72,0,1,none
2026-03-13T23:29:21+00:00,api/normal,0.69,0,1,none
2026-03-13T23:29:21+00:00,api/error,1.56,1,1,SYSTEM_ERROR
2026-03-13T23:29:21+00:00,api/normal,0.76,0,1,none
2026-03-13T23:29:21+00:00,api/normal,0.65,0,1,none
2026-03-13T23:29:21+00:00,api/normal,0.65,0,1,none
2026-03-13T23:29:21+00:00,api/normal,0.67,0,1,none
2026-03-13T23:29:27+00:00,api/slow,6008.26,0,1,TIMEOUT_ERROR
2026-03-13T23:29:27+00:00,api/normal,1.17,0,1,none
2026-03-13T23:29:27+00:00,api/normal,0.64,0,1,none
2026-03-13T23:29:27+00:00,api/normal,0.66,0,1,none
2026-03-13T23:29:27+00:00,api/normal,0.73,0,1,none
2026-03-13T23:29:29+00:00,api/slow,1537.61,0,1,none
2026-03-13T23:29:35+00:00,api/slow,6009.44,0,1,TIMEOUT_ERROR
2026-03-13T23:29:35+00:00,api/normal,5.06,0,1,none
2026-03-13T23:29:35+00:00,api/normal,0.76,0,1,none
2026-03-13T23:29:35+00:00,api/normal,0.8,0,1,none
2026-03-13T23:29:35+00:00,api/normal,0.69,0,1,none
2026-03-13T23:29:36+00:00,api/slow,1352.19,0,1,none
2026-03-13T23:29:43+00:00,api/slow,7005.2,0,1,TIMEOUT_ERROR
2026-03-13T23:29:43+00:00,api/normal,1.15,0,1,none
2026-03-13T23:29:43+00:00,api/normal,0.69,0,1,none
2026-03-13T23:29:43+00:00,api/normal,0.65,0,1,none
2026-03-13T23:29:43+00:00,api/normal,1.22,0,1,none
2026-03-13T23:29:43+00:00,api/db,3.04,0,1,none
2026-03-13T23:29:43+00:00,api/normal,0.65,0,1,none
2026-03-13T23:29:44+00:00,api/slow,1147.72,0,1,none
2026-03-13T23:29:44+00:00,api/normal,0.65,0,1,none
2026-03-13T23:29:44+00:00,api/normal,0.67,0,1,none
2026-03-13T23:29:44+00:00,api/normal,0.67,0,1,none
2026-03-13T23:29:44+00:00,api/normal,0.67,0,1,none
2026-03-13T23:29:45+00:00,api/normal,0.76,0,1,none
2026-03-13T23:29:45+00:00,api/normal,0.65,0,1,none
2026-03-13T23:29:45+00:00,api/db,2.79,0,1,none
2026-03-13T23:29:45+00:00,api/normal,0.67,0,1,none
2026-03-13T23:29:46+00:00,api/slow,1564.65,0,1,none
2026-03-13T23:29:46+00:00,api/normal,1.14,0,1,none
2026-03-13T23:29:46+00:00,api/error,1.81,1,1,SYSTEM_ERROR
2026-03-13T23:29:46+00:00,api/normal,0.65,0,1,none
2026-03-13T23:29:47+00:00,api/slow,1244.93,0,1,none
2026-03-13T23:29:47+00:00,api/normal,0.7,0,1,none
2026-03-13T23:29:48+00:00,api/normal,0.68,0,1,none
2026-03-13T23:29:48+00:00,api/normal,0.65,0,1,none
2026-03-13T23:29:48+00:00,api/normal,0.67,0,1,none
2026-03-13T23:29:48+00:00,api/normal,0.66,0,1,none
2026-03-13T23:29:48+00:00,api/normal,0.66,0,1,none
2026-03-13T23:29:49+00:00,api/slow,1860.34,0,1,none
2026-03-13T23:29:51+00:00,api/slow,1998.57,0,1,none
2026-03-13T23:29:53+00:00,api/slow,1753.72,0,1,none
2026-03-13T23:29:53+00:00,api/normal,1.12,0,1,none
2026-03-13T23:29:55+00:00,api/slow,1920.87,0,1,none
2026-03-13T23:29:55+00:00,api/normal,0.65,0,1,none
2026-03-13T23:29:55+00:00,api/normal,0.65,0,1,none
2026-03-13T23:29:57+00:00,api/slow,1530.38,0,1,none
2026-03-13T23:29:57+00:00,api/normal,1.14,0,1,none
2026-03-13T23:29:57+00:00,api/normal,0.65,0,1,none
2026-03-13T23:29:57+00:00,api/normal,0.65,0,1,none
2026-03-13T23:29:57+00:00,api/normal,0.65,0,1,none
2026-03-13T23:29:57+00:00,api/normal,0.71,0,1,none
2026-03-13T23:29:57+00:00,api/normal,0.68,0,1,none
2026-03-13T23:29:57+00:00,api/normal,0.78,0,1,none
2026-03-13T23:29:57+00:00,api/normal,0.65,0,1,none
2026-03-13T23:29:57+00:00,api/normal,0.65,0,1,none
2026-03-13T23:29:57+00:00,api/normal,0.73,0,1,none
2026-03-13T23:30:04+00:00,api/slow,7010.13,0,1,TIMEOUT_ERROR
2026-03-13T23:30:04+00:00,api/normal,1.47,0,1,none
2026-03-13T23:30:04+00:00,api/normal,0.72,0,1,none
2026-03-13T23:30:04+00:00,api/normal,0.88,0,1,none
2026-03-13T23:30:04+00:00,api/normal,0.81,0,1,none
2026-03-13T23:30:06+00:00,api/slow,1874.51,0,1,none
2026-03-13T23:30:06+00:00,api/normal,0.74,0,1,none
2026-03-13T23:30:07+00:00,api/slow,1233.52,0,1,none
2026-03-13T23:30:07+00:00,api/normal,1.22,0,1,none
2026-03-13T23:30:09+00:00,api/slow,1645.97,0,1,none
2026-03-13T23:30:09+00:00,api/normal,0.68,0,1,none
2026-03-13T23:30:11+00:00,api/slow,1715.97,0,1,none
2026-03-13T23:30:11+00:00,api/normal,1.3,0,1,none
2026-03-13T23:30:13+00:00,api/slow,1938.98,0,1,none
2026-03-13T23:30:13+00:00,api/normal,0.79,0,1,none
2026-03-13T23:30:13+00:00,api/normal,0.67,0,1,none
2026-03-13T23:30:13+00:00,api/error,3.55,1,1,SYSTEM_ERROR
2026-03-13T23:30:13+00:00,api/normal,0.66,0,1,none
2026-03-13T23:30:13+00:00,api/normal,0.66,0,1,none
2026-03-13T23:30:13+00:00,api/normal,0.67,0,1,none
2026-03-13T23:30:13+00:00,api/error,2.08,1,1,SYSTEM_ERROR
2026-03-13T23:30:13+00:00,api/normal,0.7,0,1,none
2026-03-13T23:30:13+00:00,api/normal,0.67,0,1,none
2026-03-13T23:30:13+00:00,api/db,2.39,0,1,none
2026-03-13T23:30:13+00:00,api/normal,0.82,0,1,none
2026-03-13T23:30:13+00:00,api/normal,0.66,0,1,none
2026-03-13T23:30:13+00:00,api/validate,1.64,1,1,UNKNOWN
2026-03-13T23:30:13+00:00,api/normal,0.68,0,1,none
2026-03-13T23:30:15+00:00,api/slow,1498.53,0,1,none
2026-03-13T23:30:16+00:00,api/slow,1246.11,0,1,none
2026-03-13T23:30:16+00:00,api/normal,0.66,0,1,none
2026-03-13T23:30:16+00:00,api/normal,0.67,0,1,none
2026-03-13T23:30:16+00:00,api/normal,0.69,0,1,none
2026-03-13T23:30:16+00:00,api/normal,0.7,0,1,none
2026-03-13T23:30:16+00:00,api/normal,0.65,0,1,none
2026-03-13T23:30:16+00:00,api/normal,0.72,0,1,none
2026-03-13T23:30:16+00:00,api/normal,0.64,0,1,none
2026-03-13T23:30:16+00:00,api/validate,1.78,1,1,UNKNOWN
2026-03-13T23:30:16+00:00,api/normal,0.65,0,1,none
2026-03-13T23:30:16+00:00,api/normal,0.66,0,1,none
2026-03-13T23:30:16+00:00,api/normal,0.65,0,1,none
2026-03-13T23:30:16+00:00,api/normal,0.77,0,1,none
2026-03-13T23:30:16+00:00,api/normal,0.76,0,1,none
2026-03-13T23:30:16+00:00,api/normal,0.7,0,1,none
2026-03-13T23:30:22+00:00,api/slow,6003.63,0,1,TIMEOUT_ERROR
2026-03-13T23:30:22+00:00,api/normal,1.18,0,1,none
2026-03-13T23:30:22+00:00,api/normal,0.71,0,1,none
2026-03-13T23:30:22+00:00,api/normal,0.67,0,1,none
2026-03-13T23:30:28+00:00,api/slow,6012.69,0,1,TIMEOUT_ERROR
2026-03-13T23:30:28+00:00,api/normal,1.33,0,1,none
2026-03-13T23:30:28+00:00,api/normal,0.81,0,1,none
2026-03-13T23:30:28+00:00,api/normal,0.77,0,1,none
2026-03-13T23:30:28+00:00,api/db,18.5,0,1,none
2026-03-13T23:30:28+00:00,api/normal,0.83,0,1,none
2026-03-13T23:30:28+00:00,api/error,2.24,1,1,SYSTEM_ERROR
2026-03-13T23:30:28+00:00,api/normal,0.77,0,1,none
2026-03-13T23:30:28+00:00,api/normal,0.8,0,1,none
2026-03-13T23:30:28+00:00,api/error,1.75,1,1,SYSTEM_ERROR
2026-03-13T23:30:28+00:00,api/error,1.59,1,1,SYSTEM_ERROR
2026-03-13T23:30:28+00:00,api/db,2.96,0,1,none
2026-03-13T23:30:28+00:00,api/normal,0.75,0,1,none
2026-03-13T23:30:28+00:00,api/normal,0.81,0,1,none
2026-03-13T23:30:33+00:00,api/slow,5005.25,0,1,TIMEOUT_ERROR
2026-03-13T23:30:34+00:00,api/db,3.37,0,1,none
2026-03-13T23:30:35+00:00,api/slow,1472.41,0,1,none
2026-03-13T23:30:35+00:00,api/normal,0.84,0,1,none
2026-03-13T23:30:36+00:00,api/slow,1369.54,0,1,none
2026-03-13T23:30:36+00:00,api/normal,0.67,0,1,none
2026-03-13T23:30:36+00:00,api/normal,0.69,0,1,none
2026-03-13T23:30:38+00:00,api/slow,1578.21,0,1,none
2026-03-13T23:30:38+00:00,api/normal,1.12,0,1,none
2026-03-13T23:30:38+00:00,api/normal,0.72,0,1,none
2026-03-13T23:30:38+00:00,api/normal,0.76,0,1,none
2026-03-13T23:30:38+00:00,api/normal,0.65,0,1,none
2026-03-13T23:30:38+00:00,api/normal,0.72,0,1,none
2026-03-13T23:30:38+00:00,api/normal,0.75,0,1,none
2026-03-13T23:30:40+00:00,api/slow,1324.5,0,1,none
2026-03-13T23:30:40+00:00,api/normal,0.69,0,1,none
2026-03-13T23:30:40+00:00,api/normal,0.67,0,1,none
2026-03-13T23:30:40+00:00,api/normal,0.65,0,1,none
2026-03-13T23:30:40+00:00,api/normal,0.73,0,1,none
2026-03-13T23:30:40+00:00,api/normal,0.65,0,1,none
2026-03-13T23:30:40+00:00,api/normal,0.67,0,1,none
2026-03-13T23:30:40+00:00,api/error,2.01,1,1,SYSTEM_ERROR
2026-03-13T23:30:40+00:00,api/normal,0.67,0,1,none
2026-03-13T23:30:40+00:00,api/normal,0.98,0,1,none
2026-03-13T23:30:40+00:00,api/normal,0.68,0,1,none
2026-03-13T23:30:40+00:00,api/error,1.54,1,1,SYSTEM_ERROR
2026-03-13T23:30:45+00:00,api/slow,5006.37,0,1,TIMEOUT_ERROR
2026-03-13T23:30:45+00:00,api/error,2.51,1,1,SYSTEM_ERROR
2026-03-13T23:30:45+00:00,api/normal,0.68,0,1,none
2026-03-13T23:30:46+00:00,api/slow,1371.91,0,1,none
2026-03-13T23:30:46+00:00,api/normal,0.66,0,1,none
2026-03-13T23:30:47+00:00,api/slow,1144.06,0,1,none
2026-03-13T23:30:49+00:00,api/slow,1434.37,0,1,none
2026-03-13T23:30:49+00:00,api/error,2.55,1,1,SYSTEM_ERROR
2026-03-13T23:30:50+00:00,api/slow,1343.18,0,1,none
2026-03-13T23:30:50+00:00,api/error,1.67,1,1,SYSTEM_ERROR
2026-03-13T23:30:50+00:00,api/normal,0.72,0,1,none
2026-03-13T23:30:50+00:00,api/normal,0.77,0,1,none
2026-03-13T23:30:50+00:00,api/normal,0.67,0,1,none
2026-03-13T23:30:52+00:00,api/slow,1214.67,0,1,none
2026-03-13T23:30:52+00:00,api/normal,1.17,0,1,none
2026-03-13T23:30:52+00:00,api/normal,0.83,0,1,none
2026-03-13T23:30:52+00:00,api/normal,0.67,0,1,none
2026-03-13T23:30:52+00:00,api/normal,0.66,0,1,none
2026-03-13T23:30:52+00:00,api/normal,0.66,0,1,none
2026-03-13T23:30:52+00:00,api/normal,0.65,0,1,none
2026-03-13T23:30:53+00:00,api/slow,1235.48,0,1,none
2026-03-13T23:30:53+00:00,api/normal,0.65,0,1,none
2026-03-13T23:30:53+00:00,api/error,1.78,1,1,SYSTEM_ERROR
2026-03-13T23:30:53+00:00,api/normal,0.67,0,1,none
2026-03-13T23:30:53+00:00,api/normal,0.82,0,1,none
2026-03-13T23:30:53+00:00,api/normal,0.73,0,1,none
2026-03-13T23:30:53+00:00,api/normal,0.67,0,1,none
2026-03-13T23:30:53+00:00,api/normal,0.66,0,1,none
2026-03-13T23:30:54+00:00,api/slow,1385.41,0,1,none
2026-03-13T23:30:54+00:00,api/normal,0.66,0,1,none
2026-03-13T23:30:56+00:00,api/slow,1402.63,0,1,none
2026-03-13T23:30:56+00:00,api/normal,1.15,0,1,none
2026-03-13T23:30:56+00:00,api/normal,0.67,0,1,none
2026-03-13T23:30:56+00:00,api/normal,0.78,0,1,none
2026-03-13T23:31:02+00:00,api/slow,6002.76,0,1,TIMEOUT_ERROR
2026-03-13T23:31:02+00:00,api/normal,1.12,0,1,none
2026-03-13T23:31:02+00:00,api/normal,0.67,0,1,none
2026-03-13T23:31:02+00:00,api/normal,0.68,0,1,none
2026-03-13T23:31:02+00:00,api/normal,0.66,0,1,none
2026-03-13T23:31:02+00:00,api/validate,1.94,1,1,UNKNOWN
2026-03-13T23:31:02+00:00,api/db,3.34,0,1,none
2026-03-13T23:31:07+00:00,api/slow,5003.13,0,1,TIMEOUT_ERROR
2026-03-13T23:31:07+00:00,api/normal,1.21,0,1,none
2026-03-13T23:31:07+00:00,api/db,2.92,0,1,none
2026-03-13T23:31:07+00:00,api/normal,0.65,0,1,none
2026-03-13T23:31:07+00:00,api/normal,0.72,0,1,none
2026-03-13T23:31:07+00:00,api/normal,0.65,0,1,none
2026-03-13T23:31:07+00:00,api/normal,0.72,0,1,none
2026-03-13T23:31:09+00:00,api/slow,1973.96,0,1,none
2026-03-13T23:31:09+00:00,api/normal,0.65,0,1,none
2026-03-13T23:31:09+00:00,api/normal,0.66,0,1,none
2026-03-13T23:31:09+00:00,api/normal,0.71,0,1,none
2026-03-13T23:31:09+00:00,api/normal,0.65,0,1,none
2026-03-13T23:31:15+00:00,api/slow,6006.57,0,1,TIMEOUT_ERROR
2026-03-13T23:31:15+00:00,api/error,2.67,1,1,SYSTEM_ERROR
2026-03-13T23:31:15+00:00,api/normal,0.68,0,1,none
2026-03-13T23:31:17+00:00,api/slow,1611.57,0,1,none
2026-03-13T23:31:17+00:00,api/normal,0.67,0,1,none
2026-03-13T23:31:17+00:00,api/normal,0.68,0,1,none
2026-03-13T23:31:17+00:00,api/normal,0.65,0,1,none
2026-03-13T23:31:17+00:00,api/error,1.54,1,1,SYSTEM_ERROR
2026-03-13T23:31:17+00:00,api/normal,0.67,0,1,none
2026-03-13T23:31:17+00:00,api/normal,0.67,0,1,none
2026-03-13T23:31:17+00:00,api/normal,0.73,0,1,none
2026-03-13T23:31:17+00:00,api/normal,0.66,0,1,none
2026-03-13T23:31:17+00:00,api/normal,0.65,0,1,none
2026-03-13T23:31:17+00:00,api/normal,0.7,0,1,none
2026-03-13T23:31:18+00:00,api/slow,1101.54,0,1,none
2026-03-13T23:31:18+00:00,api/normal,1.23,0,1,none
2026-03-13T23:31:18+00:00,api/normal,0.7,0,1,none
2026-03-13T23:31:18+00:00,api/normal,0.73,0,1,none
2026-03-13T23:31:18+00:00,api/normal,0.75,0,1,none
2026-03-13T23:31:24+00:00,api/slow,6004.16,0,1,TIMEOUT_ERROR
2026-03-13T23:31:26+00:00,api/slow,1348.09,0,1,none
2026-03-13T23:31:26+00:00,api/validate,1.9,1,1,UNKNOWN
2026-03-13T23:31:26+00:00,api/normal,0.65,0,1,none
2026-03-13T23:31:26+00:00,api/normal,0.66,0,1,none
2026-03-13T23:31:31+00:00,api/slow,5008.85,0,1,TIMEOUT_ERROR
2026-03-13T23:31:31+00:00,api/normal,1.44,0,1,none
2026-03-13T23:31:31+00:00,api/normal,0.8,0,1,none
2026-03-13T23:31:31+00:00,api/normal,0.79,0,1,none
2026-03-13T23:31:37+00:00,api/slow,6008.89,0,1,TIMEOUT_ERROR
2026-03-13T23:31:37+00:00,api/normal,0.71,0,1,none
2026-03-13T23:31:37+00:00,api/normal,0.66,0,1,none
2026-03-13T23:31:42+00:00,api/slow,5004.14,0,1,TIMEOUT_ERROR
2026-03-13T23:31:42+00:00,api/db,2.7,0,1,none
2026-03-13T23:31:42+00:00,api/normal,0.69,0,1,none
2026-03-13T23:31:42+00:00,api/normal,0.76,0,1,none
2026-03-13T23:31:42+00:00,api/error,1.94,1,1,SYSTEM_ERROR
2026-03-13T23:31:42+00:00,api/normal,0.95,0,1,none
2026-03-13T23:31:42+00:00,api/normal,0.66,0,1,none
2026-03-13T23:31:42+00:00,api/normal,0.98,0,1,none
2026-03-13T23:31:42+00:00,api/normal,0.67,0,1,none
2026-03-13T23:31:42+00:00,api/normal,0.67,0,1,none
2026-03-13T23:31:42+00:00,api/normal,0.67,0,1,none
2026-03-13T23:31:42+00:00,api/validate,1.52,1,1,UNKNOWN
2026-03-13T23:31:42+00:00,api/normal,0.65,0,1,none
2026-03-13T23:31:42+00:00,api/normal,0.68,0,1,none
2026-03-13T23:31:49+00:00,api/slow,7009.35,0,1,TIMEOUT_ERROR
2026-03-13T23:31:49+00:00,api/error,2.58,1,1,SYSTEM_ERROR
2026-03-13T23:31:51+00:00,api/slow,1371.85,0,1,none
2026-03-13T23:31:51+00:00,api/normal,0.66,0,1,none
2026-03-13T23:31:51+00:00,api/normal,0.65,0,1,none
2026-03-13T23:31:51+00:00,api/normal,0.74,0,1,none
2026-03-13T23:31:51+00:00,api/normal,0.65,0,1,none
2026-03-13T23:31:51+00:00,api/normal,0.64,0,1,none
2026-03-13T23:31:51+00:00,api/normal,0.66,0,1,none
2026-03-13T23:31:51+00:00,api/normal,0.66,0,1,none
2026-03-13T23:31:51+00:00,api/validate,1.51,1,1,UNKNOWN
2026-03-13T23:31:51+00:00,api/normal,0.72,0,1,none
2026-03-13T23:31:51+00:00,api/error,1.57,1,1,SYSTEM_ERROR
2026-03-13T23:31:57+00:00,api/slow,6009,0,1,TIMEOUT_ERROR
2026-03-13T23:31:57+00:00,api/normal,1.13,0,1,none
2026-03-13T23:31:57+00:00,api/normal,0.66,0,1,none
2026-03-13T23:31:57+00:00,api/normal,0.82,0,1,none
2026-03-13T23:31:57+00:00,api/normal,0.65,0,1,none
2026-03-13T23:31:59+00:00,api/slow,1726.63,0,1,none
2026-03-13T23:31:59+00:00,api/normal,0.82,0,1,none
2026-03-13T23:31:59+00:00,api/normal,0.67,0,1,none
2026-03-13T23:32:01+00:00,api/slow,1867.38,0,1,none
2026-03-13T23:32:02+00:00,api/slow,1341.87,0,1,none
2026-03-13T23:32:02+00:00,api/normal,0.64,0,1,none
2026-03-13T23:32:02+00:00,api/normal,0.66,0,1,none
2026-03-13T23:32:02+00:00,api/error,1.79,1,1,SYSTEM_ERROR
2026-03-13T23:32:02+00:00,api/validate,1.56,1,1,UNKNOWN
2026-03-13T23:32:02+00:00,api/normal,0.67,0,1,none
2026-03-13T23:32:02+00:00,api/error,1.71,1,1,SYSTEM_ERROR
2026-03-13T23:32:09+00:00,api/slow,7003.42,0,1,TIMEOUT_ERROR
2026-03-13T23:32:09+00:00,api/normal,1.26,0,1,none
2026-03-13T23:32:09+00:00,api/db,2.54,0,1,none
2026-03-13T23:32:16+00:00,api/slow,7010.96,0,1,TIMEOUT_ERROR
2026-03-13T23:32:18+00:00,api/slow,1960.7,0,1,none
2026-03-13T23:32:18+00:00,api/normal,0.79,0,1,none
2026-03-13T23:32:20+00:00,api/slow,1298.62,0,1,none
2026-03-13T23:32:20+00:00,api/normal,1.14,0,1,none
2026-03-13T23:32:20+00:00,api/normal,0.74,0,1,none
2026-03-13T23:32:20+00:00,api/normal,0.64,0,1,none
2026-03-13T23:32:21+00:00,api/slow,1307.89,0,1,none
2026-03-13T23:32:22+00:00,api/slow,1377.89,0,1,none
2026-03-13T23:32:24+00:00,api/slow,1196.06,0,1,none
2026-03-13T23:32:25+00:00,api/slow,1016.1,0,1,none
2026-03-13T23:32:25+00:00,api/normal,0.65,0,1,none
2026-03-13T23:32:27+00:00,api/slow,1918.74,0,1,none
2026-03-13T23:32:27+00:00,api/normal,1.24,0,1,none
2026-03-13T23:32:27+00:00,api/normal,0.64,0,1,none
2026-03-13T23:32:28+00:00,api/slow,1105.3,0,1,none
2026-03-13T23:32:28+00:00,api/normal,0.76,0,1,none
2026-03-13T23:32:28+00:00,api/error,5.1,1,1,SYSTEM_ERROR
2026-03-13T23:32:28+00:00,api/normal,0.64,0,1,none
2026-03-13T23:32:28+00:00,api/normal,0.83,0,1,none
2026-03-13T23:32:28+00:00,api/validate,1.64,1,1,UNKNOWN
2026-03-13T23:32:30+00:00,api/slow,1877.58,0,1,none
2026-03-13T23:32:30+00:00,api/normal,1.29,0,1,none
2026-03-13T23:32:30+00:00,api/normal,0.66,0,1,none
2026-03-13T23:32:37+00:00,api/slow,7003.2,0,1,TIMEOUT_ERROR
2026-03-13T23:32:37+00:00,api/normal,1.43,0,1,none
2026-03-13T23:32:39+00:00,api/slow,2005.58,0,1,none
2026-03-13T23:32:40+00:00,api/slow,1009.76,0,1,none
2026-03-13T23:32:40+00:00,api/normal,1.18,0,1,none
2026-03-13T23:32:40+00:00,api/normal,0.67,0,1,none
2026-03-13T23:32:40+00:00,api/normal,0.68,0,1,none
2026-03-13T23:32:40+00:00,api/db,2.45,0,1,none
2026-03-13T23:32:41+00:00,api/slow,1102.51,0,1,none
2026-03-13T23:32:41+00:00,api/normal,0.66,0,1,none
2026-03-13T23:32:41+00:00,api/normal,0.65,0,1,none
2026-03-13T23:32:41+00:00,api/normal,0.67,0,1,none
2026-03-13T23:32:43+00:00,api/slow,1744.48,0,1,none
2026-03-13T23:32:49+00:00,api/slow,6007.51,0,1,TIMEOUT_ERROR
2026-03-13T23:32:49+00:00,api/normal,1.11,0,1,none
2026-03-13T23:32:49+00:00,api/normal,0.64,0,1,none
2026-03-13T23:32:49+00:00,api/normal,0.66,0,1,none
2026-03-13T23:32:51+00:00,api/slow,1669.35,0,1,none
2026-03-13T23:32:51+00:00,api/normal,0.68,0,1,none
2026-03-13T23:32:51+00:00,api/normal,0.67,0,1,none
2026-03-13T23:32:58+00:00,api/slow,7009.6,0,1,TIMEOUT_ERROR
2026-03-13T23:33:00+00:00,api/slow,1954.67,0,1,none
2026-03-13T23:33:00+00:00,api/normal,0.64,0,1,none
2026-03-13T23:33:00+00:00,api/db,2.97,0,1,none
2026-03-13T23:33:00+00:00,api/normal,0.65,0,1,none
2026-03-13T23:33:00+00:00,api/normal,0.65,0,1,none
2026-03-13T23:33:00+00:00,api/normal,0.65,0,1,none
2026-03-13T23:33:05+00:00,api/slow,5013.86,0,1,TIMEOUT_ERROR
2026-03-13T23:33:05+00:00,api/normal,1.18,0,1,none
2026-03-13T23:33:05+00:00,api/normal,0.65,0,1,none
2026-03-13T23:33:05+00:00,api/normal,0.66,0,1,none
2026-03-13T23:33:11+00:00,api/slow,6004.57,0,1,TIMEOUT_ERROR
2026-03-13T23:33:12+00:00,api/slow,1180.8,0,1,none
2026-03-13T23:33:12+00:00,api/normal,0.77,0,1,none
2026-03-13T23:33:12+00:00,api/normal,0.91,0,1,none
2026-03-13T23:33:12+00:00,api/normal,1.49,0,1,none
2026-03-13T23:33:12+00:00,api/normal,0.72,0,1,none
2026-03-13T23:33:14+00:00,api/slow,1456.44,0,1,none
2026-03-13T23:33:14+00:00,api/normal,1.11,0,1,none
2026-03-13T23:33:14+00:00,api/normal,0.79,0,1,none
2026-03-13T23:33:14+00:00,api/normal,0.65,0,1,none
2026-03-13T23:33:15+00:00,api/slow,1024.78,0,1,none
2026-03-13T23:33:15+00:00,api/normal,0.64,0,1,none
2026-03-13T23:33:15+00:00,api/normal,0.65,0,1,none
2026-03-13T23:33:15+00:00,api/normal,0.65,0,1,none
2026-03-13T23:33:15+00:00,api/normal,0.67,0,1,none
2026-03-13T23:33:15+00:00,api/normal,0.75,0,1,none
2026-03-13T23:33:15+00:00,api/normal,0.64,0,1,none
2026-03-13T23:33:15+00:00,api/normal,0.65,0,1,none
2026-03-13T23:33:15+00:00,api/normal,0.77,0,1,none
2026-03-13T23:33:15+00:00,api/normal,0.68,0,1,none
2026-03-13T23:33:16+00:00,api/slow,1174.01,0,1,none
2026-03-13T23:33:18+00:00,api/slow,1701.67,0,1,none
2026-03-13T23:33:18+00:00,api/normal,1.18,0,1,none
2026-03-13T23:33:18+00:00,api/normal,0.66,0,1,none
2026-03-13T23:33:20+00:00,api/slow,1924.69,0,1,none
2026-03-13T23:33:20+00:00,api/normal,0.66,0,1,none
2026-03-13T23:33:20+00:00,api/normal,0.65,0,1,none
2026-03-13T23:33:21+00:00,api/slow,1462.64,0,1,none
2026-03-13T23:33:21+00:00,api/normal,1.12,0,1,none
2026-03-13T23:33:21+00:00,api/normal,0.66,0,1,none
2026-03-13T23:33:21+00:00,api/normal,0.65,0,1,none
2026-03-13T23:33:21+00:00,api/normal,0.76,0,1,none
2026-03-13T23:33:21+00:00,api/normal,0.81,0,1,none
2026-03-13T23:33:21+00:00,api/error,1.79,1,1,SYSTEM_ERROR
2026-03-13T23:33:21+00:00,api/normal,0.65,0,1,none
2026-03-13T23:33:22+00:00,api/normal,0.64,0,1,none
2026-03-13T23:33:22+00:00,api/normal,0.72,0,1,none
2026-03-13T23:33:22+00:00,api/normal,0.72,0,1,none
2026-03-13T23:33:22+00:00,api/normal,0.69,0,1,none
2026-03-13T23:33:22+00:00,api/error,1.5,1,1,SYSTEM_ERROR
2026-03-13T23:33:22+00:00,api/db,3.26,0,1,none
2026-03-13T23:33:22+00:00,api/normal,0.87,0,1,none
2026-03-13T23:33:22+00:00,api/error,1.74,1,1,SYSTEM_ERROR
2026-03-13T23:33:22+00:00,api/normal,0.76,0,1,none
2026-03-13T23:33:22+00:00,api/normal,0.67,0,1,none
2026-03-13T23:33:22+00:00,api/normal,0.65,0,1,none
2026-03-13T23:33:22+00:00,api/normal,0.8,0,1,none
2026-03-13T23:33:24+00:00,api/slow,1910.8,0,1,none
2026-03-13T23:33:24+00:00,api/normal,1.15,0,1,none
2026-03-13T23:33:24+00:00,api/error,1.97,1,1,SYSTEM_ERROR
2026-03-13T23:33:24+00:00,api/normal,0.76,0,1,none
2026-03-13T23:33:24+00:00,api/error,1.71,1,1,SYSTEM_ERROR
2026-03-13T23:33:24+00:00,api/normal,0.66,0,1,none
2026-03-13T23:33:25+00:00,api/slow,1224.81,0,1,none
2026-03-13T23:33:25+00:00,api/normal,0.67,0,1,none
2026-03-13T23:33:25+00:00,api/normal,0.65,0,1,none
2026-03-13T23:33:25+00:00,api/normal,0.65,0,1,none
2026-03-13T23:33:25+00:00,api/normal,0.69,0,1,none
2026-03-13T23:33:25+00:00,api/normal,0.71,0,1,none
2026-03-13T23:33:25+00:00,api/normal,1.07,0,1,none
2026-03-13T23:33:25+00:00,api/normal,1.67,0,1,none
2026-03-13T23:33:25+00:00,api/normal,0.68,0,1,none
2026-03-13T23:33:25+00:00,api/normal,0.66,0,1,none
2026-03-13T23:33:25+00:00,api/db,2.5,0,1,none
2026-03-13T23:33:25+00:00,api/normal,0.72,0,1,none
2026-03-13T23:33:25+00:00,api/normal,0.67,0,1,none
2026-03-13T23:33:25+00:00,api/normal,0.66,0,1,none
2026-03-13T23:33:25+00:00,api/normal,0.68,0,1,none
2026-03-13T23:33:25+00:00,api/normal,0.71,0,1,none
2026-03-13T23:33:25+00:00,api/normal,0.66,0,1,none
2026-03-13T23:33:27+00:00,api/slow,1913.09,0,1,none
2026-03-13T23:33:27+00:00,api/error,2.6,1,1,SYSTEM_ERROR
2026-03-13T23:33:27+00:00,api/normal,0.7,0,1,none
2026-03-13T23:33:27+00:00,api/normal,0.78,0,1,none
2026-03-13T23:33:29+00:00,api/slow,1719.42,0,1,none
2026-03-13T23:33:29+00:00,api/normal,0.76,0,1,none
2026-03-13T23:33:30+00:00,api/slow,1200.34,0,1,none
2026-03-13T23:33:30+00:00,api/error,2.68,1,1,SYSTEM_ERROR
2026-03-13T23:33:30+00:00,api/normal,0.65,0,1,none
2026-03-13T23:33:30+00:00,api/normal,0.65,0,1,none
2026-03-13T23:33:32+00:00,api/slow,1599.77,0,1,none
2026-03-13T23:33:32+00:00,api/normal,0.65,0,1,none
2026-03-13T23:33:32+00:00,api/normal,0.66,0,1,none
2026-03-13T23:33:32+00:00,api/normal,0.77,0,1,none
2026-03-13T23:33:32+00:00,api/normal,0.67,0,1,none
2026-03-13T23:33:33+00:00,api/slow,1151.82,0,1,none
2026-03-13T23:33:33+00:00,api/normal,1.18,0,1,none
2026-03-13T23:33:33+00:00,api/normal,0.67,0,1,none
2026-03-13T23:33:33+00:00,api/normal,0.68,0,1,none
2026-03-13T23:33:33+00:00,api/db,2.96,0,1,none
2026-03-13T23:33:33+00:00,api/normal,0.65,0,1,none
2026-03-13T23:33:33+00:00,api/normal,0.67,0,1,none
2026-03-13T23:33:33+00:00,api/normal,0.68,0,1,none
2026-03-13T23:33:33+00:00,api/normal,0.68,0,1,none
2026-03-13T23:33:33+00:00,api/normal,0.71,0,1,none
2026-03-13T23:33:33+00:00,api/normal,0.66,0,1,none
2026-03-13T23:33:34+00:00,api/slow,1093.03,0,1,none
2026-03-13T23:33:34+00:00,api/normal,0.72,0,1,none
2026-03-13T23:33:35+00:00,api/normal,0.72,0,1,none
2026-03-13T23:33:35+00:00,api/normal,0.69,0,1,none
2026-03-13T23:33:35+00:00,api/error,2.16,1,1,SYSTEM_ERROR
2026-03-13T23:33:35+00:00,api/normal,0.77,0,1,none
2026-03-13T23:33:35+00:00,api/normal,0.84,0,1,none
2026-03-13T23:33:35+00:00,api/normal,0.69,0,1,none
2026-03-13T23:33:35+00:00,api/normal,1.02,0,1,none
2026-03-13T23:33:35+00:00,api/normal,0.78,0,1,none
2026-03-13T23:33:35+00:00,api/normal,1.78,0,1,none
2026-03-13T23:33:35+00:00,api/normal,0.76,0,1,none
2026-03-13T23:33:36+00:00,api/slow,1520.38,0,1,none
2026-03-13T23:33:36+00:00,api/normal,1.27,0,1,none
2026-03-13T23:33:36+00:00,api/normal,0.74,0,1,none
2026-03-13T23:33:36+00:00,api/normal,1.45,0,1,none
2026-03-13T23:33:36+00:00,api/normal,0.75,0,1,none
2026-03-13T23:33:36+00:00,api/normal,0.71,0,1,none
2026-03-13T23:33:36+00:00,api/normal,1.97,0,1,none
2026-03-13T23:33:38+00:00,api/slow,1687.86,0,1,none
2026-03-13T23:33:38+00:00,api/error,1.9,1,1,SYSTEM_ERROR
2026-03-13T23:33:38+00:00,api/normal,0.69,0,1,none
2026-03-13T23:33:38+00:00,api/normal,0.66,0,1,none
2026-03-13T23:33:38+00:00,api/normal,0.65,0,1,none
2026-03-13T23:33:38+00:00,api/normal,0.65,0,1,none
2026-03-13T23:33:40+00:00,api/slow,1641.71,0,1,none
2026-03-13T23:33:40+00:00,api/normal,3.94,0,1,none
2026-03-13T23:33:40+00:00,api/normal,0.64,0,1,none
2026-03-13T23:33:42+00:00,api/slow,1622.33,0,1,none
2026-03-13T23:33:42+00:00,api/normal,0.69,0,1,none
2026-03-13T23:33:42+00:00,api/normal,0.72,0,1,none
2026-03-13T23:33:42+00:00,api/normal,0.65,0,1,none
2026-03-13T23:33:42+00:00,api/normal,0.84,0,1,none
2026-03-13T23:33:42+00:00,api/db,3.07,0,1,none
2026-03-13T23:33:43+00:00,api/slow,1523.67,0,1,none
2026-03-13T23:33:43+00:00,api/normal,1.15,0,1,none
2026-03-13T23:33:43+00:00,api/normal,0.67,0,1,none
2026-03-13T23:33:43+00:00,api/error,1.77,1,1,SYSTEM_ERROR
2026-03-13T23:33:49+00:00,api/slow,6007.64,0,1,TIMEOUT_ERROR
2026-03-13T23:33:49+00:00,api/normal,1.26,0,1,none
2026-03-13T23:33:50+00:00,api/slow,1185.59,0,1,none
2026-03-13T23:33:52+00:00,api/slow,1639.73,0,1,none
2026-03-13T23:33:52+00:00,api/normal,1.23,0,1,none
2026-03-13T23:33:52+00:00,api/normal,0.65,0,1,none
2026-03-13T23:33:52+00:00,api/normal,0.66,0,1,none
2026-03-13T23:33:54+00:00,api/slow,1747.02,0,1,none
2026-03-13T23:33:54+00:00,api/normal,0.65,0,1,none
2026-03-13T23:33:54+00:00,api/normal,0.64,0,1,none
2026-03-13T23:33:54+00:00,api/normal,0.77,0,1,none
2026-03-13T23:33:54+00:00,api/normal,0.65,0,1,none
2026-03-13T23:33:54+00:00,api/normal,0.67,0,1,none
2026-03-13T23:33:55+00:00,api/slow,1154.79,0,1,none
2026-03-13T23:33:55+00:00,api/normal,1.16,0,1,none
2026-03-13T23:33:57+00:00,api/slow,1695.73,0,1,none
2026-03-13T23:33:57+00:00,api/error,1.84,1,1,SYSTEM_ERROR
2026-03-13T23:33:57+00:00,api/normal,0.66,0,1,none
2026-03-13T23:33:57+00:00,api/normal,0.67,0,1,none
2026-03-13T23:33:59+00:00,api/slow,1989.03,0,1,none
2026-03-13T23:33:59+00:00,api/normal,1.13,0,1,none
2026-03-13T23:33:59+00:00,api/normal,0.64,0,1,none
2026-03-13T23:33:59+00:00,api/db,2.96,0,1,none
2026-03-13T23:34:05+00:00,api/slow,6004.96,0,1,TIMEOUT_ERROR
2026-03-13T23:34:05+00:00,api/normal,1.13,0,1,none
2026-03-13T23:34:05+00:00,api/normal,0.66,0,1,none
2026-03-13T23:34:06+00:00,api/slow,1306.27,0,1,none
2026-03-13T23:34:08+00:00,api/slow,1861.17,0,1,none
2026-03-13T23:34:08+00:00,api/error,2.75,1,1,SYSTEM_ERROR
2026-03-13T23:34:08+00:00,api/normal,0.73,0,1,none
2026-03-13T23:34:10+00:00,api/slow,1871.18,0,1,none
2026-03-13T23:34:10+00:00,api/normal,0.66,0,1,none
2026-03-13T23:34:10+00:00,api/normal,0.65,0,1,none
2026-03-13T23:34:10+00:00,api/normal,0.65,0,1,none
2026-03-13T23:34:10+00:00,api/normal,0.64,0,1,none
2026-03-13T23:34:12+00:00,api/slow,1777.85,0,1,none
2026-03-13T23:34:12+00:00,api/normal,1.68,0,1,none
2026-03-13T23:34:14+00:00,api/slow,1637.11,0,1,none
2026-03-13T23:34:16+00:00,api/slow,1624.45,0,1,none
2026-03-13T23:34:16+00:00,api/error,2.77,1,1,SYSTEM_ERROR
2026-03-13T23:34:16+00:00,api/normal,0.68,0,1,none
2026-03-13T23:34:17+00:00,api/slow,1084.77,0,1,none
2026-03-13T23:34:17+00:00,api/db,2.48,0,1,none
2026-03-13T23:34:24+00:00,api/slow,7009.05,0,1,TIMEOUT_ERROR
2026-03-13T23:34:24+00:00,api/normal,1.2,0,1,none
2026-03-13T23:34:24+00:00,api/normal,0.77,0,1,none
2026-03-13T23:34:24+00:00,api/normal,0.65,0,1,none
2026-03-13T23:34:24+00:00,api/normal,0.73,0,1,none
2026-03-13T23:34:24+00:00,api/normal,0.72,0,1,none
2026-03-13T23:34:24+00:00,api/normal,0.69,0,1,none
2026-03-13T23:34:25+00:00,api/slow,1393.72,0,1,none
2026-03-13T23:34:25+00:00,api/normal,0.88,0,1,none
2026-03-13T23:34:25+00:00,api/normal,0.69,0,1,none
2026-03-13T23:34:27+00:00,api/slow,1953.65,0,1,none
2026-03-13T23:34:27+00:00,api/normal,1.1,0,1,none
2026-03-13T23:34:27+00:00,api/normal,0.71,0,1,none
2026-03-13T23:34:27+00:00,api/normal,0.69,0,1,none
2026-03-13T23:34:27+00:00,api/normal,0.7,0,1,none
2026-03-13T23:34:27+00:00,api/validate,1.77,1,1,UNKNOWN
2026-03-13T23:34:27+00:00,api/normal,0.65,0,1,none
2026-03-13T23:34:27+00:00,api/normal,0.9,0,1,none
2026-03-13T23:34:29+00:00,api/slow,1951.71,0,1,none
2026-03-13T23:34:31+00:00,api/slow,1167.45,0,1,none
2026-03-13T23:34:32+00:00,api/slow,1421.99,0,1,none
2026-03-13T23:34:32+00:00,api/normal,0.67,0,1,none
2026-03-13T23:34:32+00:00,api/normal,0.67,0,1,none
2026-03-13T23:34:34+00:00,api/slow,1954.67,0,1,none
2026-03-13T23:34:34+00:00,api/normal,1.11,0,1,none
2026-03-13T23:34:34+00:00,api/normal,0.67,0,1,none
2026-03-13T23:34:34+00:00,api/normal,0.67,0,1,none
2026-03-13T23:34:34+00:00,api/error,3.55,1,1,SYSTEM_ERROR
2026-03-13T23:34:34+00:00,api/normal,0.67,0,1,none
2026-03-13T23:34:34+00:00,api/db,2.89,0,1,none
2026-03-13T23:34:34+00:00,api/normal,0.75,0,1,none
2026-03-13T23:34:34+00:00,api/normal,0.66,0,1,none
2026-03-13T23:34:34+00:00,api/normal,0.64,0,1,none
2026-03-13T23:34:34+00:00,api/validate,1.62,1,1,UNKNOWN
2026-03-13T23:34:34+00:00,api/error,1.57,1,1,SYSTEM_ERROR
2026-03-13T23:34:34+00:00,api/normal,0.67,0,1,none
2026-03-13T23:34:34+00:00,api/normal,0.67,0,1,none
2026-03-13T23:34:34+00:00,api/normal,0.68,0,1,none
2026-03-13T23:34:34+00:00,api/error,1.8,1,1,SYSTEM_ERROR
2026-03-13T23:34:34+00:00,api/normal,0.69,0,1,none
2026-03-13T23:34:34+00:00,api/error,1.77,1,1,SYSTEM_ERROR
2026-03-13T23:34:40+00:00,api/slow,6006.47,0,1,TIMEOUT_ERROR
2026-03-13T23:34:40+00:00,api/normal,1.16,0,1,none
2026-03-13T23:34:40+00:00,api/normal,0.65,0,1,none
2026-03-13T23:34:40+00:00,api/error,1.93,1,1,SYSTEM_ERROR
2026-03-13T23:34:40+00:00,api/normal,0.65,0,1,none
2026-03-13T23:34:47+00:00,api/slow,7005.42,0,1,TIMEOUT_ERROR
2026-03-13T23:34:47+00:00,api/normal,1.13,0,1,none
2026-03-13T23:34:47+00:00,api/normal,0.64,0,1,none
2026-03-13T23:34:49+00:00,api/slow,1415.74,0,1,none
2026-03-13T23:34:49+00:00,api/normal,0.65,0,1,none
2026-03-13T23:34:49+00:00,api/normal,0.65,0,1,none
2026-03-13T23:34:49+00:00,api/normal,0.64,0,1,none
2026-03-13T23:34:49+00:00,api/normal,0.66,0,1,none
2026-03-13T23:34:50+00:00,api/slow,1240.69,0,1,none
2026-03-13T23:34:50+00:00,api/normal,1.11,0,1,none
2026-03-13T23:34:50+00:00,api/normal,0.79,0,1,none
2026-03-13T23:34:50+00:00,api/normal,0.64,0,1,none
2026-03-13T23:34:50+00:00,api/normal,0.69,0,1,none
2026-03-13T23:34:52+00:00,api/slow,1617.2,0,1,none
2026-03-13T23:34:52+00:00,api/db,3,0,1,none
2026-03-13T23:34:58+00:00,api/slow,6009.28,0,1,TIMEOUT_ERROR
2026-03-13T23:34:58+00:00,api/normal,1.23,0,1,none
2026-03-13T23:34:58+00:00,api/normal,0.66,0,1,none
2026-03-13T23:34:58+00:00,api/normal,0.67,0,1,none
2026-03-13T23:34:58+00:00,api/normal,0.66,0,1,none
2026-03-13T23:34:58+00:00,api/normal,0.64,0,1,none
2026-03-13T23:34:58+00:00,api/normal,0.7,0,1,none
2026-03-13T23:34:58+00:00,api/normal,0.65,0,1,none
2026-03-13T23:34:58+00:00,api/normal,0.66,0,1,none
2026-03-13T23:34:59+00:00,api/slow,1182.82,0,1,none
2026-03-13T23:35:01+00:00,api/slow,1516.47,0,1,none
2026-03-13T23:35:03+00:00,api/slow,1978.54,0,1,none
2026-03-13T23:35:03+00:00,api/normal,0.66,0,1,none
2026-03-13T23:35:03+00:00,api/normal,0.65,0,1,none
2026-03-13T23:35:04+00:00,api/slow,1497.78,0,1,none
2026-03-13T23:35:04+00:00,api/normal,1.17,0,1,none
2026-03-13T23:35:06+00:00,api/slow,1781.46,0,1,none
2026-03-13T23:35:06+00:00,api/normal,0.66,0,1,none
2026-03-13T23:35:06+00:00,api/validate,1.83,1,1,UNKNOWN
2026-03-13T23:35:06+00:00,api/error,1.5,1,1,SYSTEM_ERROR
2026-03-13T23:35:06+00:00,api/validate,1.59,1,1,UNKNOWN
2026-03-13T23:35:06+00:00,api/normal,7.59,0,1,none
2026-03-13T23:35:06+00:00,api/normal,1.28,0,1,none
2026-03-13T23:35:07+00:00,api/normal,0.81,0,1,none
2026-03-13T23:35:07+00:00,api/normal,1.41,0,1,none
2026-03-13T23:35:08+00:00,api/slow,1590.02,0,1,none
2026-03-13T23:35:10+00:00,api/slow,1700.2,0,1,none
2026-03-13T23:35:12+00:00,api/slow,1653.14,0,1,none
2026-03-13T23:35:14+00:00,api/slow,1965.16,0,1,none
2026-03-13T23:35:14+00:00,api/normal,1.22,0,1,none
2026-03-13T23:35:15+00:00,api/slow,1399.92,0,1,none
2026-03-13T23:35:15+00:00,api/normal,0.7,0,1,none
2026-03-13T23:35:15+00:00,api/normal,0.66,0,1,none
2026-03-13T23:35:15+00:00,api/normal,0.65,0,1,none
2026-03-13T23:35:15+00:00,api/normal,0.74,0,1,none
2026-03-13T23:35:15+00:00,api/normal,0.69,0,1,none
2026-03-13T23:35:15+00:00,api/normal,0.68,0,1,none
2026-03-13T23:35:15+00:00,api/validate,2.02,1,1,UNKNOWN
2026-03-13T23:35:15+00:00,api/normal,0.95,0,1,none
2026-03-13T23:35:17+00:00,api/slow,1777.24,0,1,none
2026-03-13T23:35:17+00:00,api/normal,1.13,0,1,none
2026-03-13T23:35:17+00:00,api/normal,0.77,0,1,none
2026-03-13T23:35:17+00:00,api/normal,0.65,0,1,none
2026-03-13T23:35:17+00:00,api/normal,0.65,0,1,none
2026-03-13T23:35:17+00:00,api/db,2.99,0,1,none
2026-03-13T23:35:17+00:00,api/normal,0.73,0,1,none
2026-03-13T23:35:17+00:00,api/normal,0.75,0,1,none
2026-03-13T23:35:17+00:00,api/normal,0.68,0,1,none
2026-03-13T23:35:17+00:00,api/normal,0.65,0,1,none
2026-03-13T23:35:17+00:00,api/normal,0.81,0,1,none
2026-03-13T23:35:17+00:00,api/normal,0.65,0,1,none
2026-03-13T23:35:17+00:00,api/normal,0.77,0,1,none
2026-03-13T23:35:17+00:00,api/normal,0.67,0,1,none
2026-03-13T23:35:23+00:00,api/slow,6009.42,0,1,TIMEOUT_ERROR
2026-03-13T23:35:23+00:00,api/normal,1.11,0,1,none
2026-03-13T23:35:23+00:00,api/error,1.97,1,1,SYSTEM_ERROR
2026-03-13T23:35:24+00:00,api/slow,1219.31,0,1,none
2026-03-13T23:35:24+00:00,api/validate,1.5,1,1,UNKNOWN
2026-03-13T23:35:25+00:00,api/normal,0.66,0,1,none
2026-03-13T23:35:25+00:00,api/error,1.57,1,1,SYSTEM_ERROR
2026-03-13T23:35:25+00:00,api/error,1.63,1,1,SYSTEM_ERROR
2026-03-13T23:35:25+00:00,api/normal,0.49,0,1,none
2026-03-13T23:35:26+00:00,api/slow,1088.87,0,1,none
2026-03-13T23:35:27+00:00,api/slow,1575.47,0,1,none
2026-03-13T23:35:27+00:00,api/normal,0.65,0,1,none
2026-03-13T23:35:27+00:00,api/normal,0.65,0,1,none
2026-03-13T23:35:29+00:00,api/slow,1341.7,0,1,none
2026-03-13T23:35:29+00:00,api/normal,1.14,0,1,none
2026-03-13T23:35:29+00:00,api/normal,0.66,0,1,none
2026-03-13T23:35:29+00:00,api/normal,0.77,0,1,none
2026-03-13T23:35:29+00:00,api/error,1.87,1,1,SYSTEM_ERROR
2026-03-13T23:35:30+00:00,api/slow,1019.53,0,1,none
2026-03-13T23:35:30+00:00,api/normal,0.65,0,1,none
2026-03-13T23:35:30+00:00,api/error,1.53,1,1,SYSTEM_ERROR
2026-03-13T23:35:30+00:00,api/normal,0.65,0,1,none
2026-03-13T23:35:30+00:00,api/normal,0.66,0,1,none
2026-03-13T23:35:30+00:00,api/normal,0.74,0,1,none
2026-03-13T23:35:30+00:00,api/normal,0.64,0,1,none
2026-03-13T23:35:30+00:00,api/error,1.73,1,1,SYSTEM_ERROR
2026-03-13T23:35:30+00:00,api/normal,0.7,0,1,none
2026-03-13T23:35:30+00:00,api/normal,0.71,0,1,none
2026-03-13T23:35:30+00:00,api/normal,0.65,0,1,none
2026-03-13T23:35:32+00:00,api/slow,1956.61,0,1,none
2026-03-13T23:35:32+00:00,api/normal,1.13,0,1,none
2026-03-13T23:35:32+00:00,api/normal,0.65,0,1,none
2026-03-13T23:35:34+00:00,api/slow,1866.54,0,1,none
2026-03-13T23:35:34+00:00,api/normal,0.64,0,1,none
2026-03-13T23:35:36+00:00,api/slow,1841.69,0,1,none
2026-03-13T23:35:37+00:00,api/slow,1382.76,0,1,none
2026-03-13T23:35:37+00:00,api/normal,0.64,0,1,none
2026-03-13T23:35:37+00:00,api/normal,0.71,0,1,none
2026-03-13T23:35:39+00:00,api/slow,1500.27,0,1,none
2026-03-13T23:35:39+00:00,api/normal,1.12,0,1,none
2026-03-13T23:35:39+00:00,api/normal,0.64,0,1,none
2026-03-13T23:35:39+00:00,api/normal,0.64,0,1,none
2026-03-13T23:35:39+00:00,api/normal,0.64,0,1,none
2026-03-13T23:35:40+00:00,api/slow,1420.03,0,1,none
2026-03-13T23:35:42+00:00,api/slow,1826.02,0,1,none
2026-03-13T23:35:42+00:00,api/normal,4.69,0,1,none
2026-03-13T23:35:43+00:00,api/slow,1212.49,0,1,none
2026-03-13T23:35:43+00:00,api/normal,0.68,0,1,none
2026-03-13T23:35:43+00:00,api/normal,0.65,0,1,none
2026-03-13T23:35:45+00:00,api/slow,1509.92,0,1,none
2026-03-13T23:35:46+00:00,api/slow,1334.65,0,1,none
2026-03-13T23:35:48+00:00,api/slow,1661.16,0,1,none
2026-03-13T23:35:50+00:00,api/slow,1541.54,0,1,none
2026-03-13T23:35:50+00:00,api/normal,0.66,0,1,none
2026-03-13T23:35:50+00:00,api/normal,0.64,0,1,none
2026-03-13T23:35:50+00:00,api/normal,0.64,0,1,none
2026-03-13T23:35:50+00:00,api/normal,0.67,0,1,none
2026-03-13T23:35:50+00:00,api/normal,0.65,0,1,none
2026-03-13T23:35:55+00:00,api/slow,5008.56,0,1,TIMEOUT_ERROR
2026-03-13T23:35:55+00:00,api/normal,1.28,0,1,none
2026-03-13T23:35:55+00:00,api/normal,0.66,0,1,none
2026-03-13T23:35:55+00:00,api/normal,0.72,0,1,none
2026-03-13T23:35:55+00:00,api/normal,0.74,0,1,none
2026-03-13T23:35:55+00:00,api/normal,0.66,0,1,none
2026-03-13T23:35:56+00:00,api/slow,1589.48,0,1,none
2026-03-13T23:35:58+00:00,api/slow,1321.98,0,1,none
2026-03-13T23:35:58+00:00,api/normal,1.11,0,1,none
2026-03-13T23:35:58+00:00,api/normal,0.96,0,1,none
2026-03-13T23:35:58+00:00,api/db,19.41,0,1,none
2026-03-13T23:35:58+00:00,api/normal,0.64,0,1,none
2026-03-13T23:35:58+00:00,api/normal,0.86,0,1,none
2026-03-13T23:35:58+00:00,api/error,1.82,1,1,SYSTEM_ERROR
2026-03-13T23:35:58+00:00,api/normal,0.64,0,1,none
2026-03-13T23:35:59+00:00,api/slow,1399.96,0,1,none
2026-03-13T23:36:01+00:00,api/slow,1715.03,0,1,none
2026-03-13T23:36:01+00:00,api/normal,1.11,0,1,none
2026-03-13T23:36:02+00:00,api/slow,1163.96,0,1,none
2026-03-13T23:36:03+00:00,api/slow,1118.84,0,1,none
2026-03-13T23:36:03+00:00,api/normal,0.66,0,1,none
2026-03-13T23:36:05+00:00,api/slow,1841.27,0,1,none
2026-03-13T23:36:05+00:00,api/error,2.59,1,1,SYSTEM_ERROR
2026-03-13T23:36:05+00:00,api/normal,0.69,0,1,none
2026-03-13T23:36:05+00:00,api/normal,0.64,0,1,none
2026-03-13T23:36:05+00:00,api/normal,0.65,0,1,none
2026-03-13T23:36:12+00:00,api/slow,7004.63,0,1,TIMEOUT_ERROR
2026-03-13T23:36:12+00:00,api/normal,1.22,0,1,none
2026-03-13T23:36:12+00:00,api/db,2.65,0,1,none
2026-03-13T23:36:12+00:00,api/normal,0.67,0,1,none
2026-03-13T23:36:12+00:00,api/normal,0.67,0,1,none
2026-03-13T23:36:19+00:00,api/slow,7005.79,0,1,TIMEOUT_ERROR
2026-03-13T23:36:21+00:00,api/slow,1823.07,0,1,none
2026-03-13T23:36:21+00:00,api/normal,0.65,0,1,none
2026-03-13T23:36:21+00:00,api/normal,0.65,0,1,none
2026-03-13T23:36:21+00:00,api/normal,0.66,0,1,none
2026-03-13T23:36:23+00:00,api/slow,1195.79,0,1,none
2026-03-13T23:36:23+00:00,api/normal,1.1,0,1,none
2026-03-13T23:36:24+00:00,api/slow,1038.91,0,1,none
2026-03-13T23:36:25+00:00,api/slow,1750.94,0,1,none
2026-03-13T23:36:25+00:00,api/normal,0.68,0,1,none
2026-03-13T23:36:25+00:00,api/normal,0.68,0,1,none
2026-03-13T23:36:25+00:00,api/normal,0.64,0,1,none
2026-03-13T23:36:25+00:00,api/normal,0.66,0,1,none
2026-03-13T23:36:25+00:00,api/normal,0.66,0,1,none
2026-03-13T23:36:25+00:00,api/validate,1.81,1,1,UNKNOWN
2026-03-13T23:36:27+00:00,api/slow,1295.42,0,1,none
2026-03-13T23:36:27+00:00,api/error,1.79,1,1,SYSTEM_ERROR
2026-03-13T23:36:27+00:00,api/normal,0.65,0,1,none
2026-03-13T23:36:27+00:00,api/db,23.48,0,1,none
2026-03-13T23:36:27+00:00,api/normal,0.68,0,1,none
2026-03-13T23:36:27+00:00,api/normal,0.67,0,1,none
2026-03-13T23:36:27+00:00,api/normal,0.8,0,1,none
2026-03-13T23:36:27+00:00,api/db,13.4,0,1,none
2026-03-13T23:36:27+00:00,api/normal,0.73,0,1,none
2026-03-13T23:36:27+00:00,api/normal,0.65,0,1,none
2026-03-13T23:36:28+00:00,api/slow,1192.71,0,1,none
2026-03-13T23:36:28+00:00,api/normal,0.64,0,1,none
2026-03-13T23:36:28+00:00,api/normal,0.66,0,1,none
2026-03-13T23:36:28+00:00,api/normal,0.66,0,1,none
2026-03-13T23:36:28+00:00,api/normal,0.71,0,1,none
2026-03-13T23:36:30+00:00,api/slow,1513.02,0,1,none
2026-03-13T23:36:30+00:00,api/normal,1.13,0,1,none
2026-03-13T23:36:30+00:00,api/normal,0.67,0,1,none
2026-03-13T23:36:30+00:00,api/normal,0.66,0,1,none
2026-03-13T23:36:30+00:00,api/normal,0.65,0,1,none
2026-03-13T23:36:30+00:00,api/normal,0.72,0,1,none
2026-03-13T23:36:31+00:00,api/slow,1466.11,0,1,none
2026-03-13T23:36:31+00:00,api/normal,0.65,0,1,none
2026-03-13T23:36:31+00:00,api/normal,0.67,0,1,none
2026-03-13T23:36:31+00:00,api/normal,0.65,0,1,none
2026-03-13T23:36:38+00:00,api/slow,7013.42,0,1,TIMEOUT_ERROR
2026-03-13T23:36:46+00:00,api/slow,7007.78,0,1,TIMEOUT_ERROR
2026-03-13T23:36:51+00:00,api/slow,5010.98,0,1,TIMEOUT_ERROR
2026-03-13T23:36:58+00:00,api/slow,7012.82,0,1,TIMEOUT_ERROR
2026-03-13T23:36:59+00:00,api/slow,1181.26,0,1,none
2026-03-13T23:37:00+00:00,api/slow,1074.41,0,1,none
2026-03-13T23:37:00+00:00,api/normal,0.69,0,1,none
2026-03-13T23:37:00+00:00,api/normal,0.76,0,1,none
2026-03-13T23:37:00+00:00,api/normal,0.68,0,1,none
2026-03-13T23:37:02+00:00,api/slow,1770.95,0,1,none
2026-03-13T23:37:02+00:00,api/normal,0.66,0,1,none
2026-03-13T23:37:02+00:00,api/normal,0.73,0,1,none
2026-03-13T23:37:02+00:00,api/normal,0.66,0,1,none
2026-03-13T23:37:02+00:00,api/normal,0.74,0,1,none
2026-03-13T23:37:02+00:00,api/normal,0.64,0,1,none
2026-03-13T23:37:08+00:00,api/slow,6007.51,0,1,TIMEOUT_ERROR
2026-03-13T23:37:09+00:00,api/slow,1384.63,0,1,none
2026-03-13T23:37:09+00:00,api/normal,0.66,0,1,none
2026-03-13T23:37:09+00:00,api/normal,0.66,0,1,none
2026-03-13T23:37:09+00:00,api/error,3.45,1,1,SYSTEM_ERROR
2026-03-13T23:37:11+00:00,api/slow,1772.41,0,1,none
2026-03-13T23:37:13+00:00,api/slow,1660.3,0,1,none
2026-03-13T23:37:14+00:00,api/slow,1305.4,0,1,none
2026-03-13T23:37:14+00:00,api/normal,1.12,0,1,none
2026-03-13T23:37:14+00:00,api/normal,0.65,0,1,none
2026-03-13T23:37:14+00:00,api/normal,0.66,0,1,none
2026-03-13T23:37:14+00:00,api/normal,0.64,0,1,none
2026-03-13T23:37:21+00:00,api/slow,7008.11,0,1,TIMEOUT_ERROR
2026-03-13T23:37:21+00:00,api/normal,1.15,0,1,none
2026-03-13T23:37:21+00:00,api/validate,1.79,1,1,UNKNOWN
2026-03-13T23:37:21+00:00,api/error,1.49,1,1,SYSTEM_ERROR
2026-03-13T23:37:21+00:00,api/normal,0.69,0,1,none
2026-03-13T23:37:21+00:00,api/normal,0.65,0,1,none
2026-03-13T23:37:21+00:00,api/normal,0.69,0,1,none
2026-03-13T23:37:21+00:00,api/normal,0.75,0,1,none
2026-03-13T23:37:21+00:00,api/normal,1.69,0,1,none
2026-03-13T23:37:21+00:00,api/normal,0.68,0,1,none
2026-03-13T23:37:21+00:00,api/normal,0.76,0,1,none
2026-03-13T23:37:28+00:00,api/slow,7006.27,0,1,TIMEOUT_ERROR
2026-03-13T23:37:30+00:00,api/slow,1127.38,0,1,none
2026-03-13T23:37:30+00:00,api/validate,1.8,1,1,UNKNOWN
2026-03-13T23:37:30+00:00,api/normal,0.64,0,1,none
2026-03-13T23:37:30+00:00,api/normal,0.65,0,1,none
2026-03-13T23:37:30+00:00,api/error,1.57,1,1,SYSTEM_ERROR
2026-03-13T23:37:32+00:00,api/slow,1813.52,0,1,none
2026-03-13T23:37:32+00:00,api/normal,1.12,0,1,none
2026-03-13T23:37:32+00:00,api/normal,0.65,0,1,none
2026-03-13T23:37:32+00:00,api/normal,0.65,0,1,none
2026-03-13T23:37:32+00:00,api/normal,0.65,0,1,none
2026-03-13T23:37:32+00:00,api/normal,0.64,0,1,none
2026-03-13T23:37:32+00:00,api/normal,0.65,0,1,none
2026-03-13T23:37:32+00:00,api/normal,0.66,0,1,none
2026-03-13T23:37:32+00:00,api/normal,0.65,0,1,none
2026-03-13T23:37:32+00:00,api/normal,0.66,0,1,none
2026-03-13T23:37:32+00:00,api/normal,0.66,0,1,none
2026-03-13T23:37:32+00:00,api/normal,0.71,0,1,none
2026-03-13T23:37:32+00:00,api/normal,0.65,0,1,none
2026-03-13T23:37:32+00:00,api/normal,0.67,0,1,none
2026-03-13T23:37:32+00:00,api/normal,0.64,0,1,none
2026-03-13T23:37:32+00:00,api/normal,0.74,0,1,none
2026-03-13T23:37:32+00:00,api/normal,0.73,0,1,none
2026-03-13T23:37:32+00:00,api/normal,0.84,0,1,none
2026-03-13T23:37:32+00:00,api/db,2.44,0,1,none
2026-03-13T23:37:33+00:00,api/slow,1147.01,0,1,none
2026-03-13T23:37:35+00:00,api/slow,1935.57,0,1,none
2026-03-13T23:37:35+00:00,api/normal,1.17,0,1,none
2026-03-13T23:37:42+00:00,api/slow,7002.98,0,1,TIMEOUT_ERROR
2026-03-13T23:37:42+00:00,api/normal,1.24,0,1,none
2026-03-13T23:37:42+00:00,api/db,2.89,0,1,none
2026-03-13T23:37:42+00:00,api/normal,0.65,0,1,none
2026-03-13T23:37:44+00:00,api/slow,1450.52,0,1,none
2026-03-13T23:37:44+00:00,api/normal,0.66,0,1,none
2026-03-13T23:37:44+00:00,api/normal,0.67,0,1,none
2026-03-13T23:37:44+00:00,api/normal,0.64,0,1,none
2026-03-13T23:37:44+00:00,api/normal,0.68,0,1,none
2026-03-13T23:37:44+00:00,api/normal,0.65,0,1,none
2026-03-13T23:37:44+00:00,api/normal,0.68,0,1,none
2026-03-13T23:37:44+00:00,api/normal,0.66,0,1,none
2026-03-13T23:37:44+00:00,api/normal,0.64,0,1,none
2026-03-13T23:37:44+00:00,api/normal,0.66,0,1,none
2026-03-13T23:37:44+00:00,api/normal,0.66,0,1,none
2026-03-13T23:37:46+00:00,api/slow,1984.04,0,1,none
2026-03-13T23:37:47+00:00,api/slow,1300.01,0,1,none
2026-03-13T23:37:47+00:00,api/normal,0.76,0,1,none
2026-03-13T23:37:47+00:00,api/normal,0.74,0,1,none
2026-03-13T23:37:47+00:00,api/normal,0.71,0,1,none
2026-03-13T23:37:47+00:00,api/normal,0.7,0,1,none
2026-03-13T23:37:48+00:00,api/slow,1010.28,0,1,none
2026-03-13T23:37:48+00:00,api/normal,0.73,0,1,none
2026-03-13T23:37:49+00:00,api/slow,1163.95,0,1,none
2026-03-13T23:37:49+00:00,api/normal,1.21,0,1,none
2026-03-13T23:37:49+00:00,api/normal,1.07,0,1,none
2026-03-13T23:37:49+00:00,api/normal,0.69,0,1,none
2026-03-13T23:37:55+00:00,api/slow,5002.16,0,1,TIMEOUT_ERROR
2026-03-13T23:37:55+00:00,api/normal,1.18,0,1,none
2026-03-13T23:37:55+00:00,api/normal,0.83,0,1,none
2026-03-13T23:37:56+00:00,api/slow,1907.47,0,1,none
2026-03-13T23:37:57+00:00,api/normal,0.67,0,1,none
2026-03-13T23:37:57+00:00,api/normal,0.65,0,1,none
2026-03-13T23:37:57+00:00,api/normal,0.64,0,1,none
2026-03-13T23:37:57+00:00,api/normal,0.66,0,1,none
2026-03-13T23:37:57+00:00,api/normal,0.72,0,1,none
2026-03-13T23:37:58+00:00,api/slow,1618.52,0,1,none
2026-03-13T23:37:58+00:00,api/normal,0.67,0,1,none
2026-03-13T23:37:58+00:00,api/normal,0.67,0,1,none
2026-03-13T23:37:58+00:00,api/normal,0.65,0,1,none
2026-03-13T23:37:58+00:00,api/normal,0.64,0,1,none
2026-03-13T23:37:58+00:00,api/normal,0.65,0,1,none
2026-03-13T23:37:58+00:00,api/validate,1.98,1,1,UNKNOWN
2026-03-13T23:37:58+00:00,api/error,1.66,1,1,SYSTEM_ERROR
2026-03-13T23:37:58+00:00,api/normal,0.71,0,1,none
2026-03-13T23:37:58+00:00,api/normal,0.65,0,1,none
2026-03-13T23:37:58+00:00,api/normal,0.7,0,1,none
2026-03-13T23:37:58+00:00,api/normal,0.66,0,1,none
2026-03-13T23:37:58+00:00,api/normal,0.73,0,1,none
2026-03-13T23:37:58+00:00,api/normal,0.74,0,1,none
2026-03-13T23:37:58+00:00,api/normal,0.67,0,1,none
2026-03-13T23:38:00+00:00,api/slow,1245.96,0,1,none
2026-03-13T23:38:00+00:00,api/normal,0.65,0,1,none
2026-03-13T23:38:00+00:00,api/normal,0.65,0,1,none
2026-03-13T23:38:00+00:00,api/normal,0.66,0,1,none
2026-03-13T23:38:00+00:00,api/normal,0.64,0,1,none
2026-03-13T23:38:00+00:00,api/normal,0.79,0,1,none
2026-03-13T23:38:01+00:00,api/slow,1184.17,0,1,none
2026-03-13T23:38:01+00:00,api/normal,1.2,0,1,none
2026-03-13T23:38:08+00:00,api/slow,7007.55,0,1,TIMEOUT_ERROR
2026-03-13T23:38:08+00:00,api/normal,1.21,0,1,none
2026-03-13T23:38:10+00:00,api/slow,1907.59,0,1,none
2026-03-13T23:38:10+00:00,api/normal,0.74,0,1,none
2026-03-13T23:38:10+00:00,api/normal,0.65,0,1,none
2026-03-13T23:38:15+00:00,api/slow,5012.44,0,1,TIMEOUT_ERROR
2026-03-13T23:38:15+00:00,api/normal,1.13,0,1,none
2026-03-13T23:38:15+00:00,api/normal,0.71,0,1,none
2026-03-13T23:38:15+00:00,api/normal,0.67,0,1,none
2026-03-13T23:38:17+00:00,api/slow,1975.05,0,1,none
2026-03-13T23:38:17+00:00,api/normal,0.81,0,1,none
2026-03-13T23:38:17+00:00,api/normal,0.66,0,1,none
2026-03-13T23:38:17+00:00,api/normal,0.64,0,1,none
2026-03-13T23:38:17+00:00,api/normal,0.66,0,1,none
2026-03-13T23:38:17+00:00,api/normal,0.67,0,1,none
2026-03-13T23:38:17+00:00,api/normal,0.68,0,1,none
2026-03-13T23:38:17+00:00,api/error,2.23,1,1,SYSTEM_ERROR
2026-03-13T23:38:22+00:00,api/slow,5017.19,0,1,TIMEOUT_ERROR
2026-03-13T23:38:22+00:00,api/validate,4.71,1,1,UNKNOWN
2026-03-13T23:38:22+00:00,api/normal,0.65,0,1,none
2026-03-13T23:38:22+00:00,api/normal,0.67,0,1,none
2026-03-13T23:38:24+00:00,api/slow,1113.98,0,1,none
2026-03-13T23:38:24+00:00,api/normal,0.66,0,1,none
2026-03-13T23:38:24+00:00,api/normal,0.66,0,1,none
2026-03-13T23:38:24+00:00,api/validate,1.49,1,1,UNKNOWN
2026-03-13T23:38:24+00:00,api/normal,0.65,0,1,none
2026-03-13T23:38:24+00:00,api/normal,0.65,0,1,none
2026-03-13T23:38:31+00:00,api/slow,7009.04,0,1,TIMEOUT_ERROR
2026-03-13T23:38:31+00:00,api/normal,1.14,0,1,none
2026-03-13T23:38:31+00:00,api/normal,0.74,0,1,none
2026-03-13T23:38:31+00:00,api/normal,0.66,0,1,none
2026-03-13T23:38:31+00:00,api/normal,0.67,0,1,none
2026-03-13T23:38:31+00:00,api/normal,0.65,0,1,none
2026-03-13T23:38:31+00:00,api/normal,0.65,0,1,none
2026-03-13T23:38:31+00:00,api/normal,0.66,0,1,none
2026-03-13T23:38:31+00:00,api/normal,0.74,0,1,none
2026-03-13T23:38:31+00:00,api/normal,0.66,0,1,none
2026-03-13T23:38:32+00:00,api/slow,1659.04,0,1,none
2026-03-13T23:38:32+00:00,api/normal,1.08,0,1,none
2026-03-13T23:38:33+00:00,api/normal,0.76,0,1,none
2026-03-13T23:38:33+00:00,api/normal,0.73,0,1,none
2026-03-13T23:38:33+00:00,api/normal,0.69,0,1,none
2026-03-13T23:38:33+00:00,api/normal,0.69,0,1,none
2026-03-13T23:38:38+00:00,api/slow,5011.98,0,1,TIMEOUT_ERROR
2026-03-13T23:38:38+00:00,api/normal,1.21,0,1,none
2026-03-13T23:38:39+00:00,api/slow,1511.05,0,1,none
2026-03-13T23:38:39+00:00,api/normal,0.65,0,1,none
2026-03-13T23:38:39+00:00,api/normal,0.65,0,1,none
2026-03-13T23:38:39+00:00,api/normal,0.65,0,1,none
2026-03-13T23:38:39+00:00,api/normal,0.66,0,1,none
2026-03-13T23:38:39+00:00,api/normal,0.67,0,1,none
2026-03-13T23:38:39+00:00,api/normal,0.64,0,1,none
2026-03-13T23:38:39+00:00,api/normal,0.64,0,1,none
2026-03-13T23:38:39+00:00,api/normal,0.64,0,1,none
2026-03-13T23:38:39+00:00,api/normal,0.71,0,1,none
2026-03-13T23:38:41+00:00,api/slow,1857.47,0,1,none
2026-03-13T23:38:41+00:00,api/normal,1.33,0,1,none
2026-03-13T23:38:41+00:00,api/normal,0.66,0,1,none
2026-03-13T23:38:47+00:00,api/slow,6007.16,0,1,TIMEOUT_ERROR
2026-03-13T23:38:49+00:00,api/slow,1729.14,0,1,none
2026-03-13T23:38:49+00:00,api/normal,0.73,0,1,none
2026-03-13T23:38:49+00:00,api/normal,0.66,0,1,none
2026-03-13T23:38:49+00:00,api/normal,0.74,0,1,none
2026-03-13T23:38:49+00:00,api/normal,0.64,0,1,none
2026-03-13T23:38:49+00:00,api/normal,0.66,0,1,none
2026-03-13T23:38:49+00:00,api/normal,0.64,0,1,none
2026-03-13T23:38:51+00:00,api/slow,1854.16,0,1,none
2026-03-13T23:38:51+00:00,api/normal,1.25,0,1,none
2026-03-13T23:38:51+00:00,api/normal,0.74,0,1,none
2026-03-13T23:38:51+00:00,api/normal,0.77,0,1,none
2026-03-13T23:38:51+00:00,api/normal,0.73,0,1,none
2026-03-13T23:38:51+00:00,api/normal,0.72,0,1,none
2026-03-13T23:38:51+00:00,api/normal,0.71,0,1,none
2026-03-13T23:38:51+00:00,api/normal,0.74,0,1,none
2026-03-13T23:38:56+00:00,api/slow,5005.54,0,1,TIMEOUT_ERROR
2026-03-13T23:38:56+00:00,api/normal,1.19,0,1,none
2026-03-13T23:38:56+00:00,api/normal,0.67,0,1,none
2026-03-13T23:38:56+00:00,api/normal,0.66,0,1,none
2026-03-13T23:38:56+00:00,api/normal,0.89,0,1,none
2026-03-13T23:38:58+00:00,api/slow,1638.68,0,1,none
2026-03-13T23:38:58+00:00,api/normal,0.77,0,1,none
2026-03-13T23:38:58+00:00,api/normal,0.72,0,1,none
2026-03-13T23:38:58+00:00,api/validate,1.8,1,1,UNKNOWN
2026-03-13T23:38:58+00:00,api/validate,1.52,1,1,UNKNOWN
2026-03-13T23:38:58+00:00,api/normal,0.64,0,1,none
2026-03-13T23:38:58+00:00,api/normal,0.65,0,1,none
2026-03-13T23:38:58+00:00,api/normal,0.66,0,1,none
2026-03-13T23:39:04+00:00,api/slow,6012.09,0,1,TIMEOUT_ERROR
2026-03-13T23:39:04+00:00,api/normal,1.11,0,1,none
2026-03-13T23:39:04+00:00,api/normal,0.66,0,1,none
2026-03-13T23:39:04+00:00,api/validate,1.78,1,1,UNKNOWN
2026-03-13T23:39:04+00:00,api/normal,0.74,0,1,none
2026-03-13T23:39:04+00:00,api/normal,0.66,0,1,none
2026-03-13T23:39:04+00:00,api/normal,0.68,0,1,none
2026-03-13T23:39:04+00:00,api/normal,0.65,0,1,none
2026-03-13T23:39:10+00:00,api/slow,6003.5,0,1,TIMEOUT_ERROR
2026-03-13T23:39:10+00:00,api/normal,1.17,0,1,none
2026-03-13T23:39:10+00:00,api/normal,0.63,0,1,none
2026-03-13T23:39:10+00:00,api/normal,0.65,0,1,none
2026-03-13T23:39:12+00:00,api/slow,1396.35,0,1,none
2026-03-13T23:39:12+00:00,api/normal,0.82,0,1,none
2026-03-13T23:39:13+00:00,api/slow,1289.41,0,1,none
2026-03-13T23:39:13+00:00,api/normal,1.22,0,1,none
2026-03-13T23:39:13+00:00,api/normal,0.65,0,1,none
2026-03-13T23:39:13+00:00,api/validate,3.51,1,1,UNKNOWN
2026-03-13T23:39:13+00:00,api/normal,0.65,0,1,none
2026-03-13T23:39:13+00:00,api/error,1.53,1,1,SYSTEM_ERROR
2026-03-13T23:39:13+00:00,api/error,1.77,1,1,SYSTEM_ERROR
2026-03-13T23:39:13+00:00,api/db,4.14,0,1,none
2026-03-13T23:39:13+00:00,api/normal,0.73,0,1,none
2026-03-13T23:39:15+00:00,api/slow,1750.01,0,1,none
2026-03-13T23:39:17+00:00,api/slow,1761.47,0,1,none
2026-03-13T23:39:19+00:00,api/slow,1834.68,0,1,none
2026-03-13T23:39:20+00:00,api/slow,1051.98,0,1,none
2026-03-13T23:39:20+00:00,api/normal,1.23,0,1,none
2026-03-13T23:39:20+00:00,api/normal,1.04,0,1,none
2026-03-13T23:39:22+00:00,api/slow,1888.52,0,1,none
2026-03-13T23:39:22+00:00,api/normal,0.65,0,1,none
2026-03-13T23:39:22+00:00,api/normal,0.65,0,1,none
2026-03-13T23:39:22+00:00,api/normal,0.68,0,1,none
2026-03-13T23:39:22+00:00,api/normal,0.76,0,1,none
2026-03-13T23:39:22+00:00,api/normal,0.66,0,1,none
2026-03-13T23:39:22+00:00,api/normal,0.66,0,1,none
2026-03-13T23:39:22+00:00,api/normal,0.66,0,1,none
2026-03-13T23:39:22+00:00,api/normal,0.79,0,1,none
2026-03-13T23:39:22+00:00,api/error,1.94,1,1,SYSTEM_ERROR
2026-03-13T23:39:22+00:00,api/normal,0.79,0,1,none
2026-03-13T23:39:22+00:00,api/normal,0.65,0,1,none
2026-03-13T23:39:22+00:00,api/normal,0.67,0,1,none
2026-03-13T23:39:22+00:00,api/normal,0.74,0,1,none
2026-03-13T23:39:22+00:00,api/normal,0.64,0,1,none
2026-03-13T23:39:22+00:00,api/normal,0.65,0,1,none
2026-03-13T23:39:22+00:00,api/normal,0.64,0,1,none
2026-03-13T23:39:22+00:00,api/normal,0.64,0,1,none
2026-03-13T23:39:22+00:00,api/db,11.58,0,1,none
2026-03-13T23:39:22+00:00,api/normal,0.66,0,1,none
2026-03-13T23:39:22+00:00,api/normal,0.65,0,1,none
2026-03-13T23:39:28+00:00,api/slow,6015.05,0,1,TIMEOUT_ERROR
2026-03-13T23:39:30+00:00,api/slow,1581.06,0,1,none
2026-03-13T23:39:30+00:00,api/db,2.5,0,1,none
2026-03-13T23:39:30+00:00,api/normal,0.78,0,1,none
2026-03-13T23:39:30+00:00,api/normal,0.65,0,1,none
2026-03-13T23:39:31+00:00,api/slow,1069.57,0,1,none
2026-03-13T23:39:31+00:00,api/normal,1.16,0,1,none
2026-03-13T23:39:32+00:00,api/slow,1640.52,0,1,none
2026-03-13T23:39:32+00:00,api/normal,0.65,0,1,none
2026-03-13T23:39:32+00:00,api/validate,1.82,1,1,UNKNOWN
2026-03-13T23:39:32+00:00,api/db,2.26,0,1,none
2026-03-13T23:39:32+00:00,api/error,1.54,1,1,SYSTEM_ERROR
2026-03-13T23:39:34+00:00,api/slow,1085.48,0,1,none
2026-03-13T23:39:34+00:00,api/normal,1.21,0,1,none
2026-03-13T23:39:34+00:00,api/normal,0.74,0,1,none
2026-03-13T23:39:34+00:00,api/normal,0.65,0,1,none
2026-03-13T23:39:34+00:00,api/normal,0.65,0,1,none
2026-03-13T23:39:34+00:00,api/validate,1.52,1,1,UNKNOWN
2026-03-13T23:39:34+00:00,api/normal,0.66,0,1,none
2026-03-13T23:39:34+00:00,api/normal,0.69,0,1,none
2026-03-13T23:39:34+00:00,api/db,2.78,0,1,none
2026-03-13T23:39:34+00:00,api/normal,0.65,0,1,none
2026-03-13T23:39:34+00:00,api/normal,0.68,0,1,none
2026-03-13T23:39:34+00:00,api/normal,0.69,0,1,none
2026-03-13T23:39:34+00:00,api/normal,0.83,0,1,none
2026-03-13T23:39:34+00:00,api/normal,0.65,0,1,none
2026-03-13T23:39:34+00:00,api/normal,0.76,0,1,none
2026-03-13T23:39:34+00:00,api/normal,0.64,0,1,none
2026-03-13T23:39:34+00:00,api/normal,0.66,0,1,none
2026-03-13T23:39:34+00:00,api/error,1.63,1,1,SYSTEM_ERROR
2026-03-13T23:39:40+00:00,api/slow,6011.34,0,1,TIMEOUT_ERROR
2026-03-13T23:39:40+00:00,api/normal,1.31,0,1,none
2026-03-13T23:39:46+00:00,api/slow,6005.36,0,1,TIMEOUT_ERROR
2026-03-13T23:39:46+00:00,api/normal,1.12,0,1,none
2026-03-13T23:39:46+00:00,api/normal,0.79,0,1,none
2026-03-13T23:39:46+00:00,api/db,2.84,0,1,none
2026-03-13T23:39:46+00:00,api/normal,0.67,0,1,none
2026-03-13T23:39:46+00:00,api/normal,0.65,0,1,none
2026-03-13T23:39:46+00:00,api/normal,0.64,0,1,none
2026-03-13T23:39:46+00:00,api/normal,0.71,0,1,none
2026-03-13T23:39:46+00:00,api/normal,0.76,0,1,none
2026-03-13T23:39:47+00:00,api/slow,1131.8,0,1,none
2026-03-13T23:39:47+00:00,api/error,1.97,1,1,SYSTEM_ERROR
2026-03-13T23:39:47+00:00,api/normal,0.66,0,1,none
2026-03-13T23:39:47+00:00,api/normal,0.74,0,1,none
2026-03-13T23:39:49+00:00,api/slow,1812.44,0,1,none
2026-03-13T23:39:49+00:00,api/db,6.12,0,1,none
2026-03-13T23:39:49+00:00,api/error,1.8,1,1,SYSTEM_ERROR
2026-03-13T23:39:49+00:00,api/normal,0.64,0,1,none
2026-03-13T23:39:49+00:00,api/normal,0.64,0,1,none
2026-03-13T23:39:51+00:00,api/slow,1910,0,1,none
2026-03-13T23:39:51+00:00,api/normal,0.66,0,1,none
2026-03-13T23:39:53+00:00,api/slow,1594.32,0,1,none
2026-03-13T23:39:53+00:00,api/normal,1.26,0,1,none
2026-03-13T23:39:53+00:00,api/normal,0.67,0,1,none
2026-03-13T23:39:53+00:00,api/db,3.27,0,1,none
2026-03-13T23:39:53+00:00,api/normal,0.81,0,1,none
2026-03-13T23:39:53+00:00,api/normal,0.76,0,1,none
2026-03-13T23:39:53+00:00,api/validate,2,1,1,UNKNOWN
2026-03-13T23:39:53+00:00,api/normal,0.73,0,1,none
2026-03-13T23:39:53+00:00,api/normal,0.73,0,1,none
2026-03-13T23:39:54+00:00,api/slow,1011.59,0,1,none
2026-03-13T23:39:54+00:00,api/normal,0.79,0,1,none
2026-03-13T23:39:54+00:00,api/normal,1.01,0,1,none
2026-03-13T23:39:59+00:00,api/slow,5013.11,0,1,TIMEOUT_ERROR
2026-03-13T23:39:59+00:00,api/normal,1.15,0,1,none
2026-03-13T23:39:59+00:00,api/normal,0.66,0,1,none
2026-03-13T23:40:00+00:00,api/slow,1070.2,0,1,none
2026-03-13T23:40:00+00:00,api/normal,0.64,0,1,none
2026-03-13T23:40:00+00:00,api/normal,0.82,0,1,none
2026-03-13T23:40:00+00:00,api/normal,0.65,0,1,none
2026-03-13T23:40:00+00:00,api/normal,0.69,0,1,none
2026-03-13T23:40:00+00:00,api/normal,0.66,0,1,none
2026-03-13T23:40:00+00:00,api/normal,0.64,0,1,none
2026-03-13T23:40:00+00:00,api/normal,0.65,0,1,none
2026-03-13T23:40:00+00:00,api/validate,2.19,1,1,UNKNOWN
2026-03-13T23:40:00+00:00,api/normal,1.02,0,1,none
2026-03-13T23:40:00+00:00,api/normal,0.69,0,1,none
2026-03-13T23:40:06+00:00,api/slow,6008.52,0,1,TIMEOUT_ERROR
2026-03-13T23:40:06+00:00,api/normal,1.13,0,1,none
2026-03-13T23:40:06+00:00,api/normal,0.65,0,1,none
2026-03-13T23:40:07+00:00,api/normal,0.67,0,1,none
2026-03-13T23:40:07+00:00,api/normal,0.78,0,1,none
2026-03-13T23:40:07+00:00,api/normal,0.66,0,1,none
2026-03-13T23:40:08+00:00,api/slow,1905.5,0,1,none
2026-03-13T23:40:10+00:00,api/slow,1742.33,0,1,none
2026-03-13T23:40:10+00:00,api/normal,1.12,0,1,none
2026-03-13T23:40:10+00:00,api/normal,0.73,0,1,none
2026-03-13T23:40:12+00:00,api/slow,1750.1,0,1,none
2026-03-13T23:40:12+00:00,api/normal,0.73,0,1,none
2026-03-13T23:40:12+00:00,api/normal,0.65,0,1,none
2026-03-13T23:40:12+00:00,api/normal,0.65,0,1,none
2026-03-13T23:40:12+00:00,api/normal,0.67,0,1,none
2026-03-13T23:40:12+00:00,api/validate,1.88,1,1,UNKNOWN
2026-03-13T23:40:12+00:00,api/normal,0.68,0,1,none
2026-03-13T23:40:13+00:00,api/slow,1211.78,0,1,none
2026-03-13T23:40:19+00:00,api/slow,6011.76,0,1,TIMEOUT_ERROR
2026-03-13T23:40:21+00:00,api/slow,1190.18,0,1,none
2026-03-13T23:40:21+00:00,api/validate,1.95,1,1,UNKNOWN
2026-03-13T23:40:22+00:00,api/slow,1547.63,0,1,none
2026-03-13T23:40:22+00:00,api/normal,1.21,0,1,none
2026-03-13T23:40:22+00:00,api/error,1.48,1,1,SYSTEM_ERROR
2026-03-13T23:40:22+00:00,api/normal,0.65,0,1,none
2026-03-13T23:40:22+00:00,api/normal,0.64,0,1,none
2026-03-13T23:40:24+00:00,api/slow,1357.78,0,1,none
2026-03-13T23:40:24+00:00,api/error,1.91,1,1,SYSTEM_ERROR
2026-03-13T23:40:24+00:00,api/normal,0.65,0,1,none
2026-03-13T23:40:24+00:00,api/normal,0.68,0,1,none
2026-03-13T23:40:25+00:00,api/slow,1423.04,0,1,none
2026-03-13T23:40:25+00:00,api/normal,0.83,0,1,none
2026-03-13T23:40:25+00:00,api/normal,0.66,0,1,none
2026-03-13T23:40:25+00:00,api/normal,0.75,0,1,none
2026-03-13T23:40:25+00:00,api/normal,0.68,0,1,none
2026-03-13T23:40:25+00:00,api/normal,0.8,0,1,none
2026-03-13T23:40:27+00:00,api/slow,1251.26,0,1,none
2026-03-13T23:40:27+00:00,api/normal,0.66,0,1,none
2026-03-13T23:40:27+00:00,api/normal,0.67,0,1,none
2026-03-13T23:40:27+00:00,api/normal,0.67,0,1,none
2026-03-13T23:40:28+00:00,api/slow,1691.76,0,1,none
2026-03-13T23:40:28+00:00,api/normal,1.14,0,1,none
2026-03-13T23:40:30+00:00,api/slow,1614.34,0,1,none
2026-03-13T23:40:30+00:00,api/normal,1.76,0,1,none
2026-03-13T23:40:30+00:00,api/normal,0.65,0,1,none
2026-03-13T23:40:30+00:00,api/normal,0.66,0,1,none
2026-03-13T23:40:37+00:00,api/slow,7006.26,0,1,TIMEOUT_ERROR
2026-03-13T23:40:37+00:00,api/error,2.95,1,1,SYSTEM_ERROR
2026-03-13T23:40:37+00:00,api/normal,0.7,0,1,none
2026-03-13T23:40:37+00:00,api/normal,0.65,0,1,none
2026-03-13T23:40:37+00:00,api/normal,0.77,0,1,none
2026-03-13T23:40:37+00:00,api/normal,0.66,0,1,none
2026-03-13T23:40:37+00:00,api/normal,0.77,0,1,none
2026-03-13T23:40:37+00:00,api/normal,0.67,0,1,none
2026-03-13T23:40:37+00:00,api/normal,0.68,0,1,none
2026-03-13T23:40:37+00:00,api/db,2.34,0,1,none
2026-03-13T23:40:37+00:00,api/normal,0.9,0,1,none
2026-03-13T23:40:37+00:00,api/normal,0.71,0,1,none
2026-03-13T23:40:39+00:00,api/slow,1312.19,0,1,none
2026-03-13T23:40:39+00:00,api/normal,0.65,0,1,none
2026-03-13T23:40:39+00:00,api/normal,0.65,0,1,none
2026-03-13T23:40:39+00:00,api/normal,0.67,0,1,none
2026-03-13T23:40:39+00:00,api/normal,0.66,0,1,none
2026-03-13T23:40:39+00:00,api/normal,0.71,0,1,none
2026-03-13T23:40:39+00:00,api/normal,0.64,0,1,none
2026-03-13T23:40:39+00:00,api/normal,0.66,0,1,none
2026-03-13T23:40:39+00:00,api/error,1.7,1,1,SYSTEM_ERROR
2026-03-13T23:40:39+00:00,api/normal,0.69,0,1,none
2026-03-13T23:40:39+00:00,api/normal,0.77,0,1,none
2026-03-13T23:40:39+00:00,api/normal,0.71,0,1,none
2026-03-13T23:40:39+00:00,api/normal,0.73,0,1,none
2026-03-13T23:40:39+00:00,api/normal,0.71,0,1,none
2026-03-13T23:40:39+00:00,api/normal,0.71,0,1,none
2026-03-13T23:40:39+00:00,api/normal,0.81,0,1,none
2026-03-13T23:40:39+00:00,api/normal,0.7,0,1,none
2026-03-13T23:40:39+00:00,api/normal,0.68,0,1,none
2026-03-13T23:40:39+00:00,api/normal,0.7,0,1,none
2026-03-13T23:40:39+00:00,api/normal,0.75,0,1,none
2026-03-13T23:40:39+00:00,api/normal,0.71,0,1,none
2026-03-13T23:40:39+00:00,api/normal,0.84,0,1,none
2026-03-13T23:40:39+00:00,api/validate,1.7,1,1,UNKNOWN
2026-03-13T23:40:39+00:00,api/normal,0.74,0,1,none
2026-03-13T23:40:39+00:00,api/normal,0.68,0,1,none
2026-03-13T23:40:39+00:00,api/normal,0.69,0,1,none
2026-03-13T23:40:39+00:00,api/normal,0.69,0,1,none
2026-03-13T23:40:39+00:00,api/normal,0.75,0,1,none
2026-03-13T23:40:39+00:00,api/normal,0.72,0,1,none
2026-03-13T23:40:41+00:00,api/slow,1744.73,0,1,none
2026-03-13T23:40:42+00:00,api/slow,1234.25,0,1,none
2026-03-13T23:40:42+00:00,api/normal,0.64,0,1,none
2026-03-13T23:40:42+00:00,api/normal,0.65,0,1,none
2026-03-13T23:40:42+00:00,api/normal,0.67,0,1,none
2026-03-13T23:40:42+00:00,api/normal,0.66,0,1,none
2026-03-13T23:40:42+00:00,api/normal,0.66,0,1,none
2026-03-13T23:40:42+00:00,api/error,1.9,1,1,SYSTEM_ERROR
2026-03-13T23:40:42+00:00,api/validate,1.55,1,1,UNKNOWN
2026-03-13T23:40:42+00:00,api/normal,0.82,0,1,none
2026-03-13T23:40:42+00:00,api/normal,0.67,0,1,none
2026-03-13T23:40:42+00:00,api/normal,0.7,0,1,none
2026-03-13T23:40:42+00:00,api/db,2.98,0,1,none
2026-03-13T23:40:42+00:00,api/normal,0.65,0,1,none
2026-03-13T23:40:42+00:00,api/normal,0.65,0,1,none
2026-03-13T23:40:42+00:00,api/validate,2.08,1,1,UNKNOWN
2026-03-13T23:40:42+00:00,api/normal,0.66,0,1,none
2026-03-13T23:40:44+00:00,api/slow,1534.59,0,1,none
2026-03-13T23:40:44+00:00,api/normal,1.15,0,1,none
2026-03-13T23:40:44+00:00,api/normal,0.66,0,1,none
2026-03-13T23:40:44+00:00,api/normal,0.66,0,1,none
2026-03-13T23:40:44+00:00,api/db,3.14,0,1,none
2026-03-13T23:40:49+00:00,api/slow,5006.39,0,1,TIMEOUT_ERROR
2026-03-13T23:40:49+00:00,api/normal,1.11,0,1,none
2026-03-13T23:40:49+00:00,api/normal,0.65,0,1,none
2026-03-13T23:40:49+00:00,api/normal,0.65,0,1,none
2026-03-13T23:40:51+00:00,api/slow,1402.61,0,1,none
2026-03-13T23:40:51+00:00,api/error,2.07,1,1,SYSTEM_ERROR
2026-03-13T23:40:52+00:00,api/slow,1780.12,0,1,none
2026-03-13T23:40:52+00:00,api/normal,1.16,0,1,none
2026-03-13T23:40:54+00:00,api/slow,1318.02,0,1,none
2026-03-13T23:40:54+00:00,api/normal,0.67,0,1,none
2026-03-13T23:40:54+00:00,api/normal,0.67,0,1,none
2026-03-13T23:40:54+00:00,api/normal,0.66,0,1,none
2026-03-13T23:40:54+00:00,api/db,2.87,0,1,none
2026-03-13T23:40:55+00:00,api/slow,1564.38,0,1,none
2026-03-13T23:40:57+00:00,api/slow,1203.72,0,1,none
2026-03-13T23:40:57+00:00,api/normal,0.74,0,1,none
2026-03-13T23:40:57+00:00,api/normal,0.83,0,1,none
2026-03-13T23:40:57+00:00,api/normal,0.74,0,1,none
2026-03-13T23:40:57+00:00,api/normal,1.89,0,1,none
2026-03-13T23:40:59+00:00,api/slow,1841.73,0,1,none
2026-03-13T23:40:59+00:00,api/normal,1.32,0,1,none
2026-03-13T23:40:59+00:00,api/normal,0.67,0,1,none
2026-03-13T23:40:59+00:00,api/normal,0.72,0,1,none
2026-03-13T23:40:59+00:00,api/normal,0.74,0,1,none
2026-03-13T23:40:59+00:00,api/normal,0.68,0,1,none
2026-03-13T23:40:59+00:00,api/normal,0.66,0,1,none
2026-03-13T23:40:59+00:00,api/normal,0.66,0,1,none
2026-03-13T23:40:59+00:00,api/normal,0.77,0,1,none
2026-03-13T23:40:59+00:00,api/normal,0.72,0,1,none
2026-03-13T23:40:59+00:00,api/normal,0.77,0,1,none
2026-03-13T23:41:06+00:00,api/slow,7014.71,0,1,TIMEOUT_ERROR
2026-03-13T23:41:06+00:00,api/normal,1.17,0,1,none
2026-03-13T23:41:06+00:00,api/normal,0.67,0,1,none
2026-03-13T23:41:06+00:00,api/normal,0.66,0,1,none
2026-03-13T23:41:06+00:00,api/normal,0.83,0,1,none
2026-03-13T23:41:06+00:00,api/normal,0.82,0,1,none
2026-03-13T23:41:06+00:00,api/normal,0.91,0,1,none
2026-03-13T23:41:06+00:00,api/normal,0.76,0,1,none
2026-03-13T23:41:07+00:00,api/slow,1441.75,0,1,none
2026-03-13T23:41:07+00:00,api/normal,0.74,0,1,none
2026-03-13T23:41:07+00:00,api/db,2.45,0,1,none
2026-03-13T23:41:09+00:00,api/slow,2007.34,0,1,none
2026-03-13T23:41:09+00:00,api/normal,1.13,0,1,none
2026-03-13T23:41:10+00:00,api/error,2.14,1,1,SYSTEM_ERROR
2026-03-13T23:41:10+00:00,api/normal,0.79,0,1,none
2026-03-13T23:41:10+00:00,api/normal,0.64,0,1,none
2026-03-13T23:41:11+00:00,api/slow,1394.74,0,1,none
2026-03-13T23:41:12+00:00,api/slow,1188.11,0,1,none
2026-03-13T23:41:14+00:00,api/slow,1388.39,0,1,none
2026-03-13T23:41:14+00:00,api/validate,3.68,1,1,UNKNOWN
2026-03-13T23:41:14+00:00,api/normal,0.64,0,1,none
2026-03-13T23:41:14+00:00,api/normal,0.69,0,1,none
2026-03-13T23:41:19+00:00,api/slow,5003.24,0,1,TIMEOUT_ERROR
2026-03-13T23:41:19+00:00,api/normal,1.11,0,1,none
2026-03-13T23:41:19+00:00,api/normal,0.72,0,1,none
2026-03-13T23:41:19+00:00,api/normal,0.64,0,1,none
2026-03-13T23:41:19+00:00,api/normal,0.66,0,1,none
2026-03-13T23:41:19+00:00,api/normal,0.82,0,1,none
2026-03-13T23:41:19+00:00,api/normal,0.77,0,1,none
2026-03-13T23:41:19+00:00,api/normal,0.85,0,1,none
2026-03-13T23:41:19+00:00,api/normal,0.87,0,1,none
2026-03-13T23:41:19+00:00,api/normal,0.76,0,1,none
2026-03-13T23:41:19+00:00,api/normal,0.69,0,1,none
2026-03-13T23:41:19+00:00,api/normal,0.66,0,1,none
2026-03-13T23:41:19+00:00,api/normal,0.75,0,1,none
2026-03-13T23:41:19+00:00,api/normal,0.76,0,1,none
2026-03-13T23:41:20+00:00,api/slow,1012.61,0,1,none
2026-03-13T23:41:20+00:00,api/error,1.92,1,1,SYSTEM_ERROR
2026-03-13T23:41:21+00:00,api/slow,1237.01,0,1,none
2026-03-13T23:41:23+00:00,api/slow,1611.89,0,1,none
2026-03-13T23:41:23+00:00,api/normal,1.12,0,1,none
2026-03-13T23:41:29+00:00,api/slow,6008.47,0,1,TIMEOUT_ERROR
2026-03-13T23:41:29+00:00,api/normal,1.23,0,1,none
2026-03-13T23:41:30+00:00,api/slow,1093.14,0,1,none
2026-03-13T23:41:30+00:00,api/normal,0.7,0,1,none
2026-03-13T23:41:30+00:00,api/db,3.4,0,1,none
2026-03-13T23:41:30+00:00,api/normal,0.74,0,1,none
2026-03-13T23:41:30+00:00,api/normal,0.65,0,1,none
2026-03-13T23:41:30+00:00,api/error,1.78,1,1,SYSTEM_ERROR
2026-03-13T23:41:30+00:00,api/normal,0.64,0,1,none
2026-03-13T23:41:30+00:00,api/error,1.53,1,1,SYSTEM_ERROR
2026-03-13T23:41:32+00:00,api/slow,1604.55,0,1,none
2026-03-13T23:41:32+00:00,api/normal,1.16,0,1,none
2026-03-13T23:41:32+00:00,api/normal,0.7,0,1,none
2026-03-13T23:41:32+00:00,api/normal,0.68,0,1,none
2026-03-13T23:41:32+00:00,api/normal,0.96,0,1,none
2026-03-13T23:41:33+00:00,api/slow,1618.9,0,1,none
2026-03-13T23:41:35+00:00,api/slow,1435.42,0,1,none
2026-03-13T23:41:35+00:00,api/normal,1.24,0,1,none
2026-03-13T23:41:37+00:00,api/slow,1540.17,0,1,none
2026-03-13T23:41:37+00:00,api/normal,0.66,0,1,none
2026-03-13T23:41:38+00:00,api/slow,1137.35,0,1,none
2026-03-13T23:41:38+00:00,api/normal,1.14,0,1,none
2026-03-13T23:41:38+00:00,api/normal,0.71,0,1,none
2026-03-13T23:41:39+00:00,api/slow,1132.77,0,1,none
2026-03-13T23:41:39+00:00,api/normal,0.74,0,1,none
2026-03-13T23:41:39+00:00,api/normal,0.71,0,1,none
2026-03-13T23:41:39+00:00,api/normal,0.67,0,1,none
2026-03-13T23:41:39+00:00,api/normal,0.8,0,1,none
2026-03-13T23:41:39+00:00,api/normal,0.7,0,1,none
2026-03-13T23:41:39+00:00,api/normal,0.7,0,1,none
2026-03-13T23:41:39+00:00,api/normal,0.7,0,1,none
2026-03-13T23:41:39+00:00,api/normal,0.68,0,1,none
2026-03-13T23:41:39+00:00,api/normal,0.75,0,1,none
2026-03-13T23:41:39+00:00,api/normal,0.7,0,1,none
2026-03-13T23:41:39+00:00,api/normal,0.65,0,1,none
2026-03-13T23:41:39+00:00,api/normal,0.67,0,1,none
2026-03-13T23:41:39+00:00,api/normal,0.68,0,1,none
2026-03-13T23:41:41+00:00,api/slow,1559.07,0,1,none
2026-03-13T23:41:41+00:00,api/error,2.62,1,1,SYSTEM_ERROR
2026-03-13T23:41:41+00:00,api/db,2.27,0,1,none
2026-03-13T23:41:41+00:00,api/normal,0.65,0,1,none
2026-03-13T23:41:41+00:00,api/normal,0.91,0,1,none
2026-03-13T23:41:41+00:00,api/normal,0.76,0,1,none
2026-03-13T23:41:41+00:00,api/normal,0.66,0,1,none
2026-03-13T23:41:41+00:00,api/normal,0.71,0,1,none
2026-03-13T23:41:42+00:00,api/slow,1030.88,0,1,none
2026-03-13T23:41:42+00:00,api/normal,0.65,0,1,none
2026-03-13T23:41:42+00:00,api/normal,0.65,0,1,none
2026-03-13T23:41:42+00:00,api/normal,0.66,0,1,none
2026-03-13T23:41:44+00:00,api/slow,1809.68,0,1,none
2026-03-13T23:41:44+00:00,api/normal,1.21,0,1,none
2026-03-13T23:41:45+00:00,api/slow,1597.99,0,1,none
2026-03-13T23:41:45+00:00,api/normal,0.99,0,1,none
2026-03-13T23:41:47+00:00,api/slow,1783.77,0,1,none
2026-03-13T23:41:47+00:00,api/normal,1.16,0,1,none
2026-03-13T23:41:49+00:00,api/slow,1723.21,0,1,none
2026-03-13T23:41:49+00:00,api/normal,0.75,0,1,none
2026-03-13T23:41:55+00:00,api/slow,6004.34,0,1,TIMEOUT_ERROR
2026-03-13T23:41:55+00:00,api/normal,4.16,0,1,none
2026-03-13T23:41:55+00:00,api/normal,0.68,0,1,none
2026-03-13T23:41:57+00:00,api/slow,1505.01,0,1,none
2026-03-13T23:41:57+00:00,api/normal,0.66,0,1,none
2026-03-13T23:41:57+00:00,api/normal,0.72,0,1,none
2026-03-13T23:41:57+00:00,api/normal,0.74,0,1,none
2026-03-13T23:41:57+00:00,api/normal,0.67,0,1,none
2026-03-13T23:41:57+00:00,api/db,2.44,0,1,none
2026-03-13T23:41:57+00:00,api/normal,0.65,0,1,none
2026-03-13T23:41:57+00:00,api/normal,0.64,0,1,none
2026-03-13T23:41:57+00:00,api/normal,0.76,0,1,none
2026-03-13T23:41:57+00:00,api/normal,0.83,0,1,none
2026-03-13T23:41:57+00:00,api/normal,0.7,0,1,none
2026-03-13T23:41:59+00:00,api/slow,1911.48,0,1,none
2026-03-13T23:41:59+00:00,api/normal,1.28,0,1,none
2026-03-13T23:41:59+00:00,api/normal,0.88,0,1,none
2026-03-13T23:42:01+00:00,api/slow,1918.56,0,1,none
2026-03-13T23:42:02+00:00,api/slow,1525.3,0,1,none
2026-03-13T23:42:02+00:00,api/normal,1.18,0,1,none
2026-03-13T23:42:08+00:00,api/slow,6006.8,0,1,TIMEOUT_ERROR
2026-03-13T23:42:10+00:00,api/slow,1819.54,0,1,none
2026-03-13T23:42:10+00:00,api/normal,0.67,0,1,none
2026-03-13T23:42:12+00:00,api/slow,1881.92,0,1,none
2026-03-13T23:42:12+00:00,api/normal,1.27,0,1,none
2026-03-13T23:42:14+00:00,api/slow,1579.91,0,1,none
2026-03-13T23:42:14+00:00,api/normal,0.67,0,1,none
2026-03-13T23:42:14+00:00,api/error,1.93,1,1,SYSTEM_ERROR
2026-03-13T23:42:14+00:00,api/normal,0.67,0,1,none
2026-03-13T23:42:14+00:00,api/normal,0.88,0,1,none
2026-03-13T23:42:14+00:00,api/normal,0.68,0,1,none
2026-03-13T23:42:15+00:00,api/slow,1297.36,0,1,none
2026-03-13T23:42:15+00:00,api/normal,1.15,0,1,none
2026-03-13T23:42:15+00:00,api/normal,0.66,0,1,none
2026-03-13T23:42:15+00:00,api/normal,0.7,0,1,none
2026-03-13T23:42:15+00:00,api/normal,0.68,0,1,none
2026-03-13T23:42:15+00:00,api/normal,0.67,0,1,none
2026-03-13T23:42:20+00:00,api/slow,5007.66,0,1,TIMEOUT_ERROR
2026-03-13T23:42:20+00:00,api/normal,1.16,0,1,none
2026-03-13T23:42:20+00:00,api/normal,0.67,0,1,none
2026-03-13T23:42:20+00:00,api/normal,0.79,0,1,none
2026-03-13T23:42:21+00:00,api/slow,1080.86,0,1,none
2026-03-13T23:42:21+00:00,api/normal,0.69,0,1,none
2026-03-13T23:42:21+00:00,api/normal,0.68,0,1,none
2026-03-13T23:42:21+00:00,api/normal,0.72,0,1,none
2026-03-13T23:42:23+00:00,api/slow,1207.74,0,1,none
2026-03-13T23:42:23+00:00,api/normal,1.14,0,1,none
2026-03-13T23:42:23+00:00,api/normal,0.66,0,1,none
2026-03-13T23:42:23+00:00,api/error,1.87,1,1,SYSTEM_ERROR
2026-03-13T23:42:23+00:00,api/normal,0.73,0,1,none
2026-03-13T23:42:23+00:00,api/normal,0.66,0,1,none
2026-03-13T23:42:23+00:00,api/normal,0.64,0,1,none
2026-03-13T23:42:24+00:00,api/slow,1476.08,0,1,none
2026-03-13T23:42:24+00:00,api/normal,0.67,0,1,none
2026-03-13T23:42:29+00:00,api/slow,5001.31,0,1,TIMEOUT_ERROR
2026-03-13T23:42:29+00:00,api/normal,0.81,0,1,none
2026-03-13T23:42:31+00:00,api/slow,1900.61,0,1,none
2026-03-13T23:42:31+00:00,api/normal,0.65,0,1,none
2026-03-13T23:42:33+00:00,api/slow,1407.53,0,1,none
2026-03-13T23:42:33+00:00,api/normal,1.24,0,1,none
2026-03-13T23:42:34+00:00,api/slow,1511.6,0,1,none
2026-03-13T23:42:34+00:00,api/normal,0.64,0,1,none
2026-03-13T23:42:34+00:00,api/normal,0.67,0,1,none
2026-03-13T23:42:39+00:00,api/slow,5003.16,0,1,TIMEOUT_ERROR
2026-03-13T23:42:39+00:00,api/normal,1.12,0,1,none
2026-03-13T23:42:39+00:00,api/normal,0.78,0,1,none
2026-03-13T23:42:41+00:00,api/slow,1646.32,0,1,none
2026-03-13T23:42:41+00:00,api/normal,1.16,0,1,none
2026-03-13T23:42:41+00:00,api/normal,0.73,0,1,none
2026-03-13T23:42:41+00:00,api/normal,0.65,0,1,none
2026-03-13T23:42:41+00:00,api/normal,0.73,0,1,none
2026-03-13T23:42:41+00:00,api/normal,0.66,0,1,none
2026-03-13T23:42:43+00:00,api/slow,1948.75,0,1,none
2026-03-13T23:42:43+00:00,api/normal,1.18,0,1,none
2026-03-13T23:42:43+00:00,api/normal,0.66,0,1,none
2026-03-13T23:42:43+00:00,api/normal,0.74,0,1,none
2026-03-13T23:42:43+00:00,api/normal,0.64,0,1,none
2026-03-13T23:42:43+00:00,api/normal,0.66,0,1,none
2026-03-13T23:42:43+00:00,api/normal,0.64,0,1,none
2026-03-13T23:42:50+00:00,api/slow,7007.33,0,1,TIMEOUT_ERROR
2026-03-13T23:42:50+00:00,api/normal,1.24,0,1,none
2026-03-13T23:42:50+00:00,api/normal,0.65,0,1,none
2026-03-13T23:42:50+00:00,api/normal,0.63,0,1,none
2026-03-13T23:42:52+00:00,api/slow,1466.55,0,1,none
2026-03-13T23:42:52+00:00,api/normal,0.78,0,1,none
2026-03-13T23:42:52+00:00,api/normal,0.97,0,1,none
2026-03-13T23:42:54+00:00,api/slow,1718.58,0,1,none
2026-03-13T23:42:54+00:00,api/normal,1.15,0,1,none
2026-03-13T23:42:54+00:00,api/error,1.97,1,1,SYSTEM_ERROR
2026-03-13T23:42:54+00:00,api/normal,0.64,0,1,none
2026-03-13T23:42:59+00:00,api/slow,5006.75,0,1,TIMEOUT_ERROR
2026-03-13T23:43:00+00:00,api/slow,1650.52,0,1,none
2026-03-13T23:43:00+00:00,api/normal,0.66,0,1,none
2026-03-13T23:43:00+00:00,api/normal,0.65,0,1,none
2026-03-13T23:43:00+00:00,api/error,1.97,1,1,SYSTEM_ERROR
2026-03-13T23:43:00+00:00,api/normal,0.67,0,1,none
2026-03-13T23:43:00+00:00,api/normal,0.63,0,1,none
2026-03-13T23:43:00+00:00,api/normal,0.65,0,1,none
2026-03-13T23:43:01+00:00,api/normal,0.64,0,1,none
2026-03-13T23:43:01+00:00,api/error,1.78,1,1,SYSTEM_ERROR
2026-03-13T23:43:02+00:00,api/slow,1242.61,0,1,none
2026-03-13T23:43:07+00:00,api/slow,5002.83,0,1,TIMEOUT_ERROR
2026-03-13T23:43:07+00:00,api/normal,1.29,0,1,none
2026-03-13T23:43:07+00:00,api/normal,0.75,0,1,none
2026-03-13T23:43:07+00:00,api/normal,0.66,0,1,none
2026-03-13T23:43:07+00:00,api/validate,2.29,1,1,UNKNOWN
2026-03-13T23:43:07+00:00,api/normal,0.74,0,1,none
2026-03-13T23:43:09+00:00,api/slow,1939.02,0,1,none
2026-03-13T23:43:10+00:00,api/slow,1013.57,0,1,none
2026-03-13T23:43:12+00:00,api/slow,1588.88,0,1,none
2026-03-13T23:43:14+00:00,api/slow,2003.3,0,1,none
2026-03-13T23:43:14+00:00,api/normal,0.67,0,1,none
2026-03-13T23:43:14+00:00,api/normal,0.64,0,1,none
2026-03-13T23:43:14+00:00,api/normal,0.65,0,1,none
2026-03-13T23:43:14+00:00,api/normal,0.65,0,1,none
2026-03-13T23:43:14+00:00,api/normal,0.64,0,1,none
2026-03-13T23:43:14+00:00,api/normal,0.66,0,1,none
2026-03-13T23:43:15+00:00,api/slow,1058.45,0,1,none
2026-03-13T23:43:15+00:00,api/normal,0.7,0,1,none
2026-03-13T23:43:15+00:00,api/normal,0.7,0,1,none
2026-03-13T23:43:15+00:00,api/normal,0.81,0,1,none
2026-03-13T23:43:15+00:00,api/normal,0.72,0,1,none
2026-03-13T23:43:15+00:00,api/normal,0.71,0,1,none
2026-03-13T23:43:15+00:00,api/normal,0.7,0,1,none
2026-03-13T23:43:22+00:00,api/slow,7009.87,0,1,TIMEOUT_ERROR
2026-03-13T23:43:22+00:00,api/error,4.51,1,1,SYSTEM_ERROR
2026-03-13T23:43:22+00:00,api/normal,0.64,0,1,none
2026-03-13T23:43:22+00:00,api/db,2.9,0,1,none
2026-03-13T23:43:22+00:00,api/normal,1.38,0,1,none
2026-03-13T23:43:22+00:00,api/normal,0.66,0,1,none
2026-03-13T23:43:22+00:00,api/normal,0.67,0,1,none
2026-03-13T23:43:22+00:00,api/normal,0.65,0,1,none
2026-03-13T23:43:22+00:00,api/validate,1.61,1,1,UNKNOWN
2026-03-13T23:43:22+00:00,api/normal,0.72,0,1,none
2026-03-13T23:43:22+00:00,api/normal,0.76,0,1,none
2026-03-13T23:43:24+00:00,api/slow,1566.48,0,1,none
2026-03-13T23:43:24+00:00,api/normal,0.67,0,1,none
2026-03-13T23:43:24+00:00,api/normal,0.67,0,1,none
2026-03-13T23:43:24+00:00,api/error,1.61,1,1,SYSTEM_ERROR
2026-03-13T23:43:25+00:00,api/slow,1474.69,0,1,none
2026-03-13T23:43:25+00:00,api/normal,1.14,0,1,none
2026-03-13T23:43:25+00:00,api/db,2.76,0,1,none
2026-03-13T23:43:25+00:00,api/normal,0.64,0,1,none
2026-03-13T23:43:25+00:00,api/normal,0.65,0,1,none
2026-03-13T23:43:25+00:00,api/normal,0.65,0,1,none
2026-03-13T23:43:30+00:00,api/slow,5002.11,0,1,TIMEOUT_ERROR
2026-03-13T23:43:30+00:00,api/normal,1.11,0,1,none
2026-03-13T23:43:30+00:00,api/normal,0.64,0,1,none
2026-03-13T23:43:30+00:00,api/normal,0.66,0,1,none
2026-03-13T23:43:30+00:00,api/error,1.78,1,1,SYSTEM_ERROR
2026-03-13T23:43:30+00:00,api/db,2.87,0,1,none
2026-03-13T23:43:30+00:00,api/db,3.18,0,1,none
2026-03-13T23:43:30+00:00,api/normal,0.66,0,1,none
2026-03-13T23:43:30+00:00,api/validate,1.5,1,1,UNKNOWN
2026-03-13T23:43:31+00:00,api/normal,0.66,0,1,none
2026-03-13T23:43:31+00:00,api/normal,0.68,0,1,none
2026-03-13T23:43:31+00:00,api/normal,0.66,0,1,none
2026-03-13T23:43:31+00:00,api/normal,0.65,0,1,none
2026-03-13T23:43:31+00:00,api/normal,0.68,0,1,none
2026-03-13T23:43:31+00:00,api/normal,0.66,0,1,none
2026-03-13T23:43:31+00:00,api/normal,0.64,0,1,none
2026-03-13T23:43:31+00:00,api/error,1.61,1,1,SYSTEM_ERROR
2026-03-13T23:43:32+00:00,api/slow,1733.38,0,1,none
2026-03-13T23:43:32+00:00,api/normal,0.66,0,1,none
2026-03-13T23:43:32+00:00,api/normal,0.66,0,1,none
2026-03-13T23:43:34+00:00,api/slow,1446.69,0,1,none
2026-03-13T23:43:36+00:00,api/slow,1785.94,0,1,none
2026-03-13T23:43:36+00:00,api/normal,0.79,0,1,none
2026-03-13T23:43:36+00:00,api/normal,0.66,0,1,none
2026-03-13T23:43:37+00:00,api/slow,1614.52,0,1,none
2026-03-13T23:43:42+00:00,api/slow,5014.74,0,1,TIMEOUT_ERROR
2026-03-13T23:43:49+00:00,api/slow,7012.45,0,1,TIMEOUT_ERROR
2026-03-13T23:43:49+00:00,api/normal,0.7,0,1,none
2026-03-13T23:43:49+00:00,api/normal,0.64,0,1,none
2026-03-13T23:43:49+00:00,api/normal,0.67,0,1,none
2026-03-13T23:43:51+00:00,api/slow,1176,0,1,none
2026-03-13T23:43:51+00:00,api/normal,0.78,0,1,none
2026-03-13T23:43:51+00:00,api/normal,0.77,0,1,none
2026-03-13T23:43:51+00:00,api/normal,0.72,0,1,none
2026-03-13T23:43:51+00:00,api/normal,0.66,0,1,none
2026-03-13T23:43:56+00:00,api/slow,5005.93,0,1,TIMEOUT_ERROR
2026-03-13T23:44:01+00:00,api/slow,5006.88,0,1,TIMEOUT_ERROR
2026-03-13T23:44:03+00:00,api/slow,1850.9,0,1,none
2026-03-13T23:44:03+00:00,api/normal,0.69,0,1,none
2026-03-13T23:44:03+00:00,api/normal,0.65,0,1,none
2026-03-13T23:44:03+00:00,api/normal,0.68,0,1,none
2026-03-13T23:44:04+00:00,api/slow,1554.8,0,1,none
2026-03-13T23:44:04+00:00,api/error,2.85,1,1,SYSTEM_ERROR
2026-03-13T23:44:04+00:00,api/normal,1.03,0,1,none
2026-03-13T23:44:04+00:00,api/normal,0.71,0,1,none
2026-03-13T23:44:06+00:00,api/slow,1740.09,0,1,none
2026-03-13T23:44:06+00:00,api/normal,0.73,0,1,none
2026-03-13T23:44:06+00:00,api/normal,0.74,0,1,none
2026-03-13T23:44:08+00:00,api/slow,1936.71,0,1,none
2026-03-13T23:44:08+00:00,api/normal,1.14,0,1,none
2026-03-13T23:44:08+00:00,api/normal,0.79,0,1,none
2026-03-13T23:44:08+00:00,api/normal,0.67,0,1,none
2026-03-13T23:44:08+00:00,api/normal,0.65,0,1,none
2026-03-13T23:44:10+00:00,api/slow,1938.33,0,1,none
2026-03-13T23:44:15+00:00,api/slow,5016.58,0,1,TIMEOUT_ERROR
2026-03-13T23:44:15+00:00,api/normal,1.32,0,1,none
2026-03-13T23:44:15+00:00,api/normal,0.68,0,1,none
2026-03-13T23:44:15+00:00,api/normal,0.67,0,1,none
2026-03-13T23:44:15+00:00,api/normal,0.75,0,1,none
2026-03-13T23:44:15+00:00,api/normal,0.69,0,1,none
2026-03-13T23:44:15+00:00,api/normal,0.66,0,1,none
2026-03-13T23:44:15+00:00,api/normal,0.66,0,1,none
2026-03-13T23:44:15+00:00,api/normal,0.64,0,1,none
2026-03-13T23:44:15+00:00,api/normal,0.75,0,1,none
2026-03-13T23:44:15+00:00,api/error,2,1,1,SYSTEM_ERROR
2026-03-13T23:44:15+00:00,api/normal,0.71,0,1,none
2026-03-13T23:44:16+00:00,api/db,3.4,0,1,none
2026-03-13T23:44:16+00:00,api/normal,0.65,0,1,none
2026-03-13T23:44:16+00:00,api/normal,0.65,0,1,none
2026-03-13T23:44:16+00:00,api/normal,0.74,0,1,none
2026-03-13T23:44:16+00:00,api/normal,0.67,0,1,none
2026-03-13T23:44:17+00:00,api/slow,1636.8,0,1,none
2026-03-13T23:44:17+00:00,api/error,2.42,1,1,SYSTEM_ERROR
2026-03-13T23:44:22+00:00,api/slow,5007.26,0,1,TIMEOUT_ERROR
2026-03-13T23:44:22+00:00,api/normal,1.15,0,1,none
2026-03-13T23:44:22+00:00,api/normal,0.65,0,1,none
2026-03-13T23:44:22+00:00,api/normal,0.66,0,1,none
2026-03-13T23:44:22+00:00,api/normal,0.67,0,1,none
2026-03-13T23:44:22+00:00,api/normal,0.66,0,1,none
2026-03-13T23:44:22+00:00,api/normal,0.66,0,1,none
2026-03-13T23:44:24+00:00,api/slow,1518.05,0,1,none
2026-03-13T23:44:24+00:00,api/validate,2.12,1,1,UNKNOWN
2026-03-13T23:44:24+00:00,api/normal,0.65,0,1,none
2026-03-13T23:44:24+00:00,api/normal,0.68,0,1,none
2026-03-13T23:44:24+00:00,api/normal,0.69,0,1,none
2026-03-13T23:44:24+00:00,api/normal,0.72,0,1,none
2026-03-13T23:44:24+00:00,api/normal,0.68,0,1,none
2026-03-13T23:44:25+00:00,api/slow,1230.02,0,1,none
2026-03-13T23:44:25+00:00,api/normal,1.13,0,1,none
2026-03-13T23:44:31+00:00,api/slow,6003.76,0,1,TIMEOUT_ERROR
2026-03-13T23:44:36+00:00,api/slow,5017.03,0,1,TIMEOUT_ERROR
2026-03-13T23:44:36+00:00,api/normal,1.12,0,1,none
2026-03-13T23:44:36+00:00,api/normal,0.66,0,1,none
2026-03-13T23:44:36+00:00,api/normal,0.66,0,1,none
2026-03-13T23:44:36+00:00,api/normal,0.73,0,1,none
2026-03-13T23:44:36+00:00,api/normal,0.72,0,1,none
2026-03-13T23:44:36+00:00,api/db,2.92,0,1,none
2026-03-13T23:44:37+00:00,api/db,2.7,0,1,none
2026-03-13T23:44:37+00:00,api/normal,0.66,0,1,none
2026-03-13T23:44:37+00:00,api/normal,0.65,0,1,none
2026-03-13T23:44:37+00:00,api/normal,0.67,0,1,none
2026-03-13T23:44:38+00:00,api/slow,1585.94,0,1,none
2026-03-13T23:44:40+00:00,api/slow,1557.43,0,1,none
2026-03-13T23:44:40+00:00,api/normal,1.13,0,1,none
2026-03-13T23:44:41+00:00,api/slow,1266.56,0,1,none
2026-03-13T23:44:41+00:00,api/error,1.79,1,1,SYSTEM_ERROR
2026-03-13T23:44:46+00:00,api/slow,5013.94,0,1,TIMEOUT_ERROR
2026-03-13T23:44:46+00:00,api/normal,1.16,0,1,none
2026-03-13T23:44:48+00:00,api/slow,1518.4,0,1,none
2026-03-13T23:44:49+00:00,api/slow,1253.8,0,1,none
2026-03-13T23:44:51+00:00,api/slow,1805.75,0,1,none
2026-03-13T23:44:51+00:00,api/normal,0.64,0,1,none
2026-03-13T23:44:51+00:00,api/error,1.8,1,1,SYSTEM_ERROR
2026-03-13T23:44:51+00:00,api/validate,1.5,1,1,UNKNOWN
2026-03-13T23:44:51+00:00,api/normal,0.67,0,1,none
2026-03-13T23:44:51+00:00,api/normal,0.66,0,1,none
2026-03-13T23:44:51+00:00,api/validate,1.51,1,1,UNKNOWN
2026-03-13T23:44:51+00:00,api/normal,0.84,0,1,none
2026-03-13T23:44:51+00:00,api/db,2.4,0,1,none
2026-03-13T23:44:51+00:00,api/normal,0.65,0,1,none
2026-03-13T23:44:51+00:00,api/normal,0.68,0,1,none
2026-03-13T23:44:51+00:00,api/normal,0.66,0,1,none
2026-03-13T23:44:53+00:00,api/slow,1962.44,0,1,none
2026-03-13T23:44:53+00:00,api/normal,1.15,0,1,none
2026-03-13T23:44:53+00:00,api/db,2.49,0,1,none
2026-03-13T23:44:53+00:00,api/normal,0.68,0,1,none
2026-03-13T23:44:54+00:00,api/slow,1045.02,0,1,none
2026-03-13T23:44:54+00:00,api/normal,0.66,0,1,none
2026-03-13T23:44:54+00:00,api/normal,0.69,0,1,none
2026-03-13T23:44:54+00:00,api/normal,0.65,0,1,none
2026-03-13T23:44:54+00:00,api/normal,0.74,0,1,none
2026-03-13T23:44:54+00:00,api/normal,0.67,0,1,none
2026-03-13T23:44:54+00:00,api/normal,0.69,0,1,none
2026-03-13T23:44:54+00:00,api/normal,0.69,0,1,none
2026-03-13T23:44:54+00:00,api/normal,0.65,0,1,none
2026-03-13T23:44:54+00:00,api/normal,0.65,0,1,none
2026-03-13T23:44:54+00:00,api/normal,0.75,0,1,none
2026-03-13T23:44:54+00:00,api/normal,0.65,0,1,none
2026-03-13T23:44:54+00:00,api/normal,0.65,0,1,none
2026-03-13T23:44:56+00:00,api/slow,1497.86,0,1,none
2026-03-13T23:44:56+00:00,api/normal,1.11,0,1,none
2026-03-13T23:44:56+00:00,api/normal,0.65,0,1,none
2026-03-13T23:44:56+00:00,api/normal,0.65,0,1,none
2026-03-13T23:44:56+00:00,api/normal,0.65,0,1,none
2026-03-13T23:44:57+00:00,api/slow,1240.35,0,1,none
2026-03-13T23:44:57+00:00,api/normal,1.09,0,1,none
2026-03-13T23:44:58+00:00,api/slow,1186.36,0,1,none
2026-03-13T23:44:59+00:00,api/slow,1028.72,0,1,none
2026-03-13T23:44:59+00:00,api/normal,1.13,0,1,none
2026-03-13T23:44:59+00:00,api/normal,0.77,0,1,none
2026-03-13T23:44:59+00:00,api/normal,0.64,0,1,none
2026-03-13T23:45:00+00:00,api/normal,0.64,0,1,none
2026-03-13T23:45:01+00:00,api/slow,1209.43,0,1,none
2026-03-13T23:45:01+00:00,api/normal,0.71,0,1,none
2026-03-13T23:45:01+00:00,api/db,2.85,0,1,none
2026-03-13T23:45:07+00:00,api/slow,6003.43,0,1,TIMEOUT_ERROR
2026-03-13T23:45:07+00:00,api/normal,1.16,0,1,none
2026-03-13T23:45:09+00:00,api/slow,1724.2,0,1,none
2026-03-13T23:45:09+00:00,api/db,2.86,0,1,none
2026-03-13T23:45:09+00:00,api/normal,0.7,0,1,none
2026-03-13T23:45:09+00:00,api/db,2.54,0,1,none
2026-03-13T23:45:10+00:00,api/slow,1087.51,0,1,none
2026-03-13T23:45:10+00:00,api/normal,1.28,0,1,none
2026-03-13T23:45:11+00:00,api/slow,1207.88,0,1,none
2026-03-13T23:45:11+00:00,api/normal,0.67,0,1,none
2026-03-13T23:45:11+00:00,api/normal,1.05,0,1,none
2026-03-13T23:45:12+00:00,api/slow,1158.4,0,1,none
2026-03-13T23:45:14+00:00,api/slow,1615.87,0,1,none
2026-03-13T23:45:14+00:00,api/normal,1.12,0,1,none
2026-03-13T23:45:14+00:00,api/normal,0.64,0,1,none
2026-03-13T23:45:14+00:00,api/normal,0.68,0,1,none
2026-03-13T23:45:14+00:00,api/normal,0.64,0,1,none
2026-03-13T23:45:14+00:00,api/normal,0.65,0,1,none
2026-03-13T23:45:14+00:00,api/validate,1.79,1,1,UNKNOWN
2026-03-13T23:45:14+00:00,api/normal,0.66,0,1,none
2026-03-13T23:45:14+00:00,api/normal,0.68,0,1,none
2026-03-13T23:45:14+00:00,api/normal,0.64,0,1,none
2026-03-13T23:45:14+00:00,api/normal,0.64,0,1,none
2026-03-13T23:45:16+00:00,api/slow,1980.93,0,1,none
2026-03-13T23:45:17+00:00,api/slow,1152.11,0,1,none
2026-03-13T23:45:17+00:00,api/normal,1.15,0,1,none
2026-03-13T23:45:17+00:00,api/normal,0.65,0,1,none
2026-03-13T23:45:18+00:00,api/slow,1065.8,0,1,none
2026-03-13T23:45:18+00:00,api/db,2.84,0,1,none
2026-03-13T23:45:18+00:00,api/normal,0.72,0,1,none
2026-03-13T23:45:18+00:00,api/normal,0.65,0,1,none
2026-03-13T23:45:18+00:00,api/normal,0.66,0,1,none
2026-03-13T23:45:18+00:00,api/normal,0.67,0,1,none
2026-03-13T23:45:18+00:00,api/normal,0.64,0,1,none
2026-03-13T23:45:18+00:00,api/normal,0.64,0,1,none
2026-03-13T23:45:23+00:00,api/slow,5017.43,0,1,TIMEOUT_ERROR
2026-03-13T23:45:24+00:00,api/error,4.36,1,1,SYSTEM_ERROR
2026-03-13T23:45:24+00:00,api/normal,0.65,0,1,none
2026-03-13T23:45:24+00:00,api/normal,0.65,0,1,none
2026-03-13T23:45:24+00:00,api/normal,0.66,0,1,none
2026-03-13T23:45:24+00:00,api/normal,0.65,0,1,none
2026-03-13T23:45:24+00:00,api/error,1.63,1,1,SYSTEM_ERROR
2026-03-13T23:45:31+00:00,api/slow,7009.55,0,1,TIMEOUT_ERROR
2026-03-13T23:45:32+00:00,api/slow,1679.6,0,1,none
2026-03-13T23:45:32+00:00,api/normal,0.76,0,1,none
2026-03-13T23:45:34+00:00,api/slow,1815.63,0,1,none
2026-03-13T23:45:34+00:00,api/normal,1.17,0,1,none
2026-03-13T23:45:36+00:00,api/slow,1608.05,0,1,none
2026-03-13T23:45:43+00:00,api/slow,7005.48,0,1,TIMEOUT_ERROR
2026-03-13T23:45:49+00:00,api/slow,6003.78,0,1,TIMEOUT_ERROR
2026-03-13T23:45:49+00:00,api/normal,1.24,0,1,none
2026-03-13T23:45:51+00:00,api/slow,1865.32,0,1,none
2026-03-13T23:45:53+00:00,api/slow,1928.09,0,1,none
2026-03-13T23:45:53+00:00,api/error,2.2,1,1,SYSTEM_ERROR
2026-03-13T23:45:53+00:00,api/normal,0.66,0,1,none
2026-03-13T23:45:53+00:00,api/normal,0.66,0,1,none
2026-03-13T23:45:53+00:00,api/normal,0.64,0,1,none
2026-03-13T23:45:53+00:00,api/normal,0.66,0,1,none
2026-03-13T23:45:55+00:00,api/slow,2007.78,0,1,none
2026-03-13T23:45:57+00:00,api/slow,1675.35,0,1,none
2026-03-13T23:46:04+00:00,api/slow,7020.25,0,1,TIMEOUT_ERROR
2026-03-13T23:46:04+00:00,api/normal,1.11,0,1,none
2026-03-13T23:46:04+00:00,api/normal,0.64,0,1,none
2026-03-13T23:46:04+00:00,api/db,4.41,0,1,none
2026-03-13T23:46:04+00:00,api/validate,1.79,1,1,UNKNOWN
2026-03-13T23:46:04+00:00,api/validate,1.55,1,1,UNKNOWN
2026-03-13T23:46:04+00:00,api/normal,1.24,0,1,none
2026-03-13T23:46:04+00:00,api/normal,0.67,0,1,none
2026-03-13T23:46:04+00:00,api/normal,0.74,0,1,none
2026-03-13T23:46:10+00:00,api/slow,6013.13,0,1,TIMEOUT_ERROR
2026-03-13T23:46:10+00:00,api/normal,1.21,0,1,none
2026-03-13T23:46:10+00:00,api/normal,0.66,0,1,none
2026-03-13T23:46:10+00:00,api/normal,0.65,0,1,none
2026-03-13T23:46:10+00:00,api/normal,0.68,0,1,none
2026-03-13T23:46:10+00:00,api/validate,1.84,1,1,UNKNOWN
2026-03-13T23:46:10+00:00,api/normal,0.66,0,1,none
2026-03-13T23:46:10+00:00,api/normal,0.79,0,1,none
2026-03-13T23:46:10+00:00,api/normal,0.66,0,1,none
2026-03-13T23:46:10+00:00,api/normal,0.64,0,1,none
2026-03-13T23:46:10+00:00,api/normal,0.65,0,1,none
2026-03-13T23:46:10+00:00,api/normal,0.74,0,1,none
2026-03-13T23:46:10+00:00,api/normal,0.7,0,1,none
2026-03-13T23:46:10+00:00,api/normal,0.72,0,1,none
2026-03-13T23:46:10+00:00,api/normal,0.66,0,1,none
2026-03-13T23:46:10+00:00,api/normal,0.75,0,1,none
2026-03-13T23:46:10+00:00,api/normal,0.78,0,1,none
2026-03-13T23:46:10+00:00,api/normal,0.77,0,1,none
2026-03-13T23:46:10+00:00,api/db,4.32,0,1,none
2026-03-13T23:46:15+00:00,api/slow,5002.04,0,1,TIMEOUT_ERROR
2026-03-13T23:46:15+00:00,api/validate,2.47,1,1,UNKNOWN
2026-03-13T23:46:21+00:00,api/slow,6010,0,1,TIMEOUT_ERROR
2026-03-13T23:46:21+00:00,api/normal,1.13,0,1,none
2026-03-13T23:46:21+00:00,api/normal,0.66,0,1,none
2026-03-13T23:46:21+00:00,api/normal,0.66,0,1,none
2026-03-13T23:46:21+00:00,api/normal,0.65,0,1,none
2026-03-13T23:46:21+00:00,api/db,3.29,0,1,none
2026-03-13T23:46:21+00:00,api/normal,0.66,0,1,none
2026-03-13T23:46:21+00:00,api/normal,0.64,0,1,none
2026-03-13T23:46:21+00:00,api/normal,0.63,0,1,none
2026-03-13T23:46:26+00:00,api/slow,5007.45,0,1,TIMEOUT_ERROR
2026-03-13T23:46:26+00:00,api/normal,1.11,0,1,none
2026-03-13T23:46:26+00:00,api/normal,0.66,0,1,none
2026-03-13T23:46:26+00:00,api/normal,0.66,0,1,none
2026-03-13T23:46:32+00:00,api/slow,5009.05,0,1,TIMEOUT_ERROR
2026-03-13T23:46:32+00:00,api/normal,1.14,0,1,none
2026-03-13T23:46:32+00:00,api/error,1.78,1,1,SYSTEM_ERROR
2026-03-13T23:46:32+00:00,api/error,1.5,1,1,SYSTEM_ERROR
2026-03-13T23:46:32+00:00,api/normal,0.85,0,1,none
2026-03-13T23:46:32+00:00,api/normal,0.64,0,1,none
2026-03-13T23:46:32+00:00,api/normal,0.74,0,1,none
2026-03-13T23:46:32+00:00,api/db,3.16,0,1,none
2026-03-13T23:46:32+00:00,api/normal,0.66,0,1,none
2026-03-13T23:46:32+00:00,api/normal,0.66,0,1,none
2026-03-13T23:46:32+00:00,api/normal,0.8,0,1,none
2026-03-13T23:46:32+00:00,api/normal,0.76,0,1,none
2026-03-13T23:46:32+00:00,api/normal,0.68,0,1,none
2026-03-13T23:46:33+00:00,api/slow,1467.6,0,1,none
2026-03-13T23:46:33+00:00,api/normal,0.65,0,1,none
2026-03-13T23:46:33+00:00,api/normal,0.84,0,1,none
2026-03-13T23:46:33+00:00,api/normal,0.65,0,1,none
2026-03-13T23:46:33+00:00,api/normal,0.64,0,1,none
2026-03-13T23:46:33+00:00,api/normal,0.75,0,1,none
2026-03-13T23:46:33+00:00,api/normal,0.64,0,1,none
2026-03-13T23:46:33+00:00,api/normal,0.68,0,1,none
2026-03-13T23:46:33+00:00,api/normal,0.65,0,1,none
2026-03-13T23:46:33+00:00,api/normal,0.65,0,1,none
2026-03-13T23:46:33+00:00,api/normal,0.64,0,1,none
2026-03-13T23:46:33+00:00,api/normal,0.97,0,1,none
2026-03-13T23:46:33+00:00,api/normal,0.72,0,1,none
2026-03-13T23:46:33+00:00,api/normal,0.66,0,1,none
2026-03-13T23:46:35+00:00,api/slow,1110.95,0,1,none
2026-03-13T23:46:35+00:00,api/normal,1.16,0,1,none
2026-03-13T23:46:35+00:00,api/normal,1.23,0,1,none
2026-03-13T23:46:36+00:00,api/slow,1812.01,0,1,none
2026-03-13T23:46:37+00:00,api/normal,0.66,0,1,none
2026-03-13T23:46:37+00:00,api/normal,0.66,0,1,none
2026-03-13T23:46:37+00:00,api/normal,0.66,0,1,none
2026-03-13T23:46:37+00:00,api/normal,0.64,0,1,none
2026-03-13T23:46:44+00:00,api/slow,7006.63,0,1,TIMEOUT_ERROR
2026-03-13T23:46:44+00:00,api/error,5.25,1,1,SYSTEM_ERROR
2026-03-13T23:46:44+00:00,api/normal,0.65,0,1,none
2026-03-13T23:46:44+00:00,api/normal,0.67,0,1,none
2026-03-13T23:46:44+00:00,api/normal,0.78,0,1,none
2026-03-13T23:46:44+00:00,api/normal,0.78,0,1,none
2026-03-13T23:46:44+00:00,api/normal,0.66,0,1,none
2026-03-13T23:46:44+00:00,api/normal,0.66,0,1,none
2026-03-13T23:46:44+00:00,api/normal,0.75,0,1,none
2026-03-13T23:46:45+00:00,api/slow,1165.05,0,1,none
2026-03-13T23:46:45+00:00,api/normal,0.67,0,1,none
2026-03-13T23:46:45+00:00,api/normal,0.74,0,1,none
2026-03-13T23:46:45+00:00,api/normal,0.68,0,1,none
2026-03-13T23:46:47+00:00,api/slow,1729.74,0,1,none
2026-03-13T23:46:47+00:00,api/normal,1.35,0,1,none
2026-03-13T23:46:47+00:00,api/normal,0.67,0,1,none
2026-03-13T23:46:47+00:00,api/error,1.95,1,1,SYSTEM_ERROR
2026-03-13T23:46:47+00:00,api/normal,0.88,0,1,none
2026-03-13T23:46:49+00:00,api/slow,1854.12,0,1,none
2026-03-13T23:46:49+00:00,api/normal,0.65,0,1,none
2026-03-13T23:46:49+00:00,api/normal,0.71,0,1,none
2026-03-13T23:46:49+00:00,api/normal,0.65,0,1,none
2026-03-13T23:46:49+00:00,api/normal,0.83,0,1,none
2026-03-13T23:46:49+00:00,api/normal,0.67,0,1,none
2026-03-13T23:46:49+00:00,api/validate,2.6,1,1,UNKNOWN
2026-03-13T23:46:49+00:00,api/db,2.79,0,1,none
2026-03-13T23:46:49+00:00,api/normal,0.68,0,1,none
2026-03-13T23:46:49+00:00,api/error,2.45,1,1,SYSTEM_ERROR
2026-03-13T23:46:49+00:00,api/normal,0.76,0,1,none
2026-03-13T23:46:49+00:00,api/normal,0.71,0,1,none
2026-03-13T23:46:49+00:00,api/normal,0.65,0,1,none
2026-03-13T23:46:49+00:00,api/normal,0.66,0,1,none
2026-03-13T23:46:49+00:00,api/normal,0.68,0,1,none
2026-03-13T23:46:51+00:00,api/slow,1717.78,0,1,none
2026-03-13T23:46:51+00:00,api/normal,1.57,0,1,none
2026-03-13T23:46:56+00:00,api/slow,5010.32,0,1,TIMEOUT_ERROR
2026-03-13T23:46:56+00:00,api/normal,1.13,0,1,none
2026-03-13T23:46:56+00:00,api/normal,0.66,0,1,none
2026-03-13T23:46:56+00:00,api/normal,0.67,0,1,none
2026-03-13T23:46:58+00:00,api/slow,1961.62,0,1,none
2026-03-13T23:46:58+00:00,api/normal,0.66,0,1,none
2026-03-13T23:46:58+00:00,api/normal,0.66,0,1,none
2026-03-13T23:46:58+00:00,api/normal,0.67,0,1,none
2026-03-13T23:46:58+00:00,api/normal,0.64,0,1,none
2026-03-13T23:47:00+00:00,api/slow,1988.91,0,1,none
2026-03-13T23:47:02+00:00,api/slow,1822.64,0,1,none
2026-03-13T23:47:02+00:00,api/normal,0.64,0,1,none
2026-03-13T23:47:02+00:00,api/normal,0.67,0,1,none
2026-03-13T23:47:02+00:00,api/db,2.45,0,1,none
2026-03-13T23:47:02+00:00,api/normal,0.7,0,1,none
2026-03-13T23:47:02+00:00,api/error,1.79,1,1,SYSTEM_ERROR
2026-03-13T23:47:02+00:00,api/normal,0.67,0,1,none
2026-03-13T23:47:02+00:00,api/normal,0.67,0,1,none
2026-03-13T23:47:02+00:00,api/normal,0.66,0,1,none
2026-03-13T23:47:04+00:00,api/slow,1752.87,0,1,none
2026-03-13T23:47:04+00:00,api/normal,1.28,0,1,none
2026-03-13T23:47:04+00:00,api/normal,0.64,0,1,none
2026-03-13T23:47:04+00:00,api/normal,0.66,0,1,none
2026-03-13T23:47:04+00:00,api/normal,0.83,0,1,none
2026-03-13T23:47:04+00:00,api/normal,0.74,0,1,none
2026-03-13T23:47:04+00:00,api/normal,0.65,0,1,none
2026-03-13T23:47:04+00:00,api/normal,0.77,0,1,none
2026-03-13T23:47:04+00:00,api/normal,0.69,0,1,none
2026-03-13T23:47:05+00:00,api/slow,1496.16,0,1,none
2026-03-13T23:47:05+00:00,api/normal,0.66,0,1,none
2026-03-13T23:47:05+00:00,api/normal,0.66,0,1,none
2026-03-13T23:47:05+00:00,api/normal,0.69,0,1,none
2026-03-13T23:47:05+00:00,api/normal,1.82,0,1,none
2026-03-13T23:47:05+00:00,api/error,2.09,1,1,SYSTEM_ERROR
2026-03-13T23:47:07+00:00,api/slow,1766.39,0,1,none
2026-03-13T23:47:07+00:00,api/normal,1.14,0,1,none
2026-03-13T23:47:07+00:00,api/normal,0.66,0,1,none
2026-03-13T23:47:07+00:00,api/normal,0.71,0,1,none
2026-03-13T23:47:07+00:00,api/normal,0.78,0,1,none
2026-03-13T23:47:07+00:00,api/normal,0.81,0,1,none
2026-03-13T23:47:07+00:00,api/normal,0.74,0,1,none
2026-03-13T23:47:07+00:00,api/normal,0.75,0,1,none
2026-03-13T23:47:07+00:00,api/normal,0.7,0,1,none
2026-03-13T23:47:09+00:00,api/slow,1910.98,0,1,none
2026-03-13T23:47:09+00:00,api/normal,0.75,0,1,none
2026-03-13T23:47:11+00:00,api/slow,1255.32,0,1,none
2026-03-13T23:47:12+00:00,api/slow,1430.45,0,1,none
2026-03-13T23:47:14+00:00,api/slow,1957.44,0,1,none
2026-03-13T23:47:14+00:00,api/normal,1.29,0,1,none
2026-03-13T23:47:14+00:00,api/normal,0.72,0,1,none
2026-03-13T23:47:14+00:00,api/validate,2.1,1,1,UNKNOWN
2026-03-13T23:47:14+00:00,api/normal,0.79,0,1,none
2026-03-13T23:47:20+00:00,api/slow,6011.83,0,1,TIMEOUT_ERROR
2026-03-13T23:47:20+00:00,api/normal,1.19,0,1,none
2026-03-13T23:47:20+00:00,api/normal,0.67,0,1,none
2026-03-13T23:47:20+00:00,api/normal,0.65,0,1,none
2026-03-13T23:47:20+00:00,api/error,1.78,1,1,SYSTEM_ERROR
2026-03-13T23:47:22+00:00,api/slow,1654.19,0,1,none
2026-03-13T23:47:22+00:00,api/normal,0.65,0,1,none
2026-03-13T23:47:22+00:00,api/normal,0.64,0,1,none
2026-03-13T23:47:22+00:00,api/normal,0.65,0,1,none
2026-03-13T23:47:22+00:00,api/normal,0.67,0,1,none
2026-03-13T23:47:22+00:00,api/normal,0.65,0,1,none
2026-03-13T23:47:22+00:00,api/validate,1.5,1,1,UNKNOWN
2026-03-13T23:47:27+00:00,api/slow,5016.11,0,1,TIMEOUT_ERROR
2026-03-13T23:47:29+00:00,api/slow,1878.3,0,1,none
2026-03-13T23:47:29+00:00,api/error,3.63,1,1,SYSTEM_ERROR
2026-03-13T23:47:31+00:00,api/slow,1715.92,0,1,none
2026-03-13T23:47:36+00:00,api/slow,5002.56,0,1,TIMEOUT_ERROR
2026-03-13T23:47:36+00:00,api/normal,1.13,0,1,none
2026-03-13T23:47:37+00:00,api/slow,1343.49,0,1,none
2026-03-13T23:47:37+00:00,api/normal,0.66,0,1,none
2026-03-13T23:47:37+00:00,api/normal,0.64,0,1,none
2026-03-13T23:47:37+00:00,api/normal,0.72,0,1,none
2026-03-13T23:47:37+00:00,api/normal,0.65,0,1,none
2026-03-13T23:47:37+00:00,api/normal,0.66,0,1,none
2026-03-13T23:47:37+00:00,api/normal,0.89,0,1,none
2026-03-13T23:47:39+00:00,api/slow,1419.69,0,1,none
2026-03-13T23:47:41+00:00,api/slow,1956.23,0,1,none
2026-03-13T23:47:41+00:00,api/normal,0.67,0,1,none
2026-03-13T23:47:41+00:00,api/normal,0.65,0,1,none
2026-03-13T23:47:41+00:00,api/normal,0.66,0,1,none
2026-03-13T23:47:41+00:00,api/normal,0.65,0,1,none
2026-03-13T23:47:41+00:00,api/normal,0.66,0,1,none
2026-03-13T23:47:41+00:00,api/normal,0.74,0,1,none
2026-03-13T23:47:41+00:00,api/normal,0.65,0,1,none
2026-03-13T23:47:41+00:00,api/normal,0.77,0,1,none
2026-03-13T23:47:41+00:00,api/normal,0.84,0,1,none
2026-03-13T23:47:41+00:00,api/normal,0.65,0,1,none
2026-03-13T23:47:41+00:00,api/normal,0.65,0,1,none
2026-03-13T23:47:41+00:00,api/normal,0.74,0,1,none
2026-03-13T23:47:47+00:00,api/slow,6008.89,0,1,TIMEOUT_ERROR
2026-03-13T23:47:47+00:00,api/normal,1.13,0,1,none
2026-03-13T23:47:47+00:00,api/normal,0.71,0,1,none
2026-03-13T23:47:47+00:00,api/normal,0.68,0,1,none
2026-03-13T23:47:47+00:00,api/normal,0.66,0,1,none
2026-03-13T23:47:47+00:00,api/normal,0.66,0,1,none
2026-03-13T23:47:47+00:00,api/normal,0.65,0,1,none
2026-03-13T23:47:52+00:00,api/slow,5012.51,0,1,TIMEOUT_ERROR
2026-03-13T23:47:52+00:00,api/normal,1.17,0,1,none
2026-03-13T23:47:52+00:00,api/normal,0.65,0,1,none
2026-03-13T23:47:52+00:00,api/normal,0.63,0,1,none
2026-03-13T23:47:54+00:00,api/slow,1984.6,0,1,none
2026-03-13T23:47:54+00:00,api/normal,0.66,0,1,none
2026-03-13T23:47:54+00:00,api/normal,0.81,0,1,none
2026-03-13T23:47:59+00:00,api/slow,5006.53,0,1,TIMEOUT_ERROR
2026-03-13T23:48:01+00:00,api/slow,1357.98,0,1,none
2026-03-13T23:48:01+00:00,api/normal,0.68,0,1,none
2026-03-13T23:48:01+00:00,api/normal,0.73,0,1,none
2026-03-13T23:48:01+00:00,api/error,1.83,1,1,SYSTEM_ERROR
2026-03-13T23:48:01+00:00,api/normal,0.65,0,1,none
2026-03-13T23:48:01+00:00,api/normal,0.65,0,1,none
2026-03-13T23:48:01+00:00,api/normal,0.64,0,1,none
2026-03-13T23:48:02+00:00,api/slow,1039.07,0,1,none
2026-03-13T23:48:02+00:00,api/normal,1.12,0,1,none
2026-03-13T23:48:02+00:00,api/db,2.93,0,1,none
2026-03-13T23:48:02+00:00,api/normal,0.66,0,1,none
2026-03-13T23:48:02+00:00,api/normal,0.64,0,1,none
2026-03-13T23:48:03+00:00,api/slow,1629.36,0,1,none
2026-03-13T23:48:03+00:00,api/normal,0.76,0,1,none
2026-03-13T23:48:04+00:00,api/normal,0.68,0,1,none
2026-03-13T23:48:04+00:00,api/normal,0.66,0,1,none
2026-03-13T23:48:04+00:00,api/validate,2.18,1,1,UNKNOWN
2026-03-13T23:48:05+00:00,api/slow,1606.37,0,1,none
2026-03-13T23:48:07+00:00,api/slow,1678.75,0,1,none
2026-03-13T23:48:07+00:00,api/normal,0.72,0,1,none
2026-03-13T23:48:07+00:00,api/normal,0.68,0,1,none
2026-03-13T23:48:07+00:00,api/normal,0.73,0,1,none
2026-03-13T23:48:07+00:00,api/normal,0.65,0,1,none
2026-03-13T23:48:07+00:00,api/normal,0.8,0,1,none
2026-03-13T23:48:07+00:00,api/normal,0.65,0,1,none
2026-03-13T23:48:07+00:00,api/normal,0.65,0,1,none
2026-03-13T23:48:07+00:00,api/normal,0.74,0,1,none
2026-03-13T23:48:07+00:00,api/db,2.86,0,1,none
2026-03-13T23:48:07+00:00,api/error,2.25,1,1,SYSTEM_ERROR
2026-03-13T23:48:07+00:00,api/normal,0.77,0,1,none
2026-03-13T23:48:07+00:00,api/normal,0.7,0,1,none
2026-03-13T23:48:07+00:00,api/normal,0.65,0,1,none
2026-03-13T23:48:07+00:00,api/normal,0.65,0,1,none
2026-03-13T23:48:07+00:00,api/error,1.62,1,1,SYSTEM_ERROR
2026-03-13T23:48:07+00:00,api/normal,0.66,0,1,none
2026-03-13T23:48:08+00:00,api/slow,1118.32,0,1,none
2026-03-13T23:48:10+00:00,api/slow,1331.4,0,1,none
2026-03-13T23:48:10+00:00,api/normal,0.66,0,1,none
2026-03-13T23:48:10+00:00,api/normal,0.83,0,1,none
2026-03-13T23:48:10+00:00,api/normal,0.74,0,1,none
2026-03-13T23:48:10+00:00,api/normal,0.64,0,1,none
2026-03-13T23:48:10+00:00,api/normal,0.67,0,1,none
2026-03-13T23:48:10+00:00,api/normal,0.64,0,1,none
2026-03-13T23:48:10+00:00,api/normal,0.68,0,1,none
2026-03-13T23:48:10+00:00,api/normal,0.66,0,1,none
2026-03-13T23:48:17+00:00,api/slow,7015.12,0,1,TIMEOUT_ERROR
2026-03-13T23:48:22+00:00,api/slow,5012.99,0,1,TIMEOUT_ERROR
2026-03-13T23:48:22+00:00,api/validate,2.59,1,1,UNKNOWN
2026-03-13T23:48:22+00:00,api/normal,0.66,0,1,none
2026-03-13T23:48:22+00:00,api/normal,0.73,0,1,none
2026-03-13T23:48:22+00:00,api/normal,0.73,0,1,none
2026-03-13T23:48:22+00:00,api/normal,0.65,0,1,none
2026-03-13T23:48:22+00:00,api/normal,0.64,0,1,none
2026-03-13T23:48:23+00:00,api/slow,1017.8,0,1,none
2026-03-13T23:48:23+00:00,api/db,3.47,0,1,none
2026-03-13T23:48:25+00:00,api/slow,1458.92,0,1,none
2026-03-13T23:48:25+00:00,api/normal,1.27,0,1,none
2026-03-13T23:48:25+00:00,api/normal,0.67,0,1,none
2026-03-13T23:48:25+00:00,api/normal,0.65,0,1,none
2026-03-13T23:48:25+00:00,api/normal,0.65,0,1,none
2026-03-13T23:48:25+00:00,api/normal,0.78,0,1,none
2026-03-13T23:48:26+00:00,api/slow,1204.43,0,1,none
2026-03-13T23:48:26+00:00,api/normal,0.65,0,1,none
2026-03-13T23:48:26+00:00,api/normal,0.67,0,1,none
2026-03-13T23:48:26+00:00,api/normal,0.64,0,1,none
2026-03-13T23:48:27+00:00,api/slow,1401.61,0,1,none
2026-03-13T23:48:27+00:00,api/normal,0.66,0,1,none
2026-03-13T23:48:27+00:00,api/normal,0.79,0,1,none
2026-03-13T23:48:27+00:00,api/normal,0.65,0,1,none
2026-03-13T23:48:34+00:00,api/slow,7004.76,0,1,TIMEOUT_ERROR
2026-03-13T23:48:34+00:00,api/normal,1.2,0,1,none
2026-03-13T23:48:34+00:00,api/normal,0.66,0,1,none
2026-03-13T23:48:34+00:00,api/normal,0.86,0,1,none
2026-03-13T23:48:34+00:00,api/normal,0.91,0,1,none
2026-03-13T23:48:40+00:00,api/slow,5014.78,0,1,TIMEOUT_ERROR
2026-03-13T23:48:47+00:00,api/slow,7006.24,0,1,TIMEOUT_ERROR
2026-03-13T23:48:47+00:00,api/normal,1.26,0,1,none
2026-03-13T23:48:47+00:00,api/normal,0.72,0,1,none
2026-03-13T23:48:47+00:00,api/error,1.86,1,1,SYSTEM_ERROR
2026-03-13T23:48:47+00:00,api/normal,0.65,0,1,none
2026-03-13T23:48:48+00:00,api/slow,1056.94,0,1,none
2026-03-13T23:48:48+00:00,api/normal,0.71,0,1,none
2026-03-13T23:48:49+00:00,api/slow,1305.52,0,1,none
2026-03-13T23:48:49+00:00,api/normal,0.74,0,1,none
2026-03-13T23:48:49+00:00,api/normal,0.69,0,1,none
2026-03-13T23:48:49+00:00,api/normal,1.13,0,1,none
2026-03-13T23:48:49+00:00,api/error,1.78,1,1,SYSTEM_ERROR
2026-03-13T23:48:49+00:00,api/normal,0.7,0,1,none
2026-03-13T23:48:49+00:00,api/normal,0.93,0,1,none
2026-03-13T23:48:49+00:00,api/error,1.9,1,1,SYSTEM_ERROR
2026-03-13T23:48:49+00:00,api/normal,0.76,0,1,none
2026-03-13T23:48:49+00:00,api/normal,0.76,0,1,none
2026-03-13T23:48:55+00:00,api/slow,6002.13,0,1,TIMEOUT_ERROR
2026-03-13T23:48:55+00:00,api/normal,1.21,0,1,none
2026-03-13T23:48:55+00:00,api/normal,0.66,0,1,none
2026-03-13T23:48:55+00:00,api/normal,0.8,0,1,none
2026-03-13T23:48:55+00:00,api/normal,0.8,0,1,none
2026-03-13T23:48:55+00:00,api/error,1.78,1,1,SYSTEM_ERROR
2026-03-13T23:48:55+00:00,api/normal,0.66,0,1,none
2026-03-13T23:49:00+00:00,api/slow,5009.23,0,1,TIMEOUT_ERROR
2026-03-13T23:49:00+00:00,api/normal,1.1,0,1,none
2026-03-13T23:49:00+00:00,api/normal,0.65,0,1,none
2026-03-13T23:49:00+00:00,api/normal,0.66,0,1,none
2026-03-13T23:49:00+00:00,api/normal,0.74,0,1,none
2026-03-13T23:49:01+00:00,api/normal,0.66,0,1,none
2026-03-13T23:49:01+00:00,api/normal,0.68,0,1,none
2026-03-13T23:49:01+00:00,api/error,1.92,1,1,SYSTEM_ERROR
2026-03-13T23:49:01+00:00,api/normal,0.65,0,1,none
2026-03-13T23:49:01+00:00,api/normal,0.64,0,1,none
2026-03-13T23:49:01+00:00,api/normal,0.76,0,1,none
2026-03-13T23:49:01+00:00,api/normal,0.74,0,1,none
2026-03-13T23:49:01+00:00,api/normal,0.64,0,1,none
2026-03-13T23:49:01+00:00,api/db,3.08,0,1,none
2026-03-13T23:49:01+00:00,api/normal,0.81,0,1,none
2026-03-13T23:49:01+00:00,api/normal,0.79,0,1,none
2026-03-13T23:49:01+00:00,api/normal,0.66,0,1,none
2026-03-13T23:49:01+00:00,api/normal,0.65,0,1,none
2026-03-13T23:49:01+00:00,api/error,1.71,1,1,SYSTEM_ERROR
2026-03-13T23:49:01+00:00,api/normal,0.64,0,1,none
2026-03-13T23:49:01+00:00,api/normal,0.73,0,1,none
2026-03-13T23:49:01+00:00,api/normal,0.69,0,1,none
2026-03-13T23:49:01+00:00,api/normal,0.67,0,1,none
2026-03-13T23:49:01+00:00,api/normal,0.66,0,1,none
2026-03-13T23:49:01+00:00,api/error,1.5,1,1,SYSTEM_ERROR
2026-03-13T23:49:01+00:00,api/normal,0.64,0,1,none
2026-03-13T23:49:01+00:00,api/normal,0.65,0,1,none
2026-03-13T23:49:01+00:00,api/normal,0.65,0,1,none
2026-03-13T23:49:01+00:00,api/normal,0.66,0,1,none
2026-03-13T23:49:01+00:00,api/normal,0.67,0,1,none
2026-03-13T23:49:01+00:00,api/error,1.79,1,1,SYSTEM_ERROR
2026-03-13T23:49:01+00:00,api/normal,0.75,0,1,none
2026-03-13T23:49:01+00:00,api/normal,0.78,0,1,none
2026-03-13T23:49:01+00:00,api/normal,0.68,0,1,none
2026-03-13T23:49:01+00:00,api/normal,0.74,0,1,none
2026-03-13T23:49:01+00:00,api/normal,0.67,0,1,none
2026-03-13T23:49:01+00:00,api/error,1.66,1,1,SYSTEM_ERROR
2026-03-13T23:49:07+00:00,api/slow,6012.84,0,1,TIMEOUT_ERROR
2026-03-13T23:49:07+00:00,api/normal,1.82,0,1,none
2026-03-13T23:49:08+00:00,api/slow,1028.31,0,1,none
2026-03-13T23:49:08+00:00,api/normal,0.66,0,1,none
2026-03-13T23:49:08+00:00,api/normal,0.66,0,1,none
2026-03-13T23:49:10+00:00,api/slow,1506.11,0,1,none
2026-03-13T23:49:10+00:00,api/normal,1.13,0,1,none
2026-03-13T23:49:10+00:00,api/error,1.87,1,1,SYSTEM_ERROR
2026-03-13T23:49:10+00:00,api/error,1.57,1,1,SYSTEM_ERROR
2026-03-13T23:49:10+00:00,api/normal,0.66,0,1,none
2026-03-13T23:49:10+00:00,api/normal,0.66,0,1,none
2026-03-13T23:49:10+00:00,api/normal,0.65,0,1,none
2026-03-13T23:49:10+00:00,api/normal,0.64,0,1,none
2026-03-13T23:49:10+00:00,api/normal,0.65,0,1,none
2026-03-13T23:49:10+00:00,api/normal,0.75,0,1,none
2026-03-13T23:49:10+00:00,api/normal,0.68,0,1,none
2026-03-13T23:49:10+00:00,api/normal,0.66,0,1,none
2026-03-13T23:49:10+00:00,api/normal,0.65,0,1,none
2026-03-13T23:49:10+00:00,api/normal,0.7,0,1,none
2026-03-13T23:49:11+00:00,api/slow,1177.07,0,1,none
2026-03-13T23:49:11+00:00,api/normal,0.64,0,1,none
2026-03-13T23:49:12+00:00,api/slow,1125.63,0,1,none
2026-03-13T23:49:14+00:00,api/slow,1413.66,0,1,none
2026-03-13T23:49:14+00:00,api/normal,1.42,0,1,none
2026-03-13T23:49:15+00:00,api/slow,1490.62,0,1,none
2026-03-13T23:49:15+00:00,api/normal,0.7,0,1,none
2026-03-13T23:49:15+00:00,api/normal,0.75,0,1,none
2026-03-13T23:49:15+00:00,api/normal,0.79,0,1,none
2026-03-13T23:49:15+00:00,api/normal,0.93,0,1,none
2026-03-13T23:49:15+00:00,api/normal,0.8,0,1,none
2026-03-13T23:49:15+00:00,api/normal,1.24,0,1,none
2026-03-13T23:49:15+00:00,api/normal,0.63,0,1,none
2026-03-13T23:49:15+00:00,api/normal,0.71,0,1,none
2026-03-13T23:49:15+00:00,api/error,2.03,1,1,SYSTEM_ERROR
2026-03-13T23:49:15+00:00,api/normal,0.66,0,1,none
2026-03-13T23:49:16+00:00,api/normal,0.65,0,1,none
2026-03-13T23:49:16+00:00,api/normal,0.75,0,1,none
2026-03-13T23:49:16+00:00,api/error,1.62,1,1,SYSTEM_ERROR
2026-03-13T23:49:16+00:00,api/normal,0.67,0,1,none
2026-03-13T23:49:16+00:00,api/normal,0.64,0,1,none
2026-03-13T23:49:16+00:00,api/normal,0.66,0,1,none
2026-03-13T23:49:16+00:00,api/normal,0.64,0,1,none
2026-03-13T23:49:16+00:00,api/normal,0.79,0,1,none
2026-03-13T23:49:16+00:00,api/normal,0.75,0,1,none
2026-03-13T23:49:16+00:00,api/normal,0.65,0,1,none
2026-03-13T23:49:16+00:00,api/normal,0.65,0,1,none
2026-03-13T23:49:16+00:00,api/normal,0.68,0,1,none
2026-03-13T23:49:16+00:00,api/normal,0.64,0,1,none
2026-03-13T23:49:16+00:00,api/normal,0.64,0,1,none
2026-03-13T23:49:18+00:00,api/slow,1800.29,0,1,none
2026-03-13T23:49:24+00:00,api/slow,6013.09,0,1,TIMEOUT_ERROR
2026-03-13T23:49:24+00:00,api/normal,1.16,0,1,none
2026-03-13T23:49:24+00:00,api/normal,0.66,0,1,none
2026-03-13T23:49:24+00:00,api/normal,0.66,0,1,none
2026-03-13T23:49:24+00:00,api/normal,0.65,0,1,none
2026-03-13T23:49:24+00:00,api/normal,0.64,0,1,none
2026-03-13T23:49:24+00:00,api/normal,0.65,0,1,none
2026-03-13T23:49:24+00:00,api/normal,0.65,0,1,none
2026-03-13T23:49:24+00:00,api/normal,0.75,0,1,none
2026-03-13T23:49:24+00:00,api/normal,0.65,0,1,none
2026-03-13T23:49:24+00:00,api/normal,0.64,0,1,none
2026-03-13T23:49:24+00:00,api/normal,0.66,0,1,none
2026-03-13T23:49:31+00:00,api/slow,7015.58,0,1,TIMEOUT_ERROR
2026-03-13T23:49:31+00:00,api/normal,1.11,0,1,none
2026-03-13T23:49:31+00:00,api/normal,0.64,0,1,none
2026-03-13T23:49:31+00:00,api/db,3,0,1,none
2026-03-13T23:49:31+00:00,api/normal,0.78,0,1,none
2026-03-13T23:49:31+00:00,api/normal,0.79,0,1,none
2026-03-13T23:49:31+00:00,api/normal,0.76,0,1,none
2026-03-13T23:49:31+00:00,api/normal,0.64,0,1,none
2026-03-13T23:49:31+00:00,api/normal,0.65,0,1,none
2026-03-13T23:49:31+00:00,api/normal,0.65,0,1,none
2026-03-13T23:49:31+00:00,api/normal,0.67,0,1,none
2026-03-13T23:49:31+00:00,api/normal,0.71,0,1,none
2026-03-13T23:49:31+00:00,api/db,2.71,0,1,none
2026-03-13T23:49:31+00:00,api/normal,0.68,0,1,none
2026-03-13T23:49:31+00:00,api/normal,0.74,0,1,none
2026-03-13T23:49:31+00:00,api/normal,0.67,0,1,none
2026-03-13T23:49:31+00:00,api/normal,0.73,0,1,none
2026-03-13T23:49:31+00:00,api/error,3.56,1,1,SYSTEM_ERROR
2026-03-13T23:49:31+00:00,api/normal,0.65,0,1,none
2026-03-13T23:49:33+00:00,api/slow,1901.58,0,1,none
2026-03-13T23:49:33+00:00,api/normal,0.82,0,1,none
2026-03-13T23:49:33+00:00,api/normal,0.64,0,1,none
2026-03-13T23:49:33+00:00,api/normal,0.75,0,1,none
2026-03-13T23:49:33+00:00,api/db,2.79,0,1,none
2026-03-13T23:49:33+00:00,api/normal,0.66,0,1,none
2026-03-13T23:49:33+00:00,api/normal,0.68,0,1,none
2026-03-13T23:49:33+00:00,api/normal,0.68,0,1,none
2026-03-13T23:49:33+00:00,api/normal,0.82,0,1,none
2026-03-13T23:49:33+00:00,api/normal,0.65,0,1,none
2026-03-13T23:49:33+00:00,api/normal,0.68,0,1,none
2026-03-13T23:49:33+00:00,api/normal,0.65,0,1,none
2026-03-13T23:49:39+00:00,api/slow,6014.24,0,1,TIMEOUT_ERROR
2026-03-13T23:49:39+00:00,api/error,2.7,1,1,SYSTEM_ERROR
2026-03-13T23:49:39+00:00,api/normal,0.78,0,1,none
2026-03-13T23:49:39+00:00,api/normal,0.75,0,1,none
2026-03-13T23:49:39+00:00,api/normal,0.67,0,1,none
2026-03-13T23:49:41+00:00,api/slow,1137.21,0,1,none
2026-03-13T23:49:41+00:00,api/normal,0.66,0,1,none
2026-03-13T23:49:41+00:00,api/normal,0.77,0,1,none
2026-03-13T23:49:41+00:00,api/normal,0.66,0,1,none
2026-03-13T23:49:41+00:00,api/normal,0.65,0,1,none
2026-03-13T23:49:41+00:00,api/normal,0.65,0,1,none
2026-03-13T23:49:41+00:00,api/normal,0.72,0,1,none
2026-03-13T23:49:41+00:00,api/normal,0.67,0,1,none
2026-03-13T23:49:41+00:00,api/normal,0.64,0,1,none
2026-03-13T23:49:41+00:00,api/validate,1.76,1,1,UNKNOWN
2026-03-13T23:49:41+00:00,api/normal,0.84,0,1,none
2026-03-13T23:49:41+00:00,api/normal,0.82,0,1,none
2026-03-13T23:49:41+00:00,api/normal,0.73,0,1,none
2026-03-13T23:49:41+00:00,api/normal,0.64,0,1,none
2026-03-13T23:49:41+00:00,api/normal,0.65,0,1,none
2026-03-13T23:49:41+00:00,api/normal,0.66,0,1,none
2026-03-13T23:49:41+00:00,api/normal,0.73,0,1,none
2026-03-13T23:49:42+00:00,api/slow,1531.9,0,1,none
2026-03-13T23:49:42+00:00,api/normal,1.21,0,1,none
2026-03-13T23:49:42+00:00,api/normal,0.67,0,1,none
2026-03-13T23:49:42+00:00,api/normal,0.65,0,1,none
2026-03-13T23:49:42+00:00,api/normal,0.64,0,1,none
2026-03-13T23:49:42+00:00,api/error,1.79,1,1,SYSTEM_ERROR
2026-03-13T23:49:42+00:00,api/normal,0.66,0,1,none
2026-03-13T23:49:44+00:00,api/slow,1616.85,0,1,none
2026-03-13T23:49:44+00:00,api/normal,0.66,0,1,none
2026-03-13T23:49:44+00:00,api/normal,0.67,0,1,none
2026-03-13T23:49:44+00:00,api/error,1.48,1,1,SYSTEM_ERROR
2026-03-13T23:49:50+00:00,api/slow,6008.7,0,1,TIMEOUT_ERROR
2026-03-13T23:49:50+00:00,api/db,3.38,0,1,none
2026-03-13T23:49:50+00:00,api/normal,0.69,0,1,none
2026-03-13T23:49:50+00:00,api/normal,0.71,0,1,none
2026-03-13T23:49:50+00:00,api/db,2.92,0,1,none
2026-03-13T23:49:50+00:00,api/db,2.7,0,1,none
2026-03-13T23:49:50+00:00,api/normal,0.66,0,1,none
2026-03-13T23:49:50+00:00,api/normal,0.67,0,1,none
2026-03-13T23:49:50+00:00,api/normal,0.65,0,1,none
2026-03-13T23:49:50+00:00,api/normal,0.67,0,1,none
2026-03-13T23:49:50+00:00,api/normal,0.64,0,1,none
2026-03-13T23:49:50+00:00,api/normal,0.67,0,1,none
2026-03-13T23:49:52+00:00,api/slow,1437.43,0,1,none
2026-03-13T23:49:52+00:00,api/normal,0.66,0,1,none
2026-03-13T23:49:52+00:00,api/normal,0.78,0,1,none
2026-03-13T23:49:52+00:00,api/normal,0.65,0,1,none
2026-03-13T23:49:53+00:00,api/slow,1342.55,0,1,none
2026-03-13T23:49:53+00:00,api/normal,1.18,0,1,none
2026-03-13T23:49:53+00:00,api/validate,1.78,1,1,UNKNOWN
2026-03-13T23:49:55+00:00,api/slow,1731.95,0,1,none
2026-03-13T23:50:02+00:00,api/slow,7004.25,0,1,TIMEOUT_ERROR
2026-03-13T23:50:02+00:00,api/normal,1.53,0,1,none
2026-03-13T23:50:02+00:00,api/normal,0.65,0,1,none
2026-03-13T23:50:04+00:00,api/slow,1785.97,0,1,none
2026-03-13T23:50:04+00:00,api/normal,0.65,0,1,none
2026-03-13T23:50:06+00:00,api/slow,1703.73,0,1,none
2026-03-13T23:50:06+00:00,api/normal,0.7,0,1,none
2026-03-13T23:50:06+00:00,api/normal,0.72,0,1,none
2026-03-13T23:50:06+00:00,api/normal,0.65,0,1,none
2026-03-13T23:50:06+00:00,api/db,2.94,0,1,none
2026-03-13T23:50:06+00:00,api/normal,0.84,0,1,none
2026-03-13T23:50:08+00:00,api/slow,1682.47,0,1,none
2026-03-13T23:50:13+00:00,api/slow,5004.87,0,1,TIMEOUT_ERROR
2026-03-13T23:50:19+00:00,api/slow,6006.96,0,1,TIMEOUT_ERROR
2026-03-13T23:50:19+00:00,api/normal,1.2,0,1,none
2026-03-13T23:50:20+00:00,api/slow,1063.31,0,1,none
2026-03-13T23:50:20+00:00,api/normal,0.71,0,1,none
2026-03-13T23:50:20+00:00,api/normal,0.86,0,1,none
2026-03-13T23:50:20+00:00,api/normal,0.72,0,1,none
2026-03-13T23:50:20+00:00,api/error,1.97,1,1,SYSTEM_ERROR
2026-03-13T23:50:20+00:00,api/normal,0.75,0,1,none
2026-03-13T23:50:20+00:00,api/normal,0.68,0,1,none
2026-03-13T23:50:20+00:00,api/normal,0.65,0,1,none
2026-03-13T23:50:20+00:00,api/normal,0.66,0,1,none
2026-03-13T23:50:20+00:00,api/validate,1.48,1,1,UNKNOWN
2026-03-13T23:50:20+00:00,api/db,2.85,0,1,none
2026-03-13T23:50:20+00:00,api/normal,0.64,0,1,none
2026-03-13T23:50:20+00:00,api/normal,0.65,0,1,none
2026-03-13T23:50:20+00:00,api/normal,0.67,0,1,none
2026-03-13T23:50:20+00:00,api/normal,0.72,0,1,none
2026-03-13T23:50:20+00:00,api/normal,0.47,0,1,none
2026-03-13T23:50:20+00:00,api/normal,0.64,0,1,none
2026-03-13T23:50:20+00:00,api/normal,0.65,0,1,none
2026-03-13T23:50:20+00:00,api/normal,0.65,0,1,none
2026-03-13T23:50:20+00:00,api/normal,0.64,0,1,none
2026-03-13T23:50:20+00:00,api/normal,0.67,0,1,none
2026-03-13T23:50:22+00:00,api/slow,1992.63,0,1,none
2026-03-13T23:50:22+00:00,api/normal,1.27,0,1,none
2026-03-13T23:50:22+00:00,api/normal,0.76,0,1,none
2026-03-13T23:50:24+00:00,api/slow,1778.28,0,1,none
2026-03-13T23:50:24+00:00,api/normal,0.87,0,1,none
2026-03-13T23:50:26+00:00,api/slow,1947.06,0,1,none
2026-03-13T23:50:27+00:00,api/slow,1300.79,0,1,none
2026-03-13T23:50:27+00:00,api/normal,0.69,0,1,none
2026-03-13T23:50:27+00:00,api/normal,0.69,0,1,none
2026-03-13T23:50:27+00:00,api/normal,0.7,0,1,none
2026-03-13T23:50:27+00:00,api/error,1.96,1,1,SYSTEM_ERROR
2026-03-13T23:50:27+00:00,api/normal,0.65,0,1,none
2026-03-13T23:50:27+00:00,api/normal,0.64,0,1,none
2026-03-13T23:50:27+00:00,api/normal,0.65,0,1,none
2026-03-13T23:50:27+00:00,api/normal,0.66,0,1,none
2026-03-13T23:50:27+00:00,api/normal,0.65,0,1,none
2026-03-13T23:50:27+00:00,api/normal,0.72,0,1,none
2026-03-13T23:50:27+00:00,api/normal,0.65,0,1,none
2026-03-13T23:50:27+00:00,api/normal,0.66,0,1,none
2026-03-13T23:50:27+00:00,api/normal,0.81,0,1,none
2026-03-13T23:50:27+00:00,api/normal,0.67,0,1,none
2026-03-13T23:50:27+00:00,api/validate,1.7,1,1,UNKNOWN
2026-03-13T23:50:27+00:00,api/normal,0.65,0,1,none
2026-03-13T23:50:28+00:00,api/normal,0.68,0,1,none
2026-03-13T23:50:33+00:00,api/slow,5013.89,0,1,TIMEOUT_ERROR
2026-03-13T23:50:33+00:00,api/normal,1.14,0,1,none
2026-03-13T23:50:33+00:00,api/normal,0.66,0,1,none
2026-03-13T23:50:33+00:00,api/normal,0.65,0,1,none
2026-03-13T23:50:33+00:00,api/error,2.62,1,1,SYSTEM_ERROR
2026-03-13T23:50:33+00:00,api/normal,0.66,0,1,none
2026-03-13T23:50:33+00:00,api/normal,0.65,0,1,none
2026-03-13T23:50:40+00:00,api/slow,7010.18,0,1,TIMEOUT_ERROR
2026-03-13T23:50:40+00:00,api/normal,1.14,0,1,none
2026-03-13T23:50:40+00:00,api/normal,0.67,0,1,none
2026-03-13T23:50:40+00:00,api/normal,0.86,0,1,none
2026-03-13T23:50:40+00:00,api/normal,0.71,0,1,none
2026-03-13T23:50:41+00:00,api/slow,1363.79,0,1,none
2026-03-13T23:50:41+00:00,api/normal,0.7,0,1,none
2026-03-13T23:50:41+00:00,api/normal,0.66,0,1,none
2026-03-13T23:50:41+00:00,api/normal,0.65,0,1,none
2026-03-13T23:50:41+00:00,api/normal,0.64,0,1,none
2026-03-13T23:50:41+00:00,api/normal,0.66,0,1,none
2026-03-13T23:50:41+00:00,api/normal,0.7,0,1,none
2026-03-13T23:50:41+00:00,api/normal,0.88,0,1,none
2026-03-13T23:50:41+00:00,api/normal,0.85,0,1,none
2026-03-13T23:50:41+00:00,api/normal,0.74,0,1,none
2026-03-13T23:50:41+00:00,api/normal,0.64,0,1,none
2026-03-13T23:50:46+00:00,api/slow,5009.6,0,1,TIMEOUT_ERROR
2026-03-13T23:50:46+00:00,api/normal,1.24,0,1,none
2026-03-13T23:50:46+00:00,api/normal,0.65,0,1,none
2026-03-13T23:50:46+00:00,api/normal,0.64,0,1,none
2026-03-13T23:50:46+00:00,api/normal,0.64,0,1,none
2026-03-13T23:50:48+00:00,api/slow,1266.3,0,1,none
2026-03-13T23:50:48+00:00,api/normal,0.83,0,1,none
2026-03-13T23:50:53+00:00,api/slow,5014.44,0,1,TIMEOUT_ERROR
2026-03-13T23:51:00+00:00,api/slow,7008.2,0,1,TIMEOUT_ERROR
2026-03-13T23:51:00+00:00,api/normal,1.12,0,1,none
2026-03-13T23:51:00+00:00,api/validate,1.86,1,1,UNKNOWN
2026-03-13T23:51:00+00:00,api/normal,0.66,0,1,none
2026-03-13T23:51:00+00:00,api/error,1.67,1,1,SYSTEM_ERROR
2026-03-13T23:51:02+00:00,api/slow,1813.24,0,1,none
2026-03-13T23:51:02+00:00,api/normal,0.72,0,1,none
2026-03-13T23:51:02+00:00,api/normal,0.66,0,1,none
2026-03-13T23:51:02+00:00,api/normal,0.66,0,1,none
2026-03-13T23:51:02+00:00,api/normal,0.65,0,1,none
2026-03-13T23:51:02+00:00,api/normal,0.69,0,1,none
2026-03-13T23:51:07+00:00,api/slow,5015.95,0,1,TIMEOUT_ERROR
2026-03-13T23:51:09+00:00,api/slow,1741.28,0,1,none
2026-03-13T23:51:09+00:00,api/normal,0.64,0,1,none
2026-03-13T23:51:09+00:00,api/db,3.27,0,1,none
2026-03-13T23:51:09+00:00,api/normal,0.67,0,1,none
2026-03-13T23:51:09+00:00,api/normal,0.64,0,1,none
2026-03-13T23:51:10+00:00,api/slow,1384.32,0,1,none
2026-03-13T23:51:10+00:00,api/normal,1.15,0,1,none
2026-03-13T23:51:10+00:00,api/normal,0.66,0,1,none
2026-03-13T23:51:10+00:00,api/normal,0.67,0,1,none
2026-03-13T23:51:10+00:00,api/normal,0.64,0,1,none
2026-03-13T23:51:10+00:00,api/normal,0.75,0,1,none
2026-03-13T23:51:10+00:00,api/normal,0.64,0,1,none
2026-03-13T23:51:10+00:00,api/normal,0.67,0,1,none
2026-03-13T23:51:10+00:00,api/error,1.89,1,1,SYSTEM_ERROR
2026-03-13T23:51:10+00:00,api/normal,0.64,0,1,none
2026-03-13T23:51:10+00:00,api/normal,0.65,0,1,none
2026-03-13T23:51:10+00:00,api/normal,0.64,0,1,none
2026-03-13T23:51:10+00:00,api/error,1.47,1,1,SYSTEM_ERROR
2026-03-13T23:51:10+00:00,api/normal,0.65,0,1,none
2026-03-13T23:51:15+00:00,api/slow,5017.49,0,1,TIMEOUT_ERROR
2026-03-13T23:51:15+00:00,api/normal,1.33,0,1,none
2026-03-13T23:51:15+00:00,api/error,1.87,1,1,SYSTEM_ERROR
2026-03-13T23:51:15+00:00,api/normal,0.7,0,1,none
2026-03-13T23:51:15+00:00,api/normal,0.65,0,1,none
2026-03-13T23:51:15+00:00,api/normal,0.64,0,1,none
2026-03-13T23:51:22+00:00,api/slow,7009.54,0,1,TIMEOUT_ERROR
2026-03-13T23:51:23+00:00,api/normal,1.11,0,1,none
2026-03-13T23:51:23+00:00,api/normal,0.65,0,1,none
2026-03-13T23:51:23+00:00,api/validate,1.9,1,1,UNKNOWN
2026-03-13T23:51:24+00:00,api/slow,1547.46,0,1,none
2026-03-13T23:51:24+00:00,api/normal,0.74,0,1,none
2026-03-13T23:51:25+00:00,api/slow,1022.15,0,1,none
2026-03-13T23:51:25+00:00,api/normal,1.75,0,1,none
2026-03-13T23:51:25+00:00,api/normal,0.82,0,1,none
2026-03-13T23:51:25+00:00,api/normal,0.79,0,1,none
2026-03-13T23:51:27+00:00,api/slow,1498.66,0,1,none
2026-03-13T23:51:27+00:00,api/normal,0.75,0,1,none
2026-03-13T23:51:27+00:00,api/db,3.41,0,1,none
2026-03-13T23:51:28+00:00,api/slow,1566.2,0,1,none
2026-03-13T23:51:28+00:00,api/normal,1.26,0,1,none
2026-03-13T23:51:33+00:00,api/slow,5007.88,0,1,TIMEOUT_ERROR
2026-03-13T23:51:34+00:00,api/validate,4.23,1,1,UNKNOWN
2026-03-13T23:51:34+00:00,api/normal,0.66,0,1,none
2026-03-13T23:51:41+00:00,api/slow,7012.15,0,1,TIMEOUT_ERROR
2026-03-13T23:51:48+00:00,api/slow,7003.82,0,1,TIMEOUT_ERROR
2026-03-13T23:51:48+00:00,api/normal,1.14,0,1,none
2026-03-13T23:51:48+00:00,api/normal,0.67,0,1,none
2026-03-13T23:51:48+00:00,api/normal,0.79,0,1,none
2026-03-13T23:51:48+00:00,api/normal,0.66,0,1,none
2026-03-13T23:51:48+00:00,api/normal,0.72,0,1,none
2026-03-13T23:51:49+00:00,api/slow,1684.4,0,1,none
2026-03-13T23:51:49+00:00,api/normal,0.78,0,1,none
2026-03-13T23:51:49+00:00,api/error,2.2,1,1,SYSTEM_ERROR
2026-03-13T23:51:49+00:00,api/normal,0.8,0,1,none
2026-03-13T23:51:49+00:00,api/normal,0.76,0,1,none
2026-03-13T23:51:49+00:00,api/normal,0.9,0,1,none
2026-03-13T23:51:50+00:00,api/normal,0.77,0,1,none
2026-03-13T23:51:50+00:00,api/normal,0.67,0,1,none
2026-03-13T23:51:50+00:00,api/normal,0.69,0,1,none
2026-03-13T23:51:50+00:00,api/normal,0.67,0,1,none
2026-03-13T23:51:50+00:00,api/normal,0.78,0,1,none
2026-03-13T23:51:51+00:00,api/slow,1756.43,0,1,none
2026-03-13T23:51:51+00:00,api/normal,1.13,0,1,none
2026-03-13T23:51:52+00:00,api/slow,1053.07,0,1,none
2026-03-13T23:51:52+00:00,api/normal,1.73,0,1,none
2026-03-13T23:51:52+00:00,api/normal,0.68,0,1,none
2026-03-13T23:51:53+00:00,api/normal,0.65,0,1,none
2026-03-13T23:51:53+00:00,api/normal,0.72,0,1,none
2026-03-13T23:51:53+00:00,api/normal,0.69,0,1,none
2026-03-13T23:51:59+00:00,api/slow,6007.17,0,1,TIMEOUT_ERROR
2026-03-13T23:51:59+00:00,api/normal,1.1,0,1,none
2026-03-13T23:51:59+00:00,api/normal,0.65,0,1,none
2026-03-13T23:51:59+00:00,api/normal,0.64,0,1,none
2026-03-13T23:51:59+00:00,api/normal,0.65,0,1,none
2026-03-13T23:51:59+00:00,api/normal,0.64,0,1,none
2026-03-13T23:51:59+00:00,api/normal,0.71,0,1,none
2026-03-13T23:51:59+00:00,api/normal,0.66,0,1,none
2026-03-13T23:51:59+00:00,api/normal,0.65,0,1,none
2026-03-13T23:51:59+00:00,api/normal,0.84,0,1,none
2026-03-13T23:51:59+00:00,api/normal,0.64,0,1,none
2026-03-13T23:51:59+00:00,api/validate,1.77,1,1,UNKNOWN
2026-03-13T23:52:01+00:00,api/slow,1818.43,0,1,none
2026-03-13T23:52:01+00:00,api/normal,0.69,0,1,none
2026-03-13T23:52:01+00:00,api/normal,0.66,0,1,none
2026-03-13T23:52:01+00:00,api/normal,0.66,0,1,none
2026-03-13T23:52:01+00:00,api/normal,0.64,0,1,none
2026-03-13T23:52:01+00:00,api/normal,0.65,0,1,none
2026-03-13T23:52:01+00:00,api/normal,0.64,0,1,none
2026-03-13T23:52:01+00:00,api/normal,0.65,0,1,none
2026-03-13T23:52:01+00:00,api/normal,0.65,0,1,none
2026-03-13T23:52:01+00:00,api/normal,0.63,0,1,none
2026-03-13T23:52:01+00:00,api/normal,0.73,0,1,none
2026-03-13T23:52:01+00:00,api/normal,0.65,0,1,none
2026-03-13T23:52:01+00:00,api/normal,0.66,0,1,none
2026-03-13T23:52:02+00:00,api/slow,1430.69,0,1,none
2026-03-13T23:52:02+00:00,api/normal,1.13,0,1,none
2026-03-13T23:52:04+00:00,api/slow,1227.15,0,1,none
2026-03-13T23:52:04+00:00,api/normal,0.71,0,1,none
2026-03-13T23:52:04+00:00,api/normal,0.74,0,1,none
2026-03-13T23:52:04+00:00,api/normal,0.65,0,1,none
2026-03-13T23:52:04+00:00,api/normal,0.88,0,1,none
2026-03-13T23:52:04+00:00,api/normal,0.67,0,1,none
2026-03-13T23:52:04+00:00,api/normal,0.68,0,1,none
2026-03-13T23:52:04+00:00,api/normal,0.66,0,1,none
2026-03-13T23:52:04+00:00,api/normal,0.64,0,1,none
2026-03-13T23:52:04+00:00,api/normal,0.65,0,1,none
2026-03-13T23:52:11+00:00,api/slow,7013.87,0,1,TIMEOUT_ERROR
2026-03-13T23:52:11+00:00,api/normal,1.35,0,1,none
2026-03-13T23:52:11+00:00,api/normal,0.67,0,1,none
2026-03-13T23:52:11+00:00,api/normal,0.66,0,1,none
2026-03-13T23:52:11+00:00,api/normal,0.66,0,1,none
2026-03-13T23:52:11+00:00,api/normal,0.66,0,1,none
2026-03-13T23:52:11+00:00,api/normal,0.65,0,1,none
2026-03-13T23:52:11+00:00,api/normal,0.67,0,1,none
2026-03-13T23:52:11+00:00,api/normal,0.98,0,1,none
2026-03-13T23:52:11+00:00,api/normal,0.78,0,1,none
2026-03-13T23:52:11+00:00,api/normal,0.72,0,1,none
2026-03-13T23:52:11+00:00,api/normal,0.66,0,1,none
2026-03-13T23:52:11+00:00,api/normal,0.76,0,1,none
2026-03-13T23:52:11+00:00,api/normal,0.65,0,1,none
2026-03-13T23:52:11+00:00,api/normal,0.8,0,1,none
2026-03-13T23:52:13+00:00,api/slow,1800.9,0,1,none
2026-03-13T23:52:13+00:00,api/normal,0.67,0,1,none
2026-03-13T23:52:13+00:00,api/normal,0.66,0,1,none
2026-03-13T23:52:13+00:00,api/error,1.79,1,1,SYSTEM_ERROR
2026-03-13T23:52:13+00:00,api/normal,0.66,0,1,none
2026-03-13T23:52:13+00:00,api/normal,0.74,0,1,none
2026-03-13T23:52:13+00:00,api/normal,0.64,0,1,none
2026-03-13T23:52:13+00:00,api/normal,0.65,0,1,none
2026-03-13T23:52:14+00:00,api/slow,1480.89,0,1,none
2026-03-13T23:52:14+00:00,api/normal,1.18,0,1,none
2026-03-13T23:52:15+00:00,api/normal,0.65,0,1,none
2026-03-13T23:52:16+00:00,api/slow,1286.13,0,1,none
2026-03-13T23:52:16+00:00,api/db,3.1,0,1,none
2026-03-13T23:52:16+00:00,api/normal,0.65,0,1,none
2026-03-13T23:52:16+00:00,api/normal,0.66,0,1,none
2026-03-13T23:52:16+00:00,api/normal,0.67,0,1,none
2026-03-13T23:52:16+00:00,api/normal,0.64,0,1,none
2026-03-13T23:52:16+00:00,api/normal,0.64,0,1,none
2026-03-13T23:52:16+00:00,api/normal,0.64,0,1,none
2026-03-13T23:52:16+00:00,api/normal,0.66,0,1,none
2026-03-13T23:52:16+00:00,api/error,1.81,1,1,SYSTEM_ERROR
2026-03-13T23:52:16+00:00,api/normal,0.78,0,1,none
2026-03-13T23:52:16+00:00,api/normal,0.65,0,1,none
2026-03-13T23:52:16+00:00,api/normal,0.81,0,1,none
2026-03-13T23:52:16+00:00,api/normal,0.76,0,1,none
2026-03-13T23:52:17+00:00,api/slow,1293.92,0,1,none
2026-03-13T23:52:18+00:00,api/slow,1079.01,0,1,none
2026-03-13T23:52:18+00:00,api/normal,0.67,0,1,none
2026-03-13T23:52:18+00:00,api/normal,0.67,0,1,none
2026-03-13T23:52:19+00:00,api/normal,0.67,0,1,none
2026-03-13T23:52:20+00:00,api/slow,1833.1,0,1,none
2026-03-13T23:52:20+00:00,api/db,6.16,0,1,none
2026-03-13T23:52:20+00:00,api/normal,0.76,0,1,none
2026-03-13T23:52:20+00:00,api/normal,0.65,0,1,none
2026-03-13T23:52:27+00:00,api/slow,7004.64,0,1,TIMEOUT_ERROR
2026-03-13T23:52:27+00:00,api/normal,1.31,0,1,none
2026-03-13T23:52:27+00:00,api/normal,0.71,0,1,none
2026-03-13T23:52:28+00:00,api/normal,0.64,0,1,none
2026-03-13T23:52:28+00:00,api/normal,0.66,0,1,none
2026-03-13T23:52:28+00:00,api/normal,0.74,0,1,none
2026-03-13T23:52:34+00:00,api/slow,6001.53,0,1,TIMEOUT_ERROR
2026-03-13T23:52:35+00:00,api/slow,1738.65,0,1,none
2026-03-13T23:52:35+00:00,api/normal,1.04,0,1,none
2026-03-13T23:52:35+00:00,api/normal,0.69,0,1,none
2026-03-13T23:52:36+00:00,api/slow,1015.05,0,1,none
2026-03-13T23:52:36+00:00,api/normal,0.65,0,1,none
2026-03-13T23:52:36+00:00,api/normal,0.8,0,1,none
2026-03-13T23:52:36+00:00,api/normal,0.89,0,1,none
2026-03-13T23:52:36+00:00,api/normal,0.68,0,1,none
2026-03-13T23:52:36+00:00,api/normal,0.64,0,1,none
2026-03-13T23:52:37+00:00,api/normal,1.1,0,1,none
2026-03-13T23:52:37+00:00,api/normal,0.64,0,1,none
2026-03-13T23:52:37+00:00,api/validate,1.8,1,1,UNKNOWN
2026-03-13T23:52:37+00:00,api/normal,0.72,0,1,none
2026-03-13T23:52:37+00:00,api/normal,0.76,0,1,none
2026-03-13T23:52:37+00:00,api/normal,0.66,0,1,none
2026-03-13T23:52:37+00:00,api/error,1.61,1,1,SYSTEM_ERROR
2026-03-13T23:52:37+00:00,api/error,1.59,1,1,SYSTEM_ERROR
2026-03-13T23:52:37+00:00,api/normal,0.89,0,1,none
2026-03-13T23:52:37+00:00,api/normal,0.66,0,1,none
2026-03-13T23:52:37+00:00,api/normal,0.69,0,1,none
2026-03-13T23:52:37+00:00,api/normal,0.77,0,1,none
2026-03-13T23:52:38+00:00,api/slow,1059.63,0,1,none
2026-03-13T23:52:38+00:00,api/normal,0.68,0,1,none
2026-03-13T23:52:38+00:00,api/normal,0.65,0,1,none
2026-03-13T23:52:38+00:00,api/error,1.75,1,1,SYSTEM_ERROR
2026-03-13T23:52:40+00:00,api/slow,1713.1,0,1,none
2026-03-13T23:52:40+00:00,api/normal,1.1,0,1,none
2026-03-13T23:52:40+00:00,api/normal,0.66,0,1,none
2026-03-13T23:52:40+00:00,api/normal,0.69,0,1,none
2026-03-13T23:52:40+00:00,api/normal,0.75,0,1,none
2026-03-13T23:52:40+00:00,api/normal,0.95,0,1,none
2026-03-13T23:52:40+00:00,api/normal,0.67,0,1,none
2026-03-13T23:52:42+00:00,api/slow,1925.47,0,1,none
2026-03-13T23:52:48+00:00,api/slow,6007.75,0,1,TIMEOUT_ERROR
2026-03-13T23:52:48+00:00,api/normal,1.55,0,1,none
2026-03-13T23:52:48+00:00,api/normal,0.75,0,1,none
2026-03-13T23:52:48+00:00,api/normal,0.73,0,1,none
2026-03-13T23:52:48+00:00,api/normal,0.82,0,1,none
2026-03-13T23:52:49+00:00,api/slow,1328.35,0,1,none
2026-03-13T23:52:49+00:00,api/normal,0.65,0,1,none
2026-03-13T23:52:51+00:00,api/slow,1956.58,0,1,none
2026-03-13T23:52:51+00:00,api/normal,1.2,0,1,none
2026-03-13T23:52:51+00:00,api/normal,0.64,0,1,none
2026-03-13T23:52:51+00:00,api/normal,0.73,0,1,none
2026-03-13T23:52:52+00:00,api/slow,1194.01,0,1,none
2026-03-13T23:52:52+00:00,api/normal,0.76,0,1,none
2026-03-13T23:52:52+00:00,api/db,2.85,0,1,none
2026-03-13T23:52:54+00:00,api/slow,1649.53,0,1,none
2026-03-13T23:52:59+00:00,api/slow,5006.33,0,1,TIMEOUT_ERROR
2026-03-13T23:52:59+00:00,api/normal,1.28,0,1,none
2026-03-13T23:52:59+00:00,api/normal,0.73,0,1,none
2026-03-13T23:52:59+00:00,api/normal,0.66,0,1,none
2026-03-13T23:52:59+00:00,api/normal,0.69,0,1,none
2026-03-13T23:52:59+00:00,api/normal,0.7,0,1,none
2026-03-13T23:52:59+00:00,api/normal,0.64,0,1,none
2026-03-13T23:52:59+00:00,api/normal,0.75,0,1,none
2026-03-13T23:53:01+00:00,api/slow,1448.78,0,1,none
2026-03-13T23:53:01+00:00,api/normal,0.67,0,1,none
2026-03-13T23:53:01+00:00,api/normal,0.64,0,1,none
2026-03-13T23:53:01+00:00,api/normal,0.67,0,1,none
2026-03-13T23:53:01+00:00,api/normal,0.7,0,1,none
2026-03-13T23:53:01+00:00,api/normal,0.77,0,1,none
2026-03-13T23:53:01+00:00,api/normal,0.64,0,1,none
2026-03-13T23:53:01+00:00,api/normal,0.65,0,1,none
2026-03-13T23:53:06+00:00,api/slow,5012.53,0,1,TIMEOUT_ERROR
2026-03-13T23:53:06+00:00,api/normal,3.17,0,1,none
2026-03-13T23:53:06+00:00,api/normal,0.75,0,1,none
2026-03-13T23:53:06+00:00,api/normal,0.65,0,1,none
2026-03-13T23:53:06+00:00,api/normal,0.65,0,1,none
2026-03-13T23:53:06+00:00,api/normal,0.66,0,1,none
2026-03-13T23:53:06+00:00,api/normal,0.65,0,1,none
2026-03-13T23:53:11+00:00,api/slow,5012.4,0,1,TIMEOUT_ERROR
2026-03-13T23:53:11+00:00,api/normal,1.2,0,1,none
2026-03-13T23:53:11+00:00,api/normal,0.64,0,1,none
2026-03-13T23:53:11+00:00,api/normal,0.69,0,1,none
2026-03-13T23:53:11+00:00,api/normal,0.65,0,1,none
2026-03-13T23:53:11+00:00,api/normal,0.66,0,1,none
2026-03-13T23:53:11+00:00,api/normal,0.89,0,1,none
2026-03-13T23:53:11+00:00,api/normal,0.74,0,1,none
2026-03-13T23:53:13+00:00,api/slow,1908.07,0,1,none
2026-03-13T23:53:13+00:00,api/normal,0.67,0,1,none
2026-03-13T23:53:13+00:00,api/error,1.81,1,1,SYSTEM_ERROR
2026-03-13T23:53:13+00:00,api/normal,0.71,0,1,none
2026-03-13T23:53:13+00:00,api/normal,0.66,0,1,none
2026-03-13T23:53:13+00:00,api/normal,0.68,0,1,none
2026-03-13T23:53:13+00:00,api/normal,0.66,0,1,none
2026-03-13T23:53:13+00:00,api/normal,0.81,0,1,none
2026-03-13T23:53:13+00:00,api/validate,1.65,1,1,UNKNOWN
2026-03-13T23:53:13+00:00,api/normal,0.68,0,1,none
2026-03-13T23:53:13+00:00,api/normal,0.66,0,1,none
2026-03-13T23:53:13+00:00,api/db,3.28,0,1,none
2026-03-13T23:53:13+00:00,api/normal,0.77,0,1,none
2026-03-13T23:53:15+00:00,api/slow,1497.26,0,1,none
2026-03-13T23:53:15+00:00,api/normal,1.26,0,1,none
2026-03-13T23:53:15+00:00,api/normal,0.68,0,1,none
2026-03-13T23:53:15+00:00,api/error,1.49,1,1,SYSTEM_ERROR
2026-03-13T23:53:15+00:00,api/normal,0.64,0,1,none
2026-03-13T23:53:22+00:00,api/slow,7009.41,0,1,TIMEOUT_ERROR
2026-03-13T23:53:22+00:00,api/normal,1.23,0,1,none
2026-03-13T23:53:22+00:00,api/normal,0.7,0,1,none
2026-03-13T23:53:22+00:00,api/normal,0.66,0,1,none
2026-03-13T23:53:22+00:00,api/normal,0.65,0,1,none
2026-03-13T23:53:24+00:00,api/slow,1863.03,0,1,none
2026-03-13T23:53:24+00:00,api/normal,0.77,0,1,none
2026-03-13T23:53:24+00:00,api/normal,0.66,0,1,none
2026-03-13T23:53:24+00:00,api/normal,0.66,0,1,none
2026-03-13T23:53:24+00:00,api/error,2.2,1,1,SYSTEM_ERROR
2026-03-13T23:53:24+00:00,api/normal,0.71,0,1,none
2026-03-13T23:53:24+00:00,api/normal,0.67,0,1,none
2026-03-13T23:53:26+00:00,api/slow,1623.16,0,1,none
2026-03-13T23:53:26+00:00,api/normal,1.15,0,1,none
2026-03-13T23:53:26+00:00,api/normal,0.66,0,1,none
2026-03-13T23:53:26+00:00,api/normal,0.65,0,1,none
2026-03-13T23:53:26+00:00,api/normal,0.66,0,1,none
2026-03-13T23:53:26+00:00,api/error,1.57,1,1,SYSTEM_ERROR
2026-03-13T23:53:26+00:00,api/normal,0.66,0,1,none
2026-03-13T23:53:26+00:00,api/normal,0.74,0,1,none
2026-03-13T23:53:26+00:00,api/normal,0.72,0,1,none
2026-03-13T23:53:26+00:00,api/normal,0.67,0,1,none
2026-03-13T23:53:26+00:00,api/normal,0.65,0,1,none
2026-03-13T23:53:26+00:00,api/normal,0.66,0,1,none
2026-03-13T23:53:26+00:00,api/normal,0.77,0,1,none
2026-03-13T23:53:26+00:00,api/db,2.86,0,1,none
2026-03-13T23:53:27+00:00,api/slow,1086.64,0,1,none
2026-03-13T23:53:27+00:00,api/normal,0.66,0,1,none
2026-03-13T23:53:27+00:00,api/normal,0.66,0,1,none
2026-03-13T23:53:27+00:00,api/normal,0.66,0,1,none
2026-03-13T23:53:27+00:00,api/normal,0.64,0,1,none
2026-03-13T23:53:27+00:00,api/normal,0.66,0,1,none
2026-03-13T23:53:28+00:00,api/slow,1300.92,0,1,none
2026-03-13T23:53:28+00:00,api/normal,0.65,0,1,none
2026-03-13T23:53:28+00:00,api/normal,0.68,0,1,none
2026-03-13T23:53:28+00:00,api/normal,0.66,0,1,none
2026-03-13T23:53:28+00:00,api/normal,0.64,0,1,none
2026-03-13T23:53:29+00:00,api/error,1.9,1,1,SYSTEM_ERROR
2026-03-13T23:53:29+00:00,api/normal,1.11,0,1,none
2026-03-13T23:53:29+00:00,api/normal,0.73,0,1,none
2026-03-13T23:53:30+00:00,api/slow,1886.72,0,1,none
2026-03-13T23:53:30+00:00,api/normal,0.68,0,1,none
2026-03-13T23:53:30+00:00,api/normal,0.66,0,1,none
2026-03-13T23:53:36+00:00,api/slow,5015.46,0,1,TIMEOUT_ERROR
2026-03-13T23:53:36+00:00,api/normal,1.11,0,1,none
2026-03-13T23:53:36+00:00,api/normal,0.67,0,1,none
2026-03-13T23:53:36+00:00,api/normal,0.64,0,1,none
2026-03-13T23:53:37+00:00,api/slow,1423.62,0,1,none
2026-03-13T23:53:37+00:00,api/error,3.64,1,1,SYSTEM_ERROR
2026-03-13T23:53:37+00:00,api/normal,0.94,0,1,none
2026-03-13T23:53:37+00:00,api/normal,0.75,0,1,none
2026-03-13T23:53:37+00:00,api/error,1.55,1,1,SYSTEM_ERROR
2026-03-13T23:53:37+00:00,api/db,2.81,0,1,none
2026-03-13T23:53:37+00:00,api/normal,0.64,0,1,none
2026-03-13T23:53:37+00:00,api/normal,0.64,0,1,none
2026-03-13T23:53:37+00:00,api/normal,0.66,0,1,none
2026-03-13T23:53:37+00:00,api/normal,0.65,0,1,none
2026-03-13T23:53:37+00:00,api/normal,0.76,0,1,none
2026-03-13T23:53:37+00:00,api/normal,0.8,0,1,none
2026-03-13T23:53:37+00:00,api/normal,0.77,0,1,none
2026-03-13T23:53:38+00:00,api/slow,1185.15,0,1,none
2026-03-13T23:53:38+00:00,api/normal,0.66,0,1,none
2026-03-13T23:53:38+00:00,api/normal,0.65,0,1,none
2026-03-13T23:53:38+00:00,api/normal,0.66,0,1,none
2026-03-13T23:53:39+00:00,api/normal,0.66,0,1,none
2026-03-13T23:53:39+00:00,api/normal,1.13,0,1,none
2026-03-13T23:53:39+00:00,api/normal,0.65,0,1,none
2026-03-13T23:53:39+00:00,api/normal,0.73,0,1,none
2026-03-13T23:53:39+00:00,api/normal,0.65,0,1,none
2026-03-13T23:53:39+00:00,api/normal,0.64,0,1,none
2026-03-13T23:53:39+00:00,api/normal,0.66,0,1,none
2026-03-13T23:53:39+00:00,api/normal,0.67,0,1,none
2026-03-13T23:53:39+00:00,api/normal,1.35,0,1,none
2026-03-13T23:53:39+00:00,api/normal,0.69,0,1,none
2026-03-13T23:53:41+00:00,api/slow,1849.68,0,1,none
2026-03-13T23:53:41+00:00,api/normal,0.64,0,1,none
2026-03-13T23:53:41+00:00,api/error,1.82,1,1,SYSTEM_ERROR
2026-03-13T23:53:41+00:00,api/normal,0.65,0,1,none
2026-03-13T23:53:41+00:00,api/normal,0.65,0,1,none
2026-03-13T23:53:41+00:00,api/normal,0.76,0,1,none
2026-03-13T23:53:41+00:00,api/normal,0.72,0,1,none
2026-03-13T23:53:41+00:00,api/normal,0.79,0,1,none
2026-03-13T23:53:42+00:00,api/slow,1637.58,0,1,none
2026-03-13T23:53:42+00:00,api/db,3.52,0,1,none
2026-03-13T23:53:44+00:00,api/slow,1843.49,0,1,none
2026-03-13T23:53:44+00:00,api/normal,0.76,0,1,none
2026-03-13T23:53:44+00:00,api/normal,0.66,0,1,none
2026-03-13T23:53:46+00:00,api/slow,1602.79,0,1,none
2026-03-13T23:53:46+00:00,api/error,2.74,1,1,SYSTEM_ERROR
2026-03-13T23:53:46+00:00,api/normal,0.68,0,1,none
2026-03-13T23:53:46+00:00,api/normal,0.65,0,1,none
2026-03-13T23:53:46+00:00,api/normal,0.72,0,1,none
2026-03-13T23:53:46+00:00,api/normal,0.64,0,1,none
2026-03-13T23:53:52+00:00,api/slow,6005.73,0,1,TIMEOUT_ERROR
2026-03-13T23:53:52+00:00,api/error,2.57,1,1,SYSTEM_ERROR
2026-03-13T23:53:52+00:00,api/normal,0.71,0,1,none
2026-03-13T23:53:52+00:00,api/normal,0.65,0,1,none
2026-03-13T23:53:52+00:00,api/normal,0.94,0,1,none
2026-03-13T23:53:52+00:00,api/normal,0.66,0,1,none
2026-03-13T23:53:52+00:00,api/normal,0.69,0,1,none
2026-03-13T23:53:54+00:00,api/slow,1932.71,0,1,none
2026-03-13T23:53:54+00:00,api/normal,0.67,0,1,none
2026-03-13T23:53:54+00:00,api/normal,0.69,0,1,none
2026-03-13T23:53:54+00:00,api/normal,0.66,0,1,none
2026-03-13T23:53:54+00:00,api/normal,0.66,0,1,none
2026-03-13T23:53:54+00:00,api/normal,0.65,0,1,none
2026-03-13T23:53:54+00:00,api/normal,0.8,0,1,none
2026-03-13T23:54:00+00:00,api/slow,6002.71,0,1,TIMEOUT_ERROR
2026-03-13T23:54:05+00:00,api/slow,5010.04,0,1,TIMEOUT_ERROR
2026-03-13T23:54:05+00:00,api/normal,1.14,0,1,none
2026-03-13T23:54:05+00:00,api/normal,0.78,0,1,none
2026-03-13T23:54:10+00:00,api/slow,5007.46,0,1,TIMEOUT_ERROR
2026-03-13T23:54:10+00:00,api/normal,1.13,0,1,none
2026-03-13T23:54:10+00:00,api/normal,0.66,0,1,none
2026-03-13T23:54:10+00:00,api/normal,0.78,0,1,none
2026-03-13T23:54:10+00:00,api/normal,0.67,0,1,none
2026-03-13T23:54:10+00:00,api/normal,0.66,0,1,none
2026-03-13T23:54:12+00:00,api/slow,1694.41,0,1,none
2026-03-13T23:54:12+00:00,api/normal,0.68,0,1,none
2026-03-13T23:54:12+00:00,api/normal,0.64,0,1,none
2026-03-13T23:54:12+00:00,api/normal,0.65,0,1,none
2026-03-13T23:54:12+00:00,api/normal,0.69,0,1,none
2026-03-13T23:54:19+00:00,api/slow,7006.7,0,1,TIMEOUT_ERROR
2026-03-13T23:54:20+00:00,api/slow,1249.07,0,1,none
2026-03-13T23:54:21+00:00,api/normal,0.65,0,1,none
2026-03-13T23:54:22+00:00,api/slow,1011.47,0,1,none
2026-03-13T23:54:23+00:00,api/slow,1737.43,0,1,none
2026-03-13T23:54:23+00:00,api/normal,0.63,0,1,none
2026-03-13T23:54:28+00:00,api/slow,5011.62,0,1,TIMEOUT_ERROR
2026-03-13T23:54:28+00:00,api/normal,1.2,0,1,none
2026-03-13T23:54:28+00:00,api/normal,0.65,0,1,none
2026-03-13T23:54:28+00:00,api/validate,1.8,1,1,UNKNOWN
2026-03-13T23:54:28+00:00,api/normal,0.68,0,1,none
2026-03-13T23:54:28+00:00,api/normal,0.67,0,1,none
2026-03-13T23:54:28+00:00,api/normal,0.65,0,1,none
2026-03-13T23:54:30+00:00,api/slow,1344.16,0,1,none
2026-03-13T23:54:30+00:00,api/normal,0.64,0,1,none
2026-03-13T23:54:30+00:00,api/normal,0.66,0,1,none
2026-03-13T23:54:30+00:00,api/normal,0.66,0,1,none
2026-03-13T23:54:30+00:00,api/validate,1.52,1,1,UNKNOWN
2026-03-13T23:54:30+00:00,api/db,2.88,0,1,none
2026-03-13T23:54:32+00:00,api/slow,1708.96,0,1,none
2026-03-13T23:54:32+00:00,api/normal,1.21,0,1,none
2026-03-13T23:54:32+00:00,api/error,1.93,1,1,SYSTEM_ERROR
2026-03-13T23:54:32+00:00,api/normal,0.65,0,1,none
2026-03-13T23:54:32+00:00,api/normal,0.67,0,1,none
2026-03-13T23:54:38+00:00,api/slow,6014.93,0,1,TIMEOUT_ERROR
2026-03-13T23:54:43+00:00,api/slow,5016.82,0,1,TIMEOUT_ERROR
2026-03-13T23:54:43+00:00,api/normal,1.14,0,1,none
2026-03-13T23:54:43+00:00,api/normal,0.75,0,1,none
2026-03-13T23:54:43+00:00,api/normal,0.64,0,1,none
2026-03-13T23:54:43+00:00,api/normal,0.66,0,1,none
2026-03-13T23:54:43+00:00,api/normal,0.68,0,1,none
2026-03-13T23:54:43+00:00,api/normal,0.66,0,1,none
2026-03-13T23:54:43+00:00,api/normal,0.78,0,1,none
2026-03-13T23:54:45+00:00,api/slow,1560.7,0,1,none
2026-03-13T23:54:45+00:00,api/normal,0.68,0,1,none
2026-03-13T23:54:46+00:00,api/slow,1634.19,0,1,none
2026-03-13T23:54:48+00:00,api/slow,1359.86,0,1,none
2026-03-13T23:54:53+00:00,api/slow,5012.53,0,1,TIMEOUT_ERROR
2026-03-13T23:54:54+00:00,api/slow,1154.2,0,1,none
2026-03-13T23:54:54+00:00,api/normal,0.66,0,1,none
2026-03-13T23:54:54+00:00,api/normal,0.67,0,1,none
2026-03-13T23:54:54+00:00,api/normal,0.67,0,1,none
2026-03-13T23:54:54+00:00,api/normal,0.65,0,1,none
2026-03-13T23:54:54+00:00,api/normal,0.65,0,1,none
2026-03-13T23:55:01+00:00,api/slow,7007.43,0,1,TIMEOUT_ERROR
2026-03-13T23:55:02+00:00,api/slow,1553.43,0,1,none
2026-03-13T23:55:03+00:00,api/normal,0.68,0,1,none
2026-03-13T23:55:03+00:00,api/normal,0.72,0,1,none
2026-03-13T23:55:03+00:00,api/normal,0.66,0,1,none
2026-03-13T23:55:03+00:00,api/normal,0.69,0,1,none
2026-03-13T23:55:03+00:00,api/normal,0.66,0,1,none
2026-03-13T23:55:03+00:00,api/normal,0.65,0,1,none
2026-03-13T23:55:03+00:00,api/normal,0.65,0,1,none
2026-03-13T23:55:04+00:00,api/slow,1005.87,0,1,none
2026-03-13T23:55:10+00:00,api/slow,6011.1,0,1,TIMEOUT_ERROR
2026-03-13T23:55:10+00:00,api/db,2.8,0,1,none
2026-03-13T23:55:10+00:00,api/normal,0.63,0,1,none
2026-03-13T23:55:10+00:00,api/normal,0.64,0,1,none
2026-03-13T23:55:10+00:00,api/normal,0.73,0,1,none
2026-03-13T23:55:11+00:00,api/slow,1022.94,0,1,none
2026-03-13T23:55:11+00:00,api/normal,0.67,0,1,none
2026-03-13T23:55:11+00:00,api/normal,0.73,0,1,none
2026-03-13T23:55:11+00:00,api/normal,0.66,0,1,none
2026-03-13T23:55:11+00:00,api/normal,0.85,0,1,none
2026-03-13T23:55:11+00:00,api/normal,0.65,0,1,none
2026-03-13T23:55:11+00:00,api/normal,0.66,0,1,none
2026-03-13T23:55:12+00:00,api/slow,1301.8,0,1,none
2026-03-13T23:55:14+00:00,api/slow,1842.12,0,1,none
2026-03-13T23:55:14+00:00,api/error,3.35,1,1,SYSTEM_ERROR
2026-03-13T23:55:16+00:00,api/slow,1805.5,0,1,none
2026-03-13T23:55:16+00:00,api/normal,0.67,0,1,none
2026-03-13T23:55:18+00:00,api/slow,1887.47,0,1,none
2026-03-13T23:55:20+00:00,api/slow,1864.13,0,1,none
2026-03-13T23:55:20+00:00,api/normal,0.64,0,1,none
2026-03-13T23:55:20+00:00,api/normal,0.78,0,1,none
2026-03-13T23:55:20+00:00,api/normal,0.66,0,1,none
2026-03-13T23:55:20+00:00,api/normal,0.71,0,1,none
2026-03-13T23:55:20+00:00,api/validate,1.92,1,1,UNKNOWN
2026-03-13T23:55:20+00:00,api/db,3.39,0,1,none
2026-03-13T23:55:20+00:00,api/normal,0.75,0,1,none
2026-03-13T23:55:20+00:00,api/normal,0.65,0,1,none
2026-03-13T23:55:20+00:00,api/normal,0.65,0,1,none
2026-03-13T23:55:20+00:00,api/normal,0.66,0,1,none
2026-03-13T23:55:20+00:00,api/normal,0.66,0,1,none
2026-03-13T23:55:20+00:00,api/normal,0.66,0,1,none
2026-03-13T23:55:20+00:00,api/normal,0.67,0,1,none
2026-03-13T23:55:20+00:00,api/normal,0.66,0,1,none
2026-03-13T23:55:20+00:00,api/normal,0.64,0,1,none
2026-03-13T23:55:20+00:00,api/error,1.62,1,1,SYSTEM_ERROR
2026-03-13T23:55:20+00:00,api/normal,0.65,0,1,none
2026-03-13T23:55:20+00:00,api/normal,0.64,0,1,none
2026-03-13T23:55:22+00:00,api/slow,1465.06,0,1,none
2026-03-13T23:55:22+00:00,api/normal,1.24,0,1,none
2026-03-13T23:55:22+00:00,api/normal,0.7,0,1,none
2026-03-13T23:55:22+00:00,api/normal,0.72,0,1,none
2026-03-13T23:55:22+00:00,api/normal,0.77,0,1,none
2026-03-13T23:55:22+00:00,api/normal,0.66,0,1,none
2026-03-13T23:55:22+00:00,api/normal,0.75,0,1,none
2026-03-13T23:55:22+00:00,api/normal,0.67,0,1,none
2026-03-13T23:55:22+00:00,api/normal,0.68,0,1,none
2026-03-13T23:55:22+00:00,api/normal,0.76,0,1,none
2026-03-13T23:55:22+00:00,api/normal,0.68,0,1,none
2026-03-13T23:55:23+00:00,api/slow,1701.62,0,1,none
2026-03-13T23:55:23+00:00,api/normal,0.77,0,1,none
2026-03-13T23:55:23+00:00,api/normal,0.64,0,1,none
2026-03-13T23:55:24+00:00,api/normal,0.87,0,1,none
2026-03-13T23:55:24+00:00,api/normal,0.65,0,1,none
2026-03-13T23:55:24+00:00,api/normal,0.69,0,1,none
2026-03-13T23:55:24+00:00,api/normal,0.7,0,1,none
2026-03-13T23:55:25+00:00,api/slow,1497.64,0,1,none
2026-03-13T23:55:25+00:00,api/validate,2.61,1,1,UNKNOWN
2026-03-13T23:55:25+00:00,api/normal,0.77,0,1,none
2026-03-13T23:55:27+00:00,api/slow,1679.56,0,1,none
2026-03-13T23:55:27+00:00,api/normal,0.66,0,1,none
2026-03-13T23:55:27+00:00,api/error,1.5,1,1,SYSTEM_ERROR
2026-03-13T23:55:32+00:00,api/slow,5008.63,0,1,TIMEOUT_ERROR
2026-03-13T23:55:34+00:00,api/slow,1803.02,0,1,none
2026-03-13T23:55:34+00:00,api/normal,0.73,0,1,none
2026-03-13T23:55:34+00:00,api/normal,0.68,0,1,none
2026-03-13T23:55:34+00:00,api/normal,0.66,0,1,none
2026-03-13T23:55:35+00:00,api/slow,1051.99,0,1,none
2026-03-13T23:55:35+00:00,api/normal,1.12,0,1,none
2026-03-13T23:55:35+00:00,api/error,1.88,1,1,SYSTEM_ERROR
2026-03-13T23:55:35+00:00,api/normal,0.65,0,1,none
2026-03-13T23:55:35+00:00,api/normal,0.64,0,1,none
2026-03-13T23:55:35+00:00,api/normal,0.64,0,1,none
2026-03-13T23:55:35+00:00,api/normal,0.65,0,1,none
2026-03-13T23:55:35+00:00,api/normal,0.65,0,1,none
2026-03-13T23:55:35+00:00,api/normal,0.7,0,1,none
2026-03-13T23:55:35+00:00,api/normal,0.86,0,1,none
2026-03-13T23:55:35+00:00,api/error,1.61,1,1,SYSTEM_ERROR
2026-03-13T23:55:35+00:00,api/normal,0.77,0,1,none
2026-03-13T23:55:36+00:00,api/slow,1381.19,0,1,none
2026-03-13T23:55:36+00:00,api/normal,0.71,0,1,none
2026-03-13T23:55:38+00:00,api/slow,1466.22,0,1,none
2026-03-13T23:55:38+00:00,api/error,4.58,1,1,SYSTEM_ERROR
2026-03-13T23:55:40+00:00,api/slow,1524.94,0,1,none
2026-03-13T23:55:40+00:00,api/normal,0.73,0,1,none
2026-03-13T23:55:41+00:00,api/slow,1903.86,0,1,none
2026-03-13T23:55:42+00:00,api/error,2.65,1,1,SYSTEM_ERROR
2026-03-13T23:55:42+00:00,api/validate,1.52,1,1,UNKNOWN
2026-03-13T23:55:42+00:00,api/normal,0.67,0,1,none
2026-03-13T23:55:43+00:00,api/slow,1268.13,0,1,none
2026-03-13T23:55:43+00:00,api/normal,0.65,0,1,none
2026-03-13T23:55:45+00:00,api/slow,1936.84,0,1,none
2026-03-13T23:55:46+00:00,api/slow,1439.66,0,1,none
2026-03-13T23:55:46+00:00,api/normal,0.67,0,1,none
2026-03-13T23:55:48+00:00,api/slow,1508.45,0,1,none
2026-03-13T23:55:48+00:00,api/normal,1.32,0,1,none
2026-03-13T23:55:54+00:00,api/slow,6003.72,0,1,TIMEOUT_ERROR
2026-03-13T23:55:54+00:00,api/normal,1.13,0,1,none
2026-03-13T23:55:56+00:00,api/slow,1714.22,0,1,none
2026-03-13T23:55:56+00:00,api/error,1.9,1,1,SYSTEM_ERROR
2026-03-13T23:55:56+00:00,api/normal,0.85,0,1,none
2026-03-13T23:55:58+00:00,api/slow,1836.23,0,1,none
2026-03-13T23:55:58+00:00,api/normal,1.16,0,1,none
2026-03-13T23:55:58+00:00,api/normal,0.65,0,1,none
2026-03-13T23:55:59+00:00,api/slow,1148.88,0,1,none
2026-03-13T23:56:01+00:00,api/slow,1849.72,0,1,none
2026-03-13T23:56:01+00:00,api/normal,0.69,0,1,none
2026-03-13T23:56:01+00:00,api/normal,0.65,0,1,none
2026-03-13T23:56:01+00:00,api/normal,0.64,0,1,none
2026-03-13T23:56:01+00:00,api/db,2.6,0,1,none
2026-03-13T23:56:01+00:00,api/normal,0.81,0,1,none
2026-03-13T23:56:06+00:00,api/slow,5015.02,0,1,TIMEOUT_ERROR
2026-03-13T23:56:06+00:00,api/normal,1.29,0,1,none
2026-03-13T23:56:06+00:00,api/normal,0.65,0,1,none
2026-03-13T23:56:06+00:00,api/normal,0.67,0,1,none
2026-03-13T23:56:06+00:00,api/normal,0.65,0,1,none
2026-03-13T23:56:06+00:00,api/normal,0.82,0,1,none
2026-03-13T23:56:06+00:00,api/normal,0.65,0,1,none
2026-03-13T23:56:06+00:00,api/normal,0.64,0,1,none
2026-03-13T23:56:06+00:00,api/normal,1.04,0,1,none
2026-03-13T23:56:08+00:00,api/slow,1734.63,0,1,none
2026-03-13T23:56:08+00:00,api/normal,0.72,0,1,none
2026-03-13T23:56:08+00:00,api/normal,0.66,0,1,none
2026-03-13T23:56:08+00:00,api/normal,0.75,0,1,none
2026-03-13T23:56:09+00:00,api/slow,1462.32,0,1,none
2026-03-13T23:56:09+00:00,api/normal,1.16,0,1,none
2026-03-13T23:56:09+00:00,api/normal,0.69,0,1,none
2026-03-13T23:56:09+00:00,api/normal,0.67,0,1,none
2026-03-13T23:56:11+00:00,api/slow,1704.87,0,1,none
2026-03-13T23:56:12+00:00,api/slow,1161.31,0,1,none
2026-03-13T23:56:12+00:00,api/db,3.22,0,1,none
2026-03-13T23:56:12+00:00,api/normal,0.65,0,1,none
2026-03-13T23:56:19+00:00,api/slow,7011.51,0,1,TIMEOUT_ERROR
2026-03-13T23:56:19+00:00,api/normal,1.11,0,1,none
2026-03-13T23:56:21+00:00,api/slow,1324.57,0,1,none
2026-03-13T23:56:21+00:00,api/error,1.78,1,1,SYSTEM_ERROR
2026-03-13T23:56:21+00:00,api/normal,0.65,0,1,none
2026-03-13T23:56:21+00:00,api/normal,0.67,0,1,none
2026-03-13T23:56:21+00:00,api/normal,0.66,0,1,none
2026-03-13T23:56:21+00:00,api/normal,0.65,0,1,none
2026-03-13T23:56:21+00:00,api/normal,0.73,0,1,none
2026-03-13T23:56:22+00:00,api/slow,1403.26,0,1,none
2026-03-13T23:56:23+00:00,api/slow,1279.5,0,1,none
2026-03-13T23:56:23+00:00,api/error,1.8,1,1,SYSTEM_ERROR
2026-03-13T23:56:24+00:00,api/normal,0.67,0,1,none
2026-03-13T23:56:24+00:00,api/db,3.43,0,1,none
2026-03-13T23:56:24+00:00,api/normal,0.66,0,1,none
2026-03-13T23:56:24+00:00,api/normal,0.64,0,1,none
2026-03-13T23:56:25+00:00,api/slow,1917.6,0,1,none
2026-03-13T23:56:26+00:00,api/error,5.7,1,1,SYSTEM_ERROR
2026-03-13T23:56:26+00:00,api/normal,0.68,0,1,none
2026-03-13T23:56:26+00:00,api/normal,0.66,0,1,none
2026-03-13T23:56:26+00:00,api/normal,0.66,0,1,none
2026-03-13T23:56:31+00:00,api/slow,5016.54,0,1,TIMEOUT_ERROR
2026-03-13T23:56:31+00:00,api/error,2.68,1,1,SYSTEM_ERROR
2026-03-13T23:56:31+00:00,api/normal,0.64,0,1,none
2026-03-13T23:56:31+00:00,api/normal,0.75,0,1,none
2026-03-13T23:56:37+00:00,api/slow,6006.72,0,1,TIMEOUT_ERROR
2026-03-13T23:56:37+00:00,api/error,2.65,1,1,SYSTEM_ERROR
2026-03-13T23:56:37+00:00,api/normal,0.65,0,1,none
2026-03-13T23:56:37+00:00,api/normal,0.92,0,1,none
2026-03-13T23:56:37+00:00,api/error,1.88,1,1,SYSTEM_ERROR
2026-03-13T23:56:37+00:00,api/normal,0.78,0,1,none
2026-03-13T23:56:37+00:00,api/normal,0.65,0,1,none
2026-03-13T23:56:37+00:00,api/normal,0.69,0,1,none
2026-03-13T23:56:37+00:00,api/normal,0.66,0,1,none
2026-03-13T23:56:37+00:00,api/db,2.9,0,1,none
2026-03-13T23:56:37+00:00,api/normal,0.65,0,1,none
2026-03-13T23:56:37+00:00,api/normal,0.65,0,1,none
2026-03-13T23:56:37+00:00,api/normal,0.65,0,1,none
2026-03-13T23:56:37+00:00,api/normal,0.67,0,1,none
2026-03-13T23:56:37+00:00,api/normal,0.73,0,1,none
2026-03-13T23:56:37+00:00,api/normal,0.66,0,1,none
2026-03-13T23:56:37+00:00,api/db,2.76,0,1,none
2026-03-13T23:56:44+00:00,api/slow,7007.02,0,1,TIMEOUT_ERROR
2026-03-13T23:56:44+00:00,api/normal,1.1,0,1,none
2026-03-13T23:56:44+00:00,api/normal,0.66,0,1,none
2026-03-13T23:56:44+00:00,api/normal,0.66,0,1,none
2026-03-13T23:56:44+00:00,api/normal,0.65,0,1,none
2026-03-13T23:56:44+00:00,api/normal,0.65,0,1,none
2026-03-13T23:56:44+00:00,api/normal,0.66,0,1,none
2026-03-13T23:56:45+00:00,api/slow,1308.75,0,1,none
2026-03-13T23:56:45+00:00,api/normal,0.69,0,1,none
2026-03-13T23:56:46+00:00,api/normal,0.75,0,1,none
2026-03-13T23:56:46+00:00,api/normal,0.72,0,1,none
2026-03-13T23:56:46+00:00,api/normal,0.76,0,1,none
2026-03-13T23:56:46+00:00,api/normal,0.68,0,1,none
2026-03-13T23:56:46+00:00,api/normal,1.26,0,1,none
2026-03-13T23:56:46+00:00,api/normal,1.86,0,1,none
2026-03-13T23:56:46+00:00,api/normal,0.7,0,1,none
2026-03-13T23:56:46+00:00,api/normal,0.71,0,1,none
2026-03-13T23:56:46+00:00,api/db,2.8,0,1,none
2026-03-13T23:56:46+00:00,api/db,2.84,0,1,none
2026-03-13T23:56:53+00:00,api/slow,7003.02,0,1,TIMEOUT_ERROR
2026-03-13T23:56:53+00:00,api/error,2.87,1,1,SYSTEM_ERROR
2026-03-13T23:56:53+00:00,api/normal,0.73,0,1,none
2026-03-13T23:56:53+00:00,api/normal,0.71,0,1,none
2026-03-13T23:56:53+00:00,api/normal,0.68,0,1,none
2026-03-13T23:56:55+00:00,api/slow,1766.1,0,1,none
2026-03-13T23:56:55+00:00,api/normal,0.71,0,1,none
2026-03-13T23:56:55+00:00,api/normal,0.65,0,1,none
2026-03-13T23:56:55+00:00,api/normal,0.67,0,1,none
2026-03-13T23:57:02+00:00,api/slow,7007.19,0,1,TIMEOUT_ERROR
2026-03-13T23:57:02+00:00,api/normal,0.8,0,1,none
2026-03-13T23:57:02+00:00,api/normal,0.65,0,1,none
2026-03-13T23:57:02+00:00,api/normal,0.64,0,1,none
2026-03-13T23:57:02+00:00,api/normal,0.64,0,1,none
2026-03-13T23:57:04+00:00,api/slow,1807.99,0,1,none
2026-03-13T23:57:04+00:00,api/normal,0.64,0,1,none
2026-03-13T23:57:04+00:00,api/normal,0.72,0,1,none
2026-03-13T23:57:04+00:00,api/normal,0.65,0,1,none
2026-03-13T23:57:04+00:00,api/normal,0.67,0,1,none
2026-03-13T23:57:04+00:00,api/normal,0.64,0,1,none
2026-03-13T23:57:04+00:00,api/normal,0.9,0,1,none
2026-03-13T23:57:04+00:00,api/db,3.08,0,1,none
2026-03-13T23:57:04+00:00,api/normal,0.67,0,1,none
2026-03-13T23:57:04+00:00,api/normal,0.65,0,1,none
2026-03-13T23:57:04+00:00,api/normal,0.66,0,1,none
2026-03-13T23:57:04+00:00,api/normal,0.79,0,1,none
2026-03-13T23:57:04+00:00,api/validate,1.98,1,1,UNKNOWN
2026-03-13T23:57:04+00:00,api/normal,0.68,0,1,none
2026-03-13T23:57:04+00:00,api/normal,0.76,0,1,none
2026-03-13T23:57:04+00:00,api/normal,0.66,0,1,none
2026-03-13T23:57:04+00:00,api/normal,0.68,0,1,none
2026-03-13T23:57:04+00:00,api/normal,0.71,0,1,none
2026-03-13T23:57:04+00:00,api/normal,0.66,0,1,none
2026-03-13T23:57:04+00:00,api/normal,0.66,0,1,none
2026-03-13T23:57:04+00:00,api/normal,0.82,0,1,none
2026-03-13T23:57:06+00:00,api/slow,1783.16,0,1,none
2026-03-13T23:57:06+00:00,api/db,3.28,0,1,none
2026-03-13T23:57:12+00:00,api/slow,6010.17,0,1,TIMEOUT_ERROR
2026-03-13T23:57:12+00:00,api/normal,1.42,0,1,none
2026-03-13T23:57:12+00:00,api/normal,0.64,0,1,none
2026-03-13T23:57:14+00:00,api/slow,1817.69,0,1,none
2026-03-13T23:57:15+00:00,api/slow,1390.73,0,1,none
2026-03-13T23:57:15+00:00,api/normal,1.12,0,1,none
2026-03-13T23:57:17+00:00,api/slow,1414.88,0,1,none
2026-03-13T23:57:18+00:00,api/slow,1779.58,0,1,none
2026-03-13T23:57:18+00:00,api/error,2.74,1,1,SYSTEM_ERROR
2026-03-13T23:57:18+00:00,api/normal,0.66,0,1,none
2026-03-13T23:57:18+00:00,api/normal,0.66,0,1,none
2026-03-13T23:57:18+00:00,api/normal,0.71,0,1,none
2026-03-13T23:57:18+00:00,api/normal,0.65,0,1,none
2026-03-13T23:57:18+00:00,api/normal,0.65,0,1,none
2026-03-13T23:57:19+00:00,api/normal,0.65,0,1,none
2026-03-13T23:57:19+00:00,api/normal,0.65,0,1,none
2026-03-13T23:57:19+00:00,api/normal,0.69,0,1,none
2026-03-13T23:57:19+00:00,api/normal,0.65,0,1,none
2026-03-13T23:57:19+00:00,api/normal,0.64,0,1,none
2026-03-13T23:57:20+00:00,api/slow,1036.55,0,1,none
2026-03-13T23:57:20+00:00,api/normal,0.73,0,1,none
2026-03-13T23:57:20+00:00,api/normal,0.74,0,1,none
2026-03-13T23:57:22+00:00,api/slow,1997.01,0,1,none
2026-03-13T23:57:22+00:00,api/normal,1.19,0,1,none
2026-03-13T23:57:23+00:00,api/slow,1709.02,0,1,none
2026-03-13T23:57:23+00:00,api/normal,0.65,0,1,none
2026-03-13T23:57:23+00:00,api/normal,0.72,0,1,none
2026-03-13T23:57:23+00:00,api/normal,0.64,0,1,none
2026-03-13T23:57:25+00:00,api/slow,1744.78,0,1,none
2026-03-13T23:57:25+00:00,api/normal,1.15,0,1,none
2026-03-13T23:57:25+00:00,api/normal,0.66,0,1,none
2026-03-13T23:57:30+00:00,api/slow,5007.55,0,1,TIMEOUT_ERROR
2026-03-13T23:57:32+00:00,api/slow,1764.08,0,1,none
2026-03-13T23:57:32+00:00,api/normal,0.75,0,1,none
2026-03-13T23:57:32+00:00,api/normal,0.66,0,1,none
2026-03-13T23:57:32+00:00,api/normal,0.65,0,1,none
2026-03-13T23:57:32+00:00,api/normal,0.72,0,1,none
2026-03-13T23:57:32+00:00,api/validate,1.83,1,1,UNKNOWN
2026-03-13T23:57:34+00:00,api/slow,1870.07,0,1,none
2026-03-13T23:57:34+00:00,api/normal,1.14,0,1,none
2026-03-13T23:57:34+00:00,api/normal,0.65,0,1,none
2026-03-13T23:57:36+00:00,api/slow,1366.33,0,1,none
2026-03-13T23:57:36+00:00,api/normal,1.43,0,1,none
2026-03-13T23:57:36+00:00,api/normal,0.72,0,1,none
2026-03-13T23:57:36+00:00,api/normal,0.8,0,1,none
2026-03-13T23:57:36+00:00,api/normal,0.76,0,1,none
2026-03-13T23:57:36+00:00,api/normal,0.67,0,1,none
2026-03-13T23:57:36+00:00,api/normal,0.65,0,1,none
2026-03-13T23:57:36+00:00,api/normal,0.66,0,1,none
2026-03-13T23:57:36+00:00,api/normal,0.66,0,1,none
2026-03-13T23:57:36+00:00,api/normal,0.66,0,1,none
2026-03-13T23:57:36+00:00,api/normal,0.66,0,1,none
2026-03-13T23:57:36+00:00,api/db,3.7,0,1,none
2026-03-13T23:57:36+00:00,api/db,27.43,0,1,none
2026-03-13T23:57:36+00:00,api/normal,0.66,0,1,none
2026-03-13T23:57:36+00:00,api/db,2.63,0,1,none
2026-03-13T23:57:36+00:00,api/normal,0.65,0,1,none
2026-03-13T23:57:36+00:00,api/normal,0.95,0,1,none
2026-03-13T23:57:36+00:00,api/normal,0.73,0,1,none
2026-03-13T23:57:36+00:00,api/normal,0.66,0,1,none
2026-03-13T23:57:36+00:00,api/normal,0.73,0,1,none
2026-03-13T23:57:36+00:00,api/normal,0.75,0,1,none
2026-03-13T23:57:38+00:00,api/slow,1661.86,0,1,none
2026-03-13T23:57:38+00:00,api/normal,1.23,0,1,none
2026-03-13T23:57:38+00:00,api/validate,1.81,1,1,UNKNOWN
2026-03-13T23:57:39+00:00,api/slow,1363.32,0,1,none
2026-03-13T23:57:39+00:00,api/db,2.68,0,1,none
2026-03-13T23:57:39+00:00,api/normal,0.65,0,1,none
2026-03-13T23:57:39+00:00,api/normal,0.66,0,1,none
2026-03-13T23:57:39+00:00,api/db,3.02,0,1,none
2026-03-13T23:57:39+00:00,api/normal,0.65,0,1,none
2026-03-13T23:57:39+00:00,api/normal,0.68,0,1,none
2026-03-13T23:57:39+00:00,api/normal,0.65,0,1,none
2026-03-13T23:57:39+00:00,api/normal,0.68,0,1,none
2026-03-13T23:57:39+00:00,api/db,16.64,0,1,none
2026-03-13T23:57:39+00:00,api/normal,0.66,0,1,none
2026-03-13T23:57:39+00:00,api/normal,0.78,0,1,none
2026-03-13T23:57:41+00:00,api/slow,1740.04,0,1,none
2026-03-13T23:57:42+00:00,api/slow,1352.08,0,1,none
2026-03-13T23:57:44+00:00,api/slow,1566.1,0,1,none
2026-03-13T23:57:44+00:00,api/normal,1.29,0,1,none
2026-03-13T23:57:50+00:00,api/slow,6008.17,0,1,TIMEOUT_ERROR
2026-03-13T23:57:51+00:00,api/slow,1337.67,0,1,none
2026-03-13T23:57:53+00:00,api/slow,1358.07,0,1,none
2026-03-13T23:57:53+00:00,api/normal,1.1,0,1,none
2026-03-13T23:57:53+00:00,api/normal,0.7,0,1,none
2026-03-13T23:57:53+00:00,api/normal,0.69,0,1,none
2026-03-13T23:57:53+00:00,api/error,3.52,1,1,SYSTEM_ERROR
2026-03-13T23:57:54+00:00,api/slow,1044.61,0,1,none
2026-03-13T23:57:54+00:00,api/normal,0.64,0,1,none
2026-03-13T23:57:56+00:00,api/slow,1691.38,0,1,none
2026-03-13T23:57:56+00:00,api/normal,1.15,0,1,none
2026-03-13T23:57:56+00:00,api/normal,0.74,0,1,none
2026-03-13T23:57:57+00:00,api/slow,1511.47,0,1,none
2026-03-13T23:57:58+00:00,api/slow,1207.89,0,1,none
2026-03-13T23:57:58+00:00,api/normal,0.68,0,1,none
2026-03-13T23:57:58+00:00,api/normal,0.64,0,1,none
2026-03-13T23:58:06+00:00,api/slow,7007.91,0,1,TIMEOUT_ERROR
2026-03-13T23:58:06+00:00,api/normal,1.18,0,1,none
2026-03-13T23:58:06+00:00,api/normal,0.77,0,1,none
2026-03-13T23:58:06+00:00,api/normal,0.66,0,1,none
2026-03-13T23:58:06+00:00,api/normal,0.68,0,1,none
2026-03-13T23:58:06+00:00,api/error,2.07,1,1,SYSTEM_ERROR
2026-03-13T23:58:06+00:00,api/normal,0.65,0,1,none
2026-03-13T23:58:08+00:00,api/slow,1856.8,0,1,none
2026-03-13T23:58:09+00:00,api/slow,1022.89,0,1,none
2026-03-13T23:58:09+00:00,api/error,2.52,1,1,SYSTEM_ERROR
2026-03-13T23:58:09+00:00,api/normal,0.76,0,1,none
2026-03-13T23:58:09+00:00,api/normal,0.73,0,1,none
2026-03-13T23:58:09+00:00,api/validate,1.55,1,1,UNKNOWN
2026-03-13T23:58:09+00:00,api/normal,0.65,0,1,none
2026-03-13T23:58:09+00:00,api/normal,0.64,0,1,none
2026-03-13T23:58:14+00:00,api/slow,5005.39,0,1,TIMEOUT_ERROR
2026-03-13T23:58:14+00:00,api/normal,1.12,0,1,none
2026-03-13T23:58:14+00:00,api/normal,0.64,0,1,none
2026-03-13T23:58:14+00:00,api/normal,0.66,0,1,none
2026-03-13T23:58:15+00:00,api/slow,1466.71,0,1,none
2026-03-13T23:58:15+00:00,api/normal,0.66,0,1,none
2026-03-13T23:58:15+00:00,api/normal,0.65,0,1,none
2026-03-13T23:58:15+00:00,api/normal,0.65,0,1,none
2026-03-13T23:58:15+00:00,api/normal,0.81,0,1,none
2026-03-13T23:58:15+00:00,api/db,2.47,0,1,none
2026-03-13T23:58:15+00:00,api/error,1.78,1,1,SYSTEM_ERROR
2026-03-13T23:58:15+00:00,api/normal,0.7,0,1,none
2026-03-13T23:58:15+00:00,api/normal,0.64,0,1,none
2026-03-13T23:58:15+00:00,api/db,2.78,0,1,none
2026-03-13T23:58:15+00:00,api/normal,0.64,0,1,none
2026-03-13T23:58:15+00:00,api/db,2.88,0,1,none
2026-03-13T23:58:15+00:00,api/normal,0.68,0,1,none
2026-03-13T23:58:17+00:00,api/slow,1175.38,0,1,none
2026-03-13T23:58:18+00:00,api/slow,1349.58,0,1,none
2026-03-13T23:58:18+00:00,api/normal,0.74,0,1,none
2026-03-13T23:58:18+00:00,api/error,1.93,1,1,SYSTEM_ERROR
2026-03-13T23:58:18+00:00,api/normal,0.83,0,1,none
2026-03-13T23:58:20+00:00,api/slow,1979.59,0,1,none
2026-03-13T23:58:20+00:00,api/normal,1.11,0,1,none
2026-03-13T23:58:20+00:00,api/normal,0.74,0,1,none
2026-03-13T23:58:20+00:00,api/normal,0.66,0,1,none
2026-03-13T23:58:20+00:00,api/normal,0.66,0,1,none
2026-03-13T23:58:20+00:00,api/normal,0.65,0,1,none
2026-03-13T23:58:20+00:00,api/normal,0.65,0,1,none
2026-03-13T23:58:20+00:00,api/error,1.64,1,1,SYSTEM_ERROR
2026-03-13T23:58:20+00:00,api/normal,1.32,0,1,none
2026-03-13T23:58:20+00:00,api/normal,0.65,0,1,none
2026-03-13T23:58:20+00:00,api/normal,0.68,0,1,none
2026-03-13T23:58:20+00:00,api/normal,0.66,0,1,none
2026-03-13T23:58:20+00:00,api/error,1.9,1,1,SYSTEM_ERROR
2026-03-13T23:58:20+00:00,api/normal,0.69,0,1,none
2026-03-13T23:58:20+00:00,api/normal,0.65,0,1,none
2026-03-13T23:58:20+00:00,api/normal,0.66,0,1,none
2026-03-13T23:58:22+00:00,api/slow,1487.96,0,1,none
2026-03-13T23:58:24+00:00,api/slow,1886.84,0,1,none
2026-03-13T23:58:24+00:00,api/normal,1.29,0,1,none
2026-03-13T23:58:24+00:00,api/normal,0.77,0,1,none
2026-03-13T23:58:24+00:00,api/normal,0.74,0,1,none
2026-03-13T23:58:24+00:00,api/normal,0.66,0,1,none
2026-03-13T23:58:24+00:00,api/normal,0.83,0,1,none
2026-03-13T23:58:26+00:00,api/slow,1957.53,0,1,none
2026-03-13T23:58:26+00:00,api/error,1.87,1,1,SYSTEM_ERROR
2026-03-13T23:58:26+00:00,api/normal,0.66,0,1,none
2026-03-13T23:58:26+00:00,api/normal,0.77,0,1,none
2026-03-13T23:58:28+00:00,api/slow,1893.35,0,1,none
2026-03-13T23:58:29+00:00,api/slow,1524.38,0,1,none
2026-03-13T23:58:29+00:00,api/normal,0.65,0,1,none
2026-03-13T23:58:29+00:00,api/normal,0.65,0,1,none
2026-03-13T23:58:29+00:00,api/normal,0.65,0,1,none
2026-03-13T23:58:31+00:00,api/slow,1149.97,0,1,none
2026-03-13T23:58:31+00:00,api/normal,1.26,0,1,none
2026-03-13T23:58:31+00:00,api/normal,0.65,0,1,none
2026-03-13T23:58:31+00:00,api/normal,0.67,0,1,none
2026-03-13T23:58:31+00:00,api/normal,0.75,0,1,none
2026-03-13T23:58:33+00:00,api/slow,1917.19,0,1,none
2026-03-13T23:58:34+00:00,api/slow,1802.09,0,1,none
2026-03-13T23:58:34+00:00,api/normal,1.16,0,1,none
2026-03-13T23:58:35+00:00,api/db,2.86,0,1,none
2026-03-13T23:58:35+00:00,api/normal,0.66,0,1,none
2026-03-13T23:58:35+00:00,api/normal,0.69,0,1,none
2026-03-13T23:58:35+00:00,api/normal,0.64,0,1,none
2026-03-13T23:58:35+00:00,api/normal,0.64,0,1,none
2026-03-13T23:58:36+00:00,api/slow,1426.79,0,1,none
2026-03-13T23:58:36+00:00,api/normal,0.9,0,1,none
2026-03-13T23:58:36+00:00,api/normal,0.76,0,1,none
2026-03-13T23:58:36+00:00,api/normal,0.71,0,1,none
2026-03-13T23:58:36+00:00,api/normal,0.69,0,1,none
2026-03-13T23:58:36+00:00,api/normal,0.67,0,1,none
2026-03-13T23:58:36+00:00,api/normal,0.67,0,1,none
2026-03-13T23:58:36+00:00,api/normal,0.65,0,1,none
2026-03-13T23:58:36+00:00,api/normal,0.64,0,1,none
2026-03-13T23:58:36+00:00,api/normal,0.64,0,1,none
2026-03-13T23:58:43+00:00,api/slow,7011.53,0,1,TIMEOUT_ERROR
2026-03-13T23:58:43+00:00,api/normal,1.11,0,1,none
2026-03-13T23:58:43+00:00,api/normal,0.79,0,1,none
2026-03-13T23:58:45+00:00,api/slow,1811.27,0,1,none
2026-03-13T23:58:45+00:00,api/normal,0.65,0,1,none
2026-03-13T23:58:45+00:00,api/normal,1.04,0,1,none
2026-03-13T23:58:45+00:00,api/normal,0.75,0,1,none
2026-03-13T23:58:45+00:00,api/normal,0.69,0,1,none
2026-03-13T23:58:47+00:00,api/slow,1693.37,0,1,none
2026-03-13T23:58:48+00:00,api/slow,1442.25,0,1,none
2026-03-13T23:58:48+00:00,api/normal,0.65,0,1,none
2026-03-13T23:58:48+00:00,api/normal,0.69,0,1,none
2026-03-13T23:58:53+00:00,api/slow,5005.4,0,1,TIMEOUT_ERROR
2026-03-13T23:58:55+00:00,api/slow,1313.34,0,1,none
2026-03-13T23:58:55+00:00,api/normal,0.67,0,1,none
2026-03-13T23:58:55+00:00,api/normal,0.73,0,1,none
2026-03-13T23:59:00+00:00,api/slow,5011.92,0,1,TIMEOUT_ERROR
2026-03-13T23:59:00+00:00,api/normal,1.24,0,1,none
2026-03-13T23:59:02+00:00,api/slow,1988.8,0,1,none
2026-03-13T23:59:02+00:00,api/normal,0.67,0,1,none
2026-03-13T23:59:02+00:00,api/normal,0.65,0,1,none
2026-03-13T23:59:02+00:00,api/normal,0.64,0,1,none
2026-03-13T23:59:02+00:00,api/normal,0.68,0,1,none
2026-03-13T23:59:02+00:00,api/error,1.89,1,1,SYSTEM_ERROR
2026-03-13T23:59:02+00:00,api/normal,0.66,0,1,none
2026-03-13T23:59:02+00:00,api/normal,0.72,0,1,none
2026-03-13T23:59:02+00:00,api/normal,0.79,0,1,none
2026-03-13T23:59:02+00:00,api/error,1.48,1,1,SYSTEM_ERROR
2026-03-13T23:59:02+00:00,api/normal,0.65,0,1,none
2026-03-13T23:59:04+00:00,api/slow,1862.87,0,1,none
2026-03-13T23:59:04+00:00,api/normal,1.12,0,1,none
2026-03-13T23:59:09+00:00,api/slow,5009.85,0,1,TIMEOUT_ERROR
2026-03-13T23:59:11+00:00,api/slow,1703.26,0,1,none
2026-03-13T23:59:11+00:00,api/db,2.86,0,1,none
2026-03-13T23:59:11+00:00,api/normal,0.74,0,1,none
2026-03-13T23:59:11+00:00,api/normal,0.68,0,1,none
2026-03-13T23:59:11+00:00,api/normal,0.66,0,1,none
2026-03-13T23:59:11+00:00,api/normal,0.65,0,1,none
2026-03-13T23:59:12+00:00,api/slow,1239.48,0,1,none
2026-03-13T23:59:12+00:00,api/normal,1.22,0,1,none
2026-03-13T23:59:14+00:00,api/slow,1719.53,0,1,none
2026-03-13T23:59:14+00:00,api/normal,0.65,0,1,none
2026-03-13T23:59:14+00:00,api/validate,1.83,1,1,UNKNOWN
2026-03-13T23:59:14+00:00,api/normal,0.66,0,1,none
2026-03-13T23:59:14+00:00,api/normal,0.65,0,1,none
2026-03-13T23:59:14+00:00,api/normal,0.83,0,1,none
2026-03-13T23:59:15+00:00,api/slow,1116.84,0,1,none
2026-03-13T23:59:22+00:00,api/slow,7008.08,0,1,TIMEOUT_ERROR
2026-03-13T23:59:22+00:00,api/normal,0.68,0,1,none
2026-03-13T23:59:22+00:00,api/normal,0.64,0,1,none
2026-03-13T23:59:27+00:00,api/slow,5013.16,0,1,TIMEOUT_ERROR
2026-03-13T23:59:27+00:00,api/normal,1.25,0,1,none
2026-03-13T23:59:27+00:00,api/normal,0.68,0,1,none
2026-03-13T23:59:27+00:00,api/normal,0.64,0,1,none
2026-03-13T23:59:27+00:00,api/normal,0.73,0,1,none
2026-03-13T23:59:27+00:00,api/normal,0.69,0,1,none
2026-03-13T23:59:27+00:00,api/normal,0.68,0,1,none
2026-03-13T23:59:27+00:00,api/normal,0.68,0,1,none
2026-03-13T23:59:34+00:00,api/slow,7006.63,0,1,TIMEOUT_ERROR
2026-03-13T23:59:36+00:00,api/slow,1226.35,0,1,none
2026-03-13T23:59:36+00:00,api/normal,0.73,0,1,none
2026-03-13T23:59:36+00:00,api/normal,0.8,0,1,none
2026-03-13T23:59:36+00:00,api/normal,0.71,0,1,none
2026-03-13T23:59:36+00:00,api/validate,1.84,1,1,UNKNOWN
2026-03-13T23:59:36+00:00,api/normal,0.66,0,1,none
2026-03-13T23:59:37+00:00,api/slow,1280.28,0,1,none
2026-03-13T23:59:37+00:00,api/db,3.76,0,1,none
2026-03-13T23:59:37+00:00,api/normal,0.65,0,1,none
2026-03-13T23:59:38+00:00,api/slow,1074.89,0,1,none
2026-03-13T23:59:38+00:00,api/normal,0.8,0,1,none
2026-03-13T23:59:38+00:00,api/normal,0.65,0,1,none
2026-03-13T23:59:39+00:00,api/slow,1194.35,0,1,none
2026-03-13T23:59:39+00:00,api/normal,0.67,0,1,none
2026-03-13T23:59:39+00:00,api/validate,1.79,1,1,UNKNOWN
2026-03-13T23:59:39+00:00,api/normal,0.65,0,1,none
2026-03-13T23:59:39+00:00,api/normal,0.66,0,1,none
2026-03-13T23:59:39+00:00,api/normal,0.65,0,1,none
2026-03-13T23:59:39+00:00,api/normal,0.72,0,1,none
2026-03-13T23:59:46+00:00,api/slow,6004.2,0,1,TIMEOUT_ERROR
2026-03-13T23:59:46+00:00,api/normal,1.64,0,1,none
2026-03-13T23:59:46+00:00,api/normal,0.66,0,1,none
2026-03-13T23:59:46+00:00,api/validate,2.12,1,1,UNKNOWN
2026-03-13T23:59:46+00:00,api/normal,0.83,0,1,none
2026-03-13T23:59:46+00:00,api/normal,0.92,0,1,none
2026-03-13T23:59:46+00:00,api/normal,0.7,0,1,none
2026-03-13T23:59:46+00:00,api/normal,0.8,0,1,none
2026-03-13T23:59:46+00:00,api/normal,0.74,0,1,none
2026-03-13T23:59:48+00:00,api/slow,1927.14,0,1,none
2026-03-13T23:59:48+00:00,api/normal,1.27,0,1,none
2026-03-13T23:59:48+00:00,api/error,1.71,1,1,SYSTEM_ERROR
2026-03-13T23:59:48+00:00,api/normal,0.76,0,1,none
2026-03-13T23:59:48+00:00,api/normal,0.9,0,1,none
2026-03-13T23:59:48+00:00,api/normal,1.15,0,1,none
2026-03-13T23:59:48+00:00,api/normal,0.71,0,1,none
2026-03-13T23:59:48+00:00,api/normal,0.78,0,1,none
2026-03-13T23:59:48+00:00,api/normal,0.64,0,1,none
2026-03-13T23:59:48+00:00,api/error,1.51,1,1,SYSTEM_ERROR
2026-03-13T23:59:48+00:00,api/normal,0.81,0,1,none
2026-03-13T23:59:48+00:00,api/validate,1.54,1,1,UNKNOWN
2026-03-13T23:59:48+00:00,api/normal,0.72,0,1,none
2026-03-13T23:59:48+00:00,api/db,3.01,0,1,none
2026-03-13T23:59:48+00:00,api/normal,0.64,0,1,none
2026-03-13T23:59:50+00:00,api/slow,1514.6,0,1,none
2026-03-13T23:59:50+00:00,api/normal,1.34,0,1,none
2026-03-13T23:59:56+00:00,api/slow,6008.2,0,1,TIMEOUT_ERROR
2026-03-13T23:59:56+00:00,api/normal,1.88,0,1,none
2026-03-13T23:59:56+00:00,api/normal,0.74,0,1,none
2026-03-13T23:59:56+00:00,api/error,4.33,1,1,SYSTEM_ERROR
2026-03-13T23:59:56+00:00,api/db,27.08,0,1,none
2026-03-13T23:59:56+00:00,api/normal,0.83,0,1,none
2026-03-13T23:59:56+00:00,api/normal,0.67,0,1,none
2026-03-13T23:59:56+00:00,api/normal,0.7,0,1,none
2026-03-13T23:59:56+00:00,api/normal,0.77,0,1,none
2026-03-13T23:59:56+00:00,api/normal,0.79,0,1,none
2026-03-14T00:00:01+00:00,api/slow,5012.21,0,1,TIMEOUT_ERROR
2026-03-14T00:00:01+00:00,api/normal,1.11,0,1,none
2026-03-14T00:00:01+00:00,api/normal,0.64,0,1,none
2026-03-14T00:00:01+00:00,api/normal,0.66,0,1,none
2026-03-14T00:00:01+00:00,api/normal,0.65,0,1,none
2026-03-14T00:00:01+00:00,api/normal,0.68,0,1,none
2026-03-14T00:00:08+00:00,api/slow,7006.4,0,1,TIMEOUT_ERROR
2026-03-14T00:00:08+00:00,api/normal,1.13,0,1,none
2026-03-14T00:00:08+00:00,api/normal,0.66,0,1,none
2026-03-14T00:00:08+00:00,api/normal,0.66,0,1,none
2026-03-14T00:00:08+00:00,api/error,1.87,1,1,SYSTEM_ERROR
2026-03-14T00:00:08+00:00,api/normal,0.75,0,1,none
2026-03-14T00:00:08+00:00,api/normal,0.86,0,1,none
2026-03-14T00:00:08+00:00,api/normal,1.67,0,1,none
2026-03-14T00:00:08+00:00,api/normal,0.7,0,1,none
2026-03-14T00:00:08+00:00,api/normal,0.75,0,1,none
2026-03-14T00:00:10+00:00,api/slow,1479,0,1,none
2026-03-14T00:00:10+00:00,api/normal,0.78,0,1,none
2026-03-14T00:00:10+00:00,api/normal,0.72,0,1,none
2026-03-14T00:00:11+00:00,api/slow,1729.59,0,1,none
2026-03-14T00:00:11+00:00,api/normal,1.13,0,1,none
2026-03-14T00:00:11+00:00,api/normal,0.66,0,1,none
2026-03-14T00:00:12+00:00,api/normal,0.67,0,1,none
2026-03-14T00:00:12+00:00,api/normal,0.64,0,1,none
2026-03-14T00:00:12+00:00,api/normal,0.65,0,1,none
2026-03-14T00:00:17+00:00,api/slow,5002.73,0,1,TIMEOUT_ERROR
2026-03-14T00:00:17+00:00,api/normal,1.15,0,1,none
2026-03-14T00:00:17+00:00,api/normal,0.66,0,1,none
2026-03-14T00:00:17+00:00,api/normal,0.64,0,1,none
2026-03-14T00:00:17+00:00,api/normal,0.64,0,1,none
2026-03-14T00:00:17+00:00,api/normal,0.65,0,1,none
2026-03-14T00:00:17+00:00,api/normal,0.64,0,1,none
2026-03-14T00:00:17+00:00,api/normal,0.64,0,1,none
2026-03-14T00:00:17+00:00,api/error,1.82,1,1,SYSTEM_ERROR
2026-03-14T00:00:17+00:00,api/normal,0.67,0,1,none
2026-03-14T00:00:17+00:00,api/normal,0.63,0,1,none
2026-03-14T00:00:23+00:00,api/slow,6009.35,0,1,TIMEOUT_ERROR
2026-03-14T00:00:23+00:00,api/normal,1.12,0,1,none
2026-03-14T00:00:23+00:00,api/normal,0.73,0,1,none
2026-03-14T00:00:23+00:00,api/normal,0.64,0,1,none
2026-03-14T00:00:23+00:00,api/normal,0.66,0,1,none
2026-03-14T00:00:23+00:00,api/normal,0.91,0,1,none
2026-03-14T00:00:24+00:00,api/slow,1583.91,0,1,none
2026-03-14T00:00:24+00:00,api/normal,0.72,0,1,none
2026-03-14T00:00:24+00:00,api/normal,0.67,0,1,none
2026-03-14T00:00:25+00:00,api/normal,0.66,0,1,none
2026-03-14T00:00:25+00:00,api/normal,0.66,0,1,none
2026-03-14T00:00:25+00:00,api/normal,0.69,0,1,none
2026-03-14T00:00:25+00:00,api/normal,0.65,0,1,none
2026-03-14T00:00:25+00:00,api/error,1.98,1,1,SYSTEM_ERROR
2026-03-14T00:00:25+00:00,api/normal,0.65,0,1,none
2026-03-14T00:00:26+00:00,api/slow,1690.36,0,1,none
2026-03-14T00:00:26+00:00,api/db,3.57,0,1,none
2026-03-14T00:00:28+00:00,api/slow,1545.41,0,1,none
2026-03-14T00:00:28+00:00,api/normal,0.77,0,1,none
2026-03-14T00:00:28+00:00,api/normal,0.66,0,1,none
2026-03-14T00:00:30+00:00,api/slow,1905.64,0,1,none
2026-03-14T00:00:32+00:00,api/slow,1669.43,0,1,none
2026-03-14T00:00:33+00:00,api/slow,1828.53,0,1,none
2026-03-14T00:00:33+00:00,api/normal,1.14,0,1,none
2026-03-14T00:00:33+00:00,api/normal,0.73,0,1,none
2026-03-14T00:00:35+00:00,api/slow,1303.66,0,1,none
2026-03-14T00:00:35+00:00,api/normal,0.71,0,1,none
2026-03-14T00:00:35+00:00,api/normal,0.66,0,1,none
2026-03-14T00:00:37+00:00,api/slow,1704.16,0,1,none
2026-03-14T00:00:37+00:00,api/normal,1.11,0,1,none
2026-03-14T00:00:37+00:00,api/normal,0.67,0,1,none
2026-03-14T00:00:38+00:00,api/slow,1726.99,0,1,none
2026-03-14T00:00:38+00:00,api/normal,0.73,0,1,none
2026-03-14T00:00:38+00:00,api/normal,0.65,0,1,none
2026-03-14T00:00:38+00:00,api/normal,0.64,0,1,none
2026-03-14T00:00:38+00:00,api/db,3.03,0,1,none
2026-03-14T00:00:38+00:00,api/normal,0.64,0,1,none
2026-03-14T00:00:38+00:00,api/normal,0.69,0,1,none
2026-03-14T00:00:38+00:00,api/normal,0.71,0,1,none
2026-03-14T00:00:39+00:00,api/normal,0.7,0,1,none
2026-03-14T00:00:39+00:00,api/normal,0.66,0,1,none
2026-03-14T00:00:39+00:00,api/normal,0.64,0,1,none
2026-03-14T00:00:39+00:00,api/normal,0.65,0,1,none
2026-03-14T00:00:39+00:00,api/normal,0.65,0,1,none
2026-03-14T00:00:44+00:00,api/slow,5002.14,0,1,TIMEOUT_ERROR
2026-03-14T00:00:44+00:00,api/normal,1.32,0,1,none
2026-03-14T00:00:44+00:00,api/normal,0.64,0,1,none
2026-03-14T00:00:44+00:00,api/normal,0.64,0,1,none
2026-03-14T00:00:45+00:00,api/slow,1621.42,0,1,none
2026-03-14T00:00:47+00:00,api/slow,1187.46,0,1,none
2026-03-14T00:00:47+00:00,api/normal,1.13,0,1,none
2026-03-14T00:00:47+00:00,api/normal,0.71,0,1,none
2026-03-14T00:00:47+00:00,api/normal,0.67,0,1,none
2026-03-14T00:00:54+00:00,api/slow,7009.45,0,1,TIMEOUT_ERROR
2026-03-14T00:00:54+00:00,api/normal,0.83,0,1,none
2026-03-14T00:01:00+00:00,api/slow,6014.5,0,1,TIMEOUT_ERROR
2026-03-14T00:01:05+00:00,api/slow,5003.52,0,1,TIMEOUT_ERROR
2026-03-14T00:01:05+00:00,api/normal,1.49,0,1,none
2026-03-14T00:01:05+00:00,api/error,1.94,1,1,SYSTEM_ERROR
2026-03-14T00:01:05+00:00,api/error,1.58,1,1,SYSTEM_ERROR
2026-03-14T00:01:06+00:00,api/slow,1105.39,0,1,none
2026-03-14T00:01:06+00:00,api/normal,0.76,0,1,none
2026-03-14T00:01:06+00:00,api/normal,0.71,0,1,none
2026-03-14T00:01:08+00:00,api/slow,1966.1,0,1,none
2026-03-14T00:01:14+00:00,api/slow,6016.11,0,1,TIMEOUT_ERROR
2026-03-14T00:01:14+00:00,api/normal,1.11,0,1,none
2026-03-14T00:01:14+00:00,api/normal,0.75,0,1,none
2026-03-14T00:01:14+00:00,api/normal,0.7,0,1,none
2026-03-14T00:01:15+00:00,api/slow,1231.99,0,1,none
2026-03-14T00:01:17+00:00,api/slow,1296.18,0,1,none
2026-03-14T00:01:17+00:00,api/normal,1.14,0,1,none
2026-03-14T00:01:17+00:00,api/normal,0.71,0,1,none
2026-03-14T00:01:17+00:00,api/normal,0.66,0,1,none
2026-03-14T00:01:17+00:00,api/normal,0.81,0,1,none
2026-03-14T00:01:17+00:00,api/normal,0.79,0,1,none
2026-03-14T00:01:17+00:00,api/normal,0.69,0,1,none
2026-03-14T00:01:19+00:00,api/slow,1851.12,0,1,none
2026-03-14T00:01:19+00:00,api/normal,0.69,0,1,none
2026-03-14T00:01:19+00:00,api/normal,0.7,0,1,none
2026-03-14T00:01:19+00:00,api/normal,0.66,0,1,none
2026-03-14T00:01:20+00:00,api/slow,1208.03,0,1,none
2026-03-14T00:01:20+00:00,api/normal,1.22,0,1,none
2026-03-14T00:01:22+00:00,api/slow,1796.92,0,1,none
2026-03-14T00:01:22+00:00,api/error,2.05,1,1,SYSTEM_ERROR
2026-03-14T00:01:22+00:00,api/normal,0.71,0,1,none
2026-03-14T00:01:22+00:00,api/normal,0.68,0,1,none
2026-03-14T00:01:29+00:00,api/slow,7002.68,0,1,TIMEOUT_ERROR
2026-03-14T00:01:29+00:00,api/normal,1.39,0,1,none
2026-03-14T00:01:29+00:00,api/normal,0.66,0,1,none
2026-03-14T00:01:30+00:00,api/slow,1468.16,0,1,none
2026-03-14T00:01:37+00:00,api/slow,7006.39,0,1,TIMEOUT_ERROR
2026-03-14T00:01:37+00:00,api/normal,1.29,0,1,none
2026-03-14T00:01:39+00:00,api/slow,1947.07,0,1,none
2026-03-14T00:01:39+00:00,api/normal,0.66,0,1,none
2026-03-14T00:01:39+00:00,api/normal,0.65,0,1,none
2026-03-14T00:01:41+00:00,api/slow,1842.38,0,1,none
2026-03-14T00:01:41+00:00,api/normal,0.68,0,1,none
2026-03-14T00:01:41+00:00,api/normal,0.65,0,1,none
2026-03-14T00:01:41+00:00,api/db,3.3,0,1,none
2026-03-14T00:01:41+00:00,api/normal,0.64,0,1,none
2026-03-14T00:01:41+00:00,api/normal,0.67,0,1,none
2026-03-14T00:01:41+00:00,api/normal,0.64,0,1,none
2026-03-14T00:01:41+00:00,api/normal,0.65,0,1,none
2026-03-14T00:01:41+00:00,api/normal,0.68,0,1,none
2026-03-14T00:01:41+00:00,api/normal,0.75,0,1,none
2026-03-14T00:01:41+00:00,api/normal,0.68,0,1,none
2026-03-14T00:01:41+00:00,api/normal,0.64,0,1,none
2026-03-14T00:01:41+00:00,api/normal,0.72,0,1,none
2026-03-14T00:01:41+00:00,api/normal,0.65,0,1,none
2026-03-14T00:01:43+00:00,api/slow,1474.22,0,1,none
2026-03-14T00:01:43+00:00,api/normal,0.66,0,1,none
2026-03-14T00:01:43+00:00,api/normal,0.65,0,1,none
2026-03-14T00:01:43+00:00,api/normal,0.67,0,1,none
2026-03-14T00:01:43+00:00,api/normal,0.66,0,1,none
2026-03-14T00:01:43+00:00,api/normal,0.79,0,1,none
2026-03-14T00:01:45+00:00,api/slow,1906.59,0,1,none
2026-03-14T00:01:45+00:00,api/normal,1.12,0,1,none
2026-03-14T00:01:45+00:00,api/normal,0.66,0,1,none
2026-03-14T00:01:45+00:00,api/normal,0.66,0,1,none
2026-03-14T00:01:45+00:00,api/error,1.97,1,1,SYSTEM_ERROR
2026-03-14T00:01:46+00:00,api/slow,1059.21,0,1,none
2026-03-14T00:01:46+00:00,api/normal,0.76,0,1,none
2026-03-14T00:01:46+00:00,api/normal,0.66,0,1,none
2026-03-14T00:01:46+00:00,api/normal,0.68,0,1,none
2026-03-14T00:01:46+00:00,api/normal,0.72,0,1,none
2026-03-14T00:01:46+00:00,api/normal,0.76,0,1,none
2026-03-14T00:01:47+00:00,api/slow,1218.55,0,1,none
2026-03-14T00:01:49+00:00,api/slow,1166.29,0,1,none
2026-03-14T00:01:50+00:00,api/slow,1499.56,0,1,none
2026-03-14T00:01:50+00:00,api/normal,0.71,0,1,none
2026-03-14T00:01:50+00:00,api/normal,0.65,0,1,none
2026-03-14T00:01:50+00:00,api/normal,0.72,0,1,none
2026-03-14T00:01:50+00:00,api/error,1.86,1,1,SYSTEM_ERROR
2026-03-14T00:01:50+00:00,api/normal,0.66,0,1,none
2026-03-14T00:01:51+00:00,api/slow,1239.01,0,1,none
2026-03-14T00:01:52+00:00,api/error,1.61,1,1,SYSTEM_ERROR
2026-03-14T00:01:52+00:00,api/normal,1.12,0,1,none
2026-03-14T00:01:53+00:00,api/slow,1664.95,0,1,none
2026-03-14T00:01:53+00:00,api/error,1.77,1,1,SYSTEM_ERROR
2026-03-14T00:01:53+00:00,api/normal,0.66,0,1,none
2026-03-14T00:01:53+00:00,api/normal,0.64,0,1,none
2026-03-14T00:01:53+00:00,api/normal,0.63,0,1,none
2026-03-14T00:01:53+00:00,api/normal,0.64,0,1,none
2026-03-14T00:01:58+00:00,api/slow,5010.94,0,1,TIMEOUT_ERROR
2026-03-14T00:01:58+00:00,api/normal,1.24,0,1,none
2026-03-14T00:01:58+00:00,api/db,2.96,0,1,none
2026-03-14T00:01:58+00:00,api/normal,0.64,0,1,none
2026-03-14T00:02:00+00:00,api/slow,1192.13,0,1,none
2026-03-14T00:02:00+00:00,api/normal,0.66,0,1,none
2026-03-14T00:02:05+00:00,api/slow,5002.23,0,1,TIMEOUT_ERROR
2026-03-14T00:02:05+00:00,api/error,4.79,1,1,SYSTEM_ERROR
2026-03-14T00:02:05+00:00,api/normal,0.67,0,1,none
2026-03-14T00:02:06+00:00,api/slow,1490.09,0,1,none
2026-03-14T00:02:06+00:00,api/normal,0.73,0,1,none
2026-03-14T00:02:06+00:00,api/normal,0.64,0,1,none
2026-03-14T00:02:06+00:00,api/normal,0.64,0,1,none
2026-03-14T00:02:08+00:00,api/slow,1959.08,0,1,none
2026-03-14T00:02:08+00:00,api/normal,1.2,0,1,none
2026-03-14T00:02:08+00:00,api/db,20.33,0,1,none
2026-03-14T00:02:08+00:00,api/normal,0.66,0,1,none
2026-03-14T00:02:08+00:00,api/normal,0.67,0,1,none
2026-03-14T00:02:08+00:00,api/validate,1.88,1,1,UNKNOWN
2026-03-14T00:02:08+00:00,api/normal,0.77,0,1,none
2026-03-14T00:02:08+00:00,api/normal,0.71,0,1,none
2026-03-14T00:02:08+00:00,api/normal,0.76,0,1,none
2026-03-14T00:02:10+00:00,api/slow,1577.41,0,1,none
2026-03-14T00:02:10+00:00,api/normal,0.66,0,1,none
2026-03-14T00:02:16+00:00,api/slow,6009.74,0,1,TIMEOUT_ERROR
2026-03-14T00:02:16+00:00,api/normal,1.27,0,1,none
2026-03-14T00:02:18+00:00,api/slow,1599.98,0,1,none
2026-03-14T00:02:18+00:00,api/error,2.05,1,1,SYSTEM_ERROR
2026-03-14T00:02:18+00:00,api/normal,0.66,0,1,none
2026-03-14T00:02:18+00:00,api/normal,0.68,0,1,none
2026-03-14T00:02:18+00:00,api/normal,0.7,0,1,none
2026-03-14T00:02:18+00:00,api/normal,0.71,0,1,none
2026-03-14T00:02:19+00:00,api/slow,1622.65,0,1,none
2026-03-14T00:02:19+00:00,api/normal,1.27,0,1,none
2026-03-14T00:02:19+00:00,api/normal,0.65,0,1,none
2026-03-14T00:02:20+00:00,api/normal,0.66,0,1,none
2026-03-14T00:02:20+00:00,api/normal,0.68,0,1,none
2026-03-14T00:02:20+00:00,api/normal,0.64,0,1,none
2026-03-14T00:02:20+00:00,api/normal,0.66,0,1,none
2026-03-14T00:02:20+00:00,api/normal,0.66,0,1,none
2026-03-14T00:02:20+00:00,api/normal,0.66,0,1,none
2026-03-14T00:02:20+00:00,api/normal,0.65,0,1,none
2026-03-14T00:02:20+00:00,api/normal,0.65,0,1,none
2026-03-14T00:02:20+00:00,api/normal,0.66,0,1,none
2026-03-14T00:02:20+00:00,api/normal,0.65,0,1,none
2026-03-14T00:02:20+00:00,api/normal,0.69,0,1,none
2026-03-14T00:02:21+00:00,api/slow,1226.36,0,1,none
2026-03-14T00:02:28+00:00,api/slow,7006.08,0,1,TIMEOUT_ERROR
2026-03-14T00:02:28+00:00,api/normal,1.31,0,1,none
2026-03-14T00:02:28+00:00,api/db,2.34,0,1,none
2026-03-14T00:02:28+00:00,api/normal,0.66,0,1,none
2026-03-14T00:02:30+00:00,api/slow,1678.85,0,1,none
2026-03-14T00:02:30+00:00,api/normal,0.68,0,1,none
2026-03-14T00:02:30+00:00,api/normal,0.81,0,1,none
2026-03-14T00:02:31+00:00,api/slow,1478.01,0,1,none
2026-03-14T00:02:31+00:00,api/normal,1.11,0,1,none
2026-03-14T00:02:31+00:00,api/error,1.79,1,1,SYSTEM_ERROR
2026-03-14T00:02:31+00:00,api/normal,0.64,0,1,none
2026-03-14T00:02:31+00:00,api/db,2.85,0,1,none
2026-03-14T00:02:31+00:00,api/normal,0.64,0,1,none
2026-03-14T00:02:31+00:00,api/normal,0.65,0,1,none
2026-03-14T00:02:31+00:00,api/normal,0.68,0,1,none
2026-03-14T00:02:31+00:00,api/normal,0.7,0,1,none
2026-03-14T00:02:31+00:00,api/normal,0.71,0,1,none
2026-03-14T00:02:31+00:00,api/validate,1.52,1,1,UNKNOWN
2026-03-14T00:02:31+00:00,api/error,1.51,1,1,SYSTEM_ERROR
2026-03-14T00:02:33+00:00,api/slow,1315.27,0,1,none
2026-03-14T00:02:34+00:00,api/slow,1339,0,1,none
2026-03-14T00:02:34+00:00,api/normal,3.88,0,1,none
2026-03-14T00:02:34+00:00,api/normal,0.66,0,1,none
2026-03-14T00:02:34+00:00,api/normal,0.65,0,1,none
2026-03-14T00:02:34+00:00,api/normal,0.66,0,1,none
2026-03-14T00:02:35+00:00,api/slow,1119.81,0,1,none
2026-03-14T00:02:35+00:00,api/normal,0.65,0,1,none
2026-03-14T00:02:35+00:00,api/normal,0.66,0,1,none
2026-03-14T00:02:35+00:00,api/validate,2.09,1,1,UNKNOWN
2026-03-14T00:02:35+00:00,api/normal,0.66,0,1,none
2026-03-14T00:02:35+00:00,api/error,1.66,1,1,SYSTEM_ERROR
2026-03-14T00:02:36+00:00,api/normal,0.65,0,1,none
2026-03-14T00:02:36+00:00,api/normal,0.7,0,1,none
2026-03-14T00:02:36+00:00,api/normal,0.65,0,1,none
2026-03-14T00:02:36+00:00,api/normal,0.67,0,1,none
2026-03-14T00:02:36+00:00,api/normal,0.65,0,1,none
2026-03-14T00:02:36+00:00,api/normal,0.65,0,1,none
2026-03-14T00:02:36+00:00,api/normal,0.65,0,1,none
2026-03-14T00:02:36+00:00,api/normal,0.66,0,1,none
2026-03-14T00:02:37+00:00,api/slow,1688.86,0,1,none
2026-03-14T00:02:37+00:00,api/normal,1.16,0,1,none
2026-03-14T00:02:37+00:00,api/normal,0.67,0,1,none
2026-03-14T00:02:37+00:00,api/validate,1.5,1,1,UNKNOWN
2026-03-14T00:02:37+00:00,api/normal,0.64,0,1,none
2026-03-14T00:02:37+00:00,api/validate,1.5,1,1,UNKNOWN
2026-03-14T00:02:37+00:00,api/normal,0.64,0,1,none
2026-03-14T00:02:39+00:00,api/slow,1224.41,0,1,none
2026-03-14T00:02:39+00:00,api/error,1.8,1,1,SYSTEM_ERROR
2026-03-14T00:02:39+00:00,api/validate,1.53,1,1,UNKNOWN
2026-03-14T00:02:39+00:00,api/normal,0.68,0,1,none
2026-03-14T00:02:39+00:00,api/normal,0.65,0,1,none
2026-03-14T00:02:44+00:00,api/slow,5007.95,0,1,TIMEOUT_ERROR
2026-03-14T00:02:45+00:00,api/slow,1618.13,0,1,none
2026-03-14T00:02:45+00:00,api/normal,0.65,0,1,none
2026-03-14T00:02:45+00:00,api/normal,0.64,0,1,none
2026-03-14T00:02:52+00:00,api/slow,6014.42,0,1,TIMEOUT_ERROR
2026-03-14T00:02:52+00:00,api/db,3.3,0,1,none
2026-03-14T00:02:52+00:00,api/normal,0.74,0,1,none
2026-03-14T00:02:52+00:00,api/normal,0.65,0,1,none
2026-03-14T00:02:52+00:00,api/normal,0.66,0,1,none
2026-03-14T00:02:53+00:00,api/slow,1772.86,0,1,none
2026-03-14T00:02:53+00:00,api/normal,0.68,0,1,none
2026-03-14T00:02:53+00:00,api/error,1.99,1,1,SYSTEM_ERROR
2026-03-14T00:02:53+00:00,api/normal,0.65,0,1,none
2026-03-14T00:02:55+00:00,api/slow,1157.74,0,1,none
2026-03-14T00:02:55+00:00,api/normal,1.12,0,1,none
2026-03-14T00:02:55+00:00,api/normal,0.66,0,1,none
2026-03-14T00:02:55+00:00,api/normal,0.64,0,1,none
2026-03-14T00:02:55+00:00,api/normal,0.72,0,1,none
2026-03-14T00:02:55+00:00,api/normal,0.65,0,1,none
2026-03-14T00:02:55+00:00,api/normal,0.67,0,1,none
2026-03-14T00:02:55+00:00,api/normal,0.66,0,1,none
2026-03-14T00:02:55+00:00,api/db,2.94,0,1,none
2026-03-14T00:02:55+00:00,api/normal,0.67,0,1,none
2026-03-14T00:02:56+00:00,api/slow,1131.15,0,1,none
2026-03-14T00:02:56+00:00,api/normal,0.67,0,1,none
2026-03-14T00:02:57+00:00,api/slow,1203.51,0,1,none
2026-03-14T00:02:57+00:00,api/normal,0.74,0,1,none
2026-03-14T00:02:57+00:00,api/normal,0.74,0,1,none
2026-03-14T00:02:57+00:00,api/normal,0.74,0,1,none
2026-03-14T00:02:57+00:00,api/normal,0.76,0,1,none
2026-03-14T00:02:57+00:00,api/normal,0.74,0,1,none
2026-03-14T00:02:57+00:00,api/normal,0.74,0,1,none
2026-03-14T00:02:57+00:00,api/normal,0.76,0,1,none
2026-03-14T00:02:57+00:00,api/normal,0.73,0,1,none
2026-03-14T00:02:57+00:00,api/error,3.02,1,1,SYSTEM_ERROR
2026-03-14T00:02:57+00:00,api/normal,0.76,0,1,none
2026-03-14T00:02:57+00:00,api/normal,0.69,0,1,none
2026-03-14T00:03:02+00:00,api/slow,5013.79,0,1,TIMEOUT_ERROR
2026-03-14T00:03:02+00:00,api/error,2.62,1,1,SYSTEM_ERROR
2026-03-14T00:03:02+00:00,api/normal,0.65,0,1,none
2026-03-14T00:03:04+00:00,api/slow,1341.37,0,1,none
2026-03-14T00:03:04+00:00,api/normal,0.73,0,1,none
2026-03-14T00:03:04+00:00,api/normal,0.69,0,1,none
2026-03-14T00:03:05+00:00,api/slow,1602.69,0,1,none
2026-03-14T00:03:06+00:00,api/normal,1.23,0,1,none
2026-03-14T00:03:07+00:00,api/slow,1726.05,0,1,none
2026-03-14T00:03:07+00:00,api/normal,0.65,0,1,none
2026-03-14T00:03:07+00:00,api/normal,0.64,0,1,none
2026-03-14T00:03:07+00:00,api/normal,0.66,0,1,none
2026-03-14T00:03:07+00:00,api/normal,0.65,0,1,none
2026-03-14T00:03:08+00:00,api/slow,1133.62,0,1,none
2026-03-14T00:03:09+00:00,api/error,2.96,1,1,SYSTEM_ERROR
2026-03-14T00:03:09+00:00,api/normal,0.7,0,1,none
2026-03-14T00:03:09+00:00,api/normal,0.67,0,1,none
2026-03-14T00:03:09+00:00,api/normal,0.68,0,1,none
2026-03-14T00:03:09+00:00,api/normal,0.69,0,1,none
2026-03-14T00:03:09+00:00,api/normal,0.64,0,1,none
2026-03-14T00:03:09+00:00,api/normal,0.65,0,1,none
2026-03-14T00:03:14+00:00,api/slow,5016.59,0,1,TIMEOUT_ERROR
2026-03-14T00:03:14+00:00,api/normal,1.11,0,1,none
2026-03-14T00:03:14+00:00,api/normal,0.67,0,1,none
2026-03-14T00:03:14+00:00,api/normal,0.66,0,1,none
2026-03-14T00:03:14+00:00,api/normal,0.66,0,1,none
2026-03-14T00:03:16+00:00,api/slow,1756.78,0,1,none
2026-03-14T00:03:16+00:00,api/normal,0.74,0,1,none
2026-03-14T00:03:16+00:00,api/normal,0.65,0,1,none
2026-03-14T00:03:16+00:00,api/normal,0.75,0,1,none
2026-03-14T00:03:16+00:00,api/normal,0.67,0,1,none
2026-03-14T00:03:16+00:00,api/normal,0.63,0,1,none
2026-03-14T00:03:16+00:00,api/normal,0.67,0,1,none
2026-03-14T00:03:16+00:00,api/normal,0.65,0,1,none
2026-03-14T00:03:17+00:00,api/slow,1428.91,0,1,none
2026-03-14T00:03:17+00:00,api/normal,1.14,0,1,none
2026-03-14T00:03:17+00:00,api/normal,0.64,0,1,none
2026-03-14T00:03:17+00:00,api/normal,0.71,0,1,none
2026-03-14T00:03:19+00:00,api/slow,1642.61,0,1,none
2026-03-14T00:03:19+00:00,api/normal,0.73,0,1,none
2026-03-14T00:03:19+00:00,api/normal,0.67,0,1,none
2026-03-14T00:03:19+00:00,api/normal,0.67,0,1,none
2026-03-14T00:03:19+00:00,api/normal,0.74,0,1,none
2026-03-14T00:03:20+00:00,api/slow,1217.03,0,1,none
2026-03-14T00:03:21+00:00,api/slow,1164.61,0,1,none
2026-03-14T00:03:21+00:00,api/normal,0.65,0,1,none
2026-03-14T00:03:23+00:00,api/slow,1978.36,0,1,none
2026-03-14T00:03:23+00:00,api/normal,1.13,0,1,none
2026-03-14T00:03:23+00:00,api/normal,0.66,0,1,none
2026-03-14T00:03:25+00:00,api/slow,1352.35,0,1,none
2026-03-14T00:03:30+00:00,api/slow,5015.28,0,1,TIMEOUT_ERROR
2026-03-14T00:03:30+00:00,api/normal,1.51,0,1,none
2026-03-14T00:03:37+00:00,api/slow,7004.82,0,1,TIMEOUT_ERROR
2026-03-14T00:03:37+00:00,api/normal,1.13,0,1,none
2026-03-14T00:03:37+00:00,api/normal,0.66,0,1,none
2026-03-14T00:03:37+00:00,api/normal,0.65,0,1,none
2026-03-14T00:03:37+00:00,api/normal,0.65,0,1,none
2026-03-14T00:03:37+00:00,api/error,1.92,1,1,SYSTEM_ERROR
2026-03-14T00:03:37+00:00,api/normal,0.89,0,1,none
2026-03-14T00:03:37+00:00,api/normal,0.97,0,1,none
2026-03-14T00:03:37+00:00,api/db,2.93,0,1,none
2026-03-14T00:03:37+00:00,api/normal,0.68,0,1,none
2026-03-14T00:03:38+00:00,api/slow,1382.03,0,1,none
2026-03-14T00:03:38+00:00,api/normal,0.74,0,1,none
2026-03-14T00:03:38+00:00,api/normal,0.64,0,1,none
2026-03-14T00:03:38+00:00,api/normal,0.74,0,1,none
2026-03-14T00:03:38+00:00,api/normal,0.65,0,1,none
2026-03-14T00:03:38+00:00,api/error,1.68,1,1,SYSTEM_ERROR
2026-03-14T00:03:39+00:00,api/normal,0.74,0,1,none
2026-03-14T00:03:39+00:00,api/normal,0.84,0,1,none
2026-03-14T00:03:40+00:00,api/slow,1470.37,0,1,none
2026-03-14T00:03:41+00:00,api/slow,1351.73,0,1,none
2026-03-14T00:03:41+00:00,api/error,1.91,1,1,SYSTEM_ERROR
2026-03-14T00:03:41+00:00,api/normal,0.64,0,1,none
2026-03-14T00:03:41+00:00,api/normal,0.78,0,1,none
2026-03-14T00:03:41+00:00,api/normal,0.65,0,1,none
2026-03-14T00:03:43+00:00,api/slow,1807.38,0,1,none
2026-03-14T00:03:43+00:00,api/normal,1.16,0,1,none
2026-03-14T00:03:43+00:00,api/normal,0.65,0,1,none
2026-03-14T00:03:43+00:00,api/error,7.28,1,1,SYSTEM_ERROR
2026-03-14T00:03:43+00:00,api/validate,2.13,1,1,UNKNOWN
2026-03-14T00:03:43+00:00,api/normal,0.68,0,1,none
2026-03-14T00:03:43+00:00,api/normal,0.65,0,1,none
2026-03-14T00:03:44+00:00,api/normal,0.68,0,1,none
2026-03-14T00:03:44+00:00,api/normal,0.67,0,1,none
2026-03-14T00:03:45+00:00,api/slow,1815.1,0,1,none
2026-03-14T00:03:45+00:00,api/normal,0.72,0,1,none
2026-03-14T00:03:45+00:00,api/normal,0.79,0,1,none
2026-03-14T00:03:45+00:00,api/normal,0.68,0,1,none
2026-03-14T00:03:45+00:00,api/normal,0.64,0,1,none
2026-03-14T00:03:45+00:00,api/normal,0.72,0,1,none
2026-03-14T00:03:47+00:00,api/slow,1610.56,0,1,none
2026-03-14T00:03:47+00:00,api/normal,1.14,0,1,none
2026-03-14T00:03:48+00:00,api/slow,1227.23,0,1,none
2026-03-14T00:03:50+00:00,api/slow,1235.62,0,1,none
2026-03-14T00:03:50+00:00,api/normal,1.23,0,1,none
2026-03-14T00:03:50+00:00,api/normal,0.64,0,1,none
2026-03-14T00:03:50+00:00,api/normal,0.68,0,1,none
2026-03-14T00:03:50+00:00,api/error,1.77,1,1,SYSTEM_ERROR
2026-03-14T00:03:50+00:00,api/normal,0.81,0,1,none
2026-03-14T00:03:50+00:00,api/normal,0.81,0,1,none
2026-03-14T00:03:50+00:00,api/error,1.58,1,1,SYSTEM_ERROR
2026-03-14T00:03:52+00:00,api/slow,1951.24,0,1,none
2026-03-14T00:03:52+00:00,api/normal,0.78,0,1,none
2026-03-14T00:03:52+00:00,api/normal,0.69,0,1,none
2026-03-14T00:03:52+00:00,api/normal,0.69,0,1,none
2026-03-14T00:03:52+00:00,api/normal,0.64,0,1,none
2026-03-14T00:03:59+00:00,api/slow,7012.6,0,1,TIMEOUT_ERROR
2026-03-14T00:03:59+00:00,api/normal,1.11,0,1,none
2026-03-14T00:03:59+00:00,api/normal,0.81,0,1,none
2026-03-14T00:03:59+00:00,api/normal,0.69,0,1,none
2026-03-14T00:03:59+00:00,api/normal,0.66,0,1,none
2026-03-14T00:03:59+00:00,api/normal,0.78,0,1,none
2026-03-14T00:03:59+00:00,api/normal,0.66,0,1,none
2026-03-14T00:03:59+00:00,api/normal,0.65,0,1,none
2026-03-14T00:03:59+00:00,api/normal,0.66,0,1,none
2026-03-14T00:03:59+00:00,api/normal,0.65,0,1,none
2026-03-14T00:04:06+00:00,api/slow,7010.15,0,1,TIMEOUT_ERROR
2026-03-14T00:04:06+00:00,api/normal,1.3,0,1,none
2026-03-14T00:04:06+00:00,api/normal,0.78,0,1,none
2026-03-14T00:04:06+00:00,api/normal,0.88,0,1,none
2026-03-14T00:04:06+00:00,api/normal,1.39,0,1,none
2026-03-14T00:04:12+00:00,api/slow,6010.28,0,1,TIMEOUT_ERROR
2026-03-14T00:04:12+00:00,api/normal,1.11,0,1,none
2026-03-14T00:04:12+00:00,api/normal,0.65,0,1,none
2026-03-14T00:04:14+00:00,api/slow,1554.5,0,1,none
2026-03-14T00:04:14+00:00,api/normal,0.72,0,1,none
2026-03-14T00:04:14+00:00,api/normal,0.75,0,1,none
2026-03-14T00:04:14+00:00,api/error,3.62,1,1,SYSTEM_ERROR
2026-03-14T00:04:14+00:00,api/normal,0.65,0,1,none
2026-03-14T00:04:15+00:00,api/slow,1426.27,0,1,none
2026-03-14T00:04:15+00:00,api/normal,1.17,0,1,none
2026-03-14T00:04:17+00:00,api/slow,1873.4,0,1,none
2026-03-14T00:04:17+00:00,api/normal,0.71,0,1,none
2026-03-14T00:04:17+00:00,api/normal,0.67,0,1,none
2026-03-14T00:04:17+00:00,api/normal,0.64,0,1,none
2026-03-14T00:04:17+00:00,api/normal,0.71,0,1,none
2026-03-14T00:04:24+00:00,api/slow,7003.01,0,1,TIMEOUT_ERROR
2026-03-14T00:04:24+00:00,api/normal,1.19,0,1,none
2026-03-14T00:04:26+00:00,api/slow,1805.29,0,1,none
2026-03-14T00:04:26+00:00,api/normal,0.66,0,1,none
2026-03-14T00:04:26+00:00,api/normal,0.68,0,1,none
2026-03-14T00:04:26+00:00,api/normal,0.65,0,1,none
2026-03-14T00:04:26+00:00,api/normal,0.9,0,1,none
2026-03-14T00:04:28+00:00,api/slow,1600.48,0,1,none
2026-03-14T00:04:28+00:00,api/normal,1.36,0,1,none
2026-03-14T00:04:28+00:00,api/normal,0.75,0,1,none
2026-03-14T00:04:28+00:00,api/normal,0.7,0,1,none
2026-03-14T00:04:28+00:00,api/normal,0.67,0,1,none
2026-03-14T00:04:28+00:00,api/normal,0.66,0,1,none
2026-03-14T00:04:30+00:00,api/slow,1536.39,0,1,none
2026-03-14T00:04:30+00:00,api/normal,0.67,0,1,none
2026-03-14T00:04:30+00:00,api/normal,0.74,0,1,none
2026-03-14T00:04:31+00:00,api/slow,1628.65,0,1,none
2026-03-14T00:04:31+00:00,api/db,3.92,0,1,none
2026-03-14T00:04:31+00:00,api/normal,1.01,0,1,none
2026-03-14T00:04:33+00:00,api/slow,1525.45,0,1,none
2026-03-14T00:04:33+00:00,api/normal,0.74,0,1,none
2026-03-14T00:04:33+00:00,api/normal,0.66,0,1,none
2026-03-14T00:04:33+00:00,api/normal,0.67,0,1,none
2026-03-14T00:04:33+00:00,api/normal,0.72,0,1,none
2026-03-14T00:04:33+00:00,api/normal,0.69,0,1,none
2026-03-14T00:04:33+00:00,api/normal,0.67,0,1,none
2026-03-14T00:04:38+00:00,api/slow,5012.24,0,1,TIMEOUT_ERROR
2026-03-14T00:04:38+00:00,api/validate,5.27,1,1,UNKNOWN
2026-03-14T00:04:38+00:00,api/normal,0.65,0,1,none
2026-03-14T00:04:45+00:00,api/slow,7006.82,0,1,TIMEOUT_ERROR
2026-03-14T00:04:47+00:00,api/slow,1780.31,0,1,none
2026-03-14T00:04:47+00:00,api/normal,0.7,0,1,none
2026-03-14T00:04:47+00:00,api/normal,0.65,0,1,none
2026-03-14T00:04:47+00:00,api/normal,0.81,0,1,none
2026-03-14T00:04:47+00:00,api/normal,0.68,0,1,none
2026-03-14T00:04:47+00:00,api/db,3.09,0,1,none
2026-03-14T00:04:47+00:00,api/normal,0.68,0,1,none
2026-03-14T00:04:52+00:00,api/slow,5009.78,0,1,TIMEOUT_ERROR
2026-03-14T00:04:52+00:00,api/validate,2.53,1,1,UNKNOWN
2026-03-14T00:04:52+00:00,api/normal,0.7,0,1,none
2026-03-14T00:04:59+00:00,api/slow,7003.76,0,1,TIMEOUT_ERROR
2026-03-14T00:04:59+00:00,api/normal,1.16,0,1,none
2026-03-14T00:05:04+00:00,api/slow,5012.18,0,1,TIMEOUT_ERROR
2026-03-14T00:05:04+00:00,api/normal,1.21,0,1,none
2026-03-14T00:05:04+00:00,api/normal,0.82,0,1,none
2026-03-14T00:05:04+00:00,api/normal,0.79,0,1,none
2026-03-14T00:05:04+00:00,api/normal,0.72,0,1,none
2026-03-14T00:05:04+00:00,api/normal,0.76,0,1,none
2026-03-14T00:05:04+00:00,api/normal,0.75,0,1,none
2026-03-14T00:05:04+00:00,api/normal,0.78,0,1,none
2026-03-14T00:05:10+00:00,api/slow,6009.69,0,1,TIMEOUT_ERROR
2026-03-14T00:05:16+00:00,api/slow,6017.75,0,1,TIMEOUT_ERROR
2026-03-14T00:05:21+00:00,api/slow,5006.27,0,1,TIMEOUT_ERROR
2026-03-14T00:05:21+00:00,api/normal,1.13,0,1,none
2026-03-14T00:05:21+00:00,api/error,1.77,1,1,SYSTEM_ERROR
2026-03-14T00:05:21+00:00,api/normal,0.65,0,1,none
2026-03-14T00:05:23+00:00,api/slow,1496.12,0,1,none
2026-03-14T00:05:23+00:00,api/normal,0.7,0,1,none
2026-03-14T00:05:30+00:00,api/slow,7010.43,0,1,TIMEOUT_ERROR
2026-03-14T00:05:30+00:00,api/normal,1.35,0,1,none
2026-03-14T00:05:30+00:00,api/normal,0.78,0,1,none
2026-03-14T00:05:30+00:00,api/normal,0.74,0,1,none
2026-03-14T00:05:30+00:00,api/normal,0.72,0,1,none
2026-03-14T00:05:32+00:00,api/slow,1900.77,0,1,none
2026-03-14T00:05:32+00:00,api/normal,0.66,0,1,none
2026-03-14T00:05:32+00:00,api/normal,0.66,0,1,none
2026-03-14T00:05:32+00:00,api/normal,0.66,0,1,none
2026-03-14T00:05:32+00:00,api/error,1.95,1,1,SYSTEM_ERROR
2026-03-14T00:05:32+00:00,api/normal,0.71,0,1,none
2026-03-14T00:05:32+00:00,api/normal,0.66,0,1,none
2026-03-14T00:05:32+00:00,api/normal,0.65,0,1,none
2026-03-14T00:05:32+00:00,api/normal,0.65,0,1,none
2026-03-14T00:05:32+00:00,api/normal,0.65,0,1,none
2026-03-14T00:05:32+00:00,api/normal,1.37,0,1,none
2026-03-14T00:05:32+00:00,api/normal,0.68,0,1,none
2026-03-14T00:05:32+00:00,api/normal,0.7,0,1,none
2026-03-14T00:05:34+00:00,api/slow,1799.88,0,1,none
2026-03-14T00:05:39+00:00,api/slow,5009.81,0,1,TIMEOUT_ERROR
2026-03-14T00:05:39+00:00,api/validate,2.48,1,1,UNKNOWN
2026-03-14T00:05:39+00:00,api/normal,0.65,0,1,none
2026-03-14T00:05:39+00:00,api/normal,0.67,0,1,none
2026-03-14T00:05:39+00:00,api/normal,0.68,0,1,none
2026-03-14T00:05:39+00:00,api/normal,0.64,0,1,none
2026-03-14T00:05:39+00:00,api/normal,0.74,0,1,none
2026-03-14T00:05:39+00:00,api/normal,0.67,0,1,none
2026-03-14T00:05:39+00:00,api/db,3.28,0,1,none
2026-03-14T00:05:39+00:00,api/normal,0.66,0,1,none
2026-03-14T00:05:39+00:00,api/normal,0.67,0,1,none
2026-03-14T00:05:39+00:00,api/normal,0.67,0,1,none
2026-03-14T00:05:39+00:00,api/normal,0.64,0,1,none
2026-03-14T00:05:39+00:00,api/normal,0.78,0,1,none
2026-03-14T00:05:39+00:00,api/error,1.6,1,1,SYSTEM_ERROR
2026-03-14T00:05:39+00:00,api/normal,0.71,0,1,none
2026-03-14T00:05:41+00:00,api/slow,1779.01,0,1,none
2026-03-14T00:05:43+00:00,api/slow,1652.69,0,1,none
2026-03-14T00:05:43+00:00,api/normal,1.11,0,1,none
2026-03-14T00:05:43+00:00,api/error,1.79,1,1,SYSTEM_ERROR
2026-03-14T00:05:44+00:00,api/slow,1409.62,0,1,none
2026-03-14T00:05:44+00:00,api/normal,0.67,0,1,none
2026-03-14T00:05:44+00:00,api/normal,0.65,0,1,none
2026-03-14T00:05:44+00:00,api/normal,0.67,0,1,none
2026-03-14T00:05:44+00:00,api/normal,0.64,0,1,none
2026-03-14T00:05:44+00:00,api/normal,0.67,0,1,none
2026-03-14T00:05:44+00:00,api/normal,0.72,0,1,none
2026-03-14T00:05:44+00:00,api/normal,0.66,0,1,none
2026-03-14T00:05:46+00:00,api/slow,1966.02,0,1,none
2026-03-14T00:05:48+00:00,api/slow,1088.1,0,1,none
2026-03-14T00:05:48+00:00,api/normal,0.73,0,1,none
2026-03-14T00:05:48+00:00,api/normal,0.67,0,1,none
2026-03-14T00:05:48+00:00,api/normal,0.69,0,1,none
2026-03-14T00:05:49+00:00,api/slow,1696.32,0,1,none
2026-03-14T00:05:49+00:00,api/error,2.73,1,1,SYSTEM_ERROR
2026-03-14T00:05:49+00:00,api/normal,0.68,0,1,none
2026-03-14T00:05:51+00:00,api/slow,1555.18,0,1,none
2026-03-14T00:05:51+00:00,api/normal,0.64,0,1,none
2026-03-14T00:05:51+00:00,api/normal,0.65,0,1,none
2026-03-14T00:05:51+00:00,api/normal,0.79,0,1,none
2026-03-14T00:05:51+00:00,api/error,1.62,1,1,SYSTEM_ERROR
2026-03-14T00:05:53+00:00,api/slow,1987.25,0,1,none
2026-03-14T00:05:53+00:00,api/normal,1.15,0,1,none
2026-03-14T00:05:53+00:00,api/normal,0.66,0,1,none
2026-03-14T00:05:53+00:00,api/normal,0.66,0,1,none
2026-03-14T00:05:53+00:00,api/normal,0.68,0,1,none
2026-03-14T00:05:53+00:00,api/normal,0.68,0,1,none
2026-03-14T00:05:53+00:00,api/normal,0.78,0,1,none
2026-03-14T00:05:53+00:00,api/normal,0.65,0,1,none
2026-03-14T00:05:55+00:00,api/slow,1918.42,0,1,none
2026-03-14T00:05:55+00:00,api/normal,0.72,0,1,none
2026-03-14T00:05:55+00:00,api/error,1.79,1,1,SYSTEM_ERROR
2026-03-14T00:05:55+00:00,api/normal,0.67,0,1,none
2026-03-14T00:05:55+00:00,api/normal,0.65,0,1,none
2026-03-14T00:05:57+00:00,api/slow,1505.71,0,1,none
2026-03-14T00:05:58+00:00,api/slow,1800.92,0,1,none
2026-03-14T00:05:58+00:00,api/normal,0.93,0,1,none
2026-03-14T00:05:59+00:00,api/normal,0.66,0,1,none
2026-03-14T00:05:59+00:00,api/normal,0.65,0,1,none
2026-03-14T00:05:59+00:00,api/normal,0.76,0,1,none
2026-03-14T00:06:00+00:00,api/slow,1043.35,0,1,none
2026-03-14T00:06:00+00:00,api/error,2.49,1,1,SYSTEM_ERROR
2026-03-14T00:06:00+00:00,api/db,2.82,0,1,none
2026-03-14T00:06:00+00:00,api/error,1.51,1,1,SYSTEM_ERROR
2026-03-14T00:06:00+00:00,api/normal,0.67,0,1,none
2026-03-14T00:06:00+00:00,api/normal,0.64,0,1,none
2026-03-14T00:06:00+00:00,api/normal,0.66,0,1,none
2026-03-14T00:06:00+00:00,api/normal,0.75,0,1,none
2026-03-14T00:06:00+00:00,api/normal,0.65,0,1,none
2026-03-14T00:06:02+00:00,api/slow,1986.47,0,1,none
2026-03-14T00:06:02+00:00,api/normal,0.7,0,1,none
2026-03-14T00:06:02+00:00,api/normal,0.67,0,1,none
2026-03-14T00:06:02+00:00,api/normal,0.64,0,1,none
2026-03-14T00:06:02+00:00,api/normal,0.66,0,1,none
2026-03-14T00:06:02+00:00,api/normal,0.64,0,1,none
2026-03-14T00:06:02+00:00,api/normal,0.64,0,1,none
2026-03-14T00:06:02+00:00,api/normal,0.66,0,1,none
2026-03-14T00:06:03+00:00,api/slow,1173.58,0,1,none
2026-03-14T00:06:03+00:00,api/normal,1.14,0,1,none
2026-03-14T00:06:10+00:00,api/slow,7008.44,0,1,TIMEOUT_ERROR
2026-03-14T00:06:10+00:00,api/normal,1.17,0,1,none
2026-03-14T00:06:10+00:00,api/normal,0.86,0,1,none
2026-03-14T00:06:10+00:00,api/normal,0.73,0,1,none
2026-03-14T00:06:10+00:00,api/normal,0.7,0,1,none
2026-03-14T00:06:10+00:00,api/normal,0.72,0,1,none
2026-03-14T00:06:10+00:00,api/normal,0.78,0,1,none
2026-03-14T00:06:10+00:00,api/normal,0.69,0,1,none
2026-03-14T00:06:16+00:00,api/slow,6015.92,0,1,TIMEOUT_ERROR
2026-03-14T00:06:16+00:00,api/normal,1.13,0,1,none
2026-03-14T00:06:16+00:00,api/normal,0.66,0,1,none
2026-03-14T00:06:18+00:00,api/slow,1765.73,0,1,none
2026-03-14T00:06:18+00:00,api/normal,0.68,0,1,none
2026-03-14T00:06:18+00:00,api/normal,0.67,0,1,none
2026-03-14T00:06:18+00:00,api/error,3.5,1,1,SYSTEM_ERROR
2026-03-14T00:06:18+00:00,api/normal,0.75,0,1,none
2026-03-14T00:06:19+00:00,api/slow,1105.04,0,1,none
2026-03-14T00:06:19+00:00,api/normal,1.15,0,1,none
2026-03-14T00:06:19+00:00,api/normal,0.63,0,1,none
2026-03-14T00:06:19+00:00,api/normal,0.65,0,1,none
2026-03-14T00:06:19+00:00,api/normal,0.87,0,1,none
2026-03-14T00:06:19+00:00,api/normal,0.78,0,1,none
2026-03-14T00:06:20+00:00,api/error,1.55,1,1,SYSTEM_ERROR
2026-03-14T00:06:20+00:00,api/normal,0.7,0,1,none
2026-03-14T00:06:20+00:00,api/normal,0.65,0,1,none
2026-03-14T00:06:21+00:00,api/slow,1606.72,0,1,none
2026-03-14T00:06:21+00:00,api/normal,0.72,0,1,none
2026-03-14T00:06:21+00:00,api/normal,0.66,0,1,none
2026-03-14T00:06:21+00:00,api/normal,0.65,0,1,none
2026-03-14T00:06:21+00:00,api/validate,1.86,1,1,UNKNOWN
2026-03-14T00:06:21+00:00,api/error,3.34,1,1,SYSTEM_ERROR
2026-03-14T00:06:21+00:00,api/error,2.01,1,1,SYSTEM_ERROR
2026-03-14T00:06:23+00:00,api/slow,1538.38,0,1,none
2026-03-14T00:06:23+00:00,api/normal,1.12,0,1,none
2026-03-14T00:06:23+00:00,api/normal,0.67,0,1,none
2026-03-14T00:06:23+00:00,api/error,1.62,1,1,SYSTEM_ERROR
2026-03-14T00:06:29+00:00,api/slow,6016.49,0,1,TIMEOUT_ERROR
2026-03-14T00:06:29+00:00,api/normal,1.16,0,1,none
2026-03-14T00:06:29+00:00,api/normal,0.77,0,1,none
2026-03-14T00:06:29+00:00,api/normal,0.68,0,1,none
2026-03-14T00:06:29+00:00,api/normal,0.66,0,1,none
2026-03-14T00:06:29+00:00,api/db,2.87,0,1,none
2026-03-14T00:06:29+00:00,api/normal,0.64,0,1,none
2026-03-14T00:06:29+00:00,api/normal,0.64,0,1,none
2026-03-14T00:06:29+00:00,api/normal,0.66,0,1,none
2026-03-14T00:06:34+00:00,api/slow,5001.75,0,1,TIMEOUT_ERROR
2026-03-14T00:06:34+00:00,api/normal,1.35,0,1,none
2026-03-14T00:06:34+00:00,api/normal,0.79,0,1,none
2026-03-14T00:06:34+00:00,api/normal,0.64,0,1,none
2026-03-14T00:06:41+00:00,api/slow,7015.14,0,1,TIMEOUT_ERROR
2026-03-14T00:06:41+00:00,api/normal,3.82,0,1,none
2026-03-14T00:06:42+00:00,api/slow,1116.68,0,1,none
2026-03-14T00:06:42+00:00,api/normal,0.67,0,1,none
2026-03-14T00:06:42+00:00,api/normal,0.65,0,1,none
2026-03-14T00:06:44+00:00,api/slow,1076.45,0,1,none
2026-03-14T00:06:44+00:00,api/normal,0.66,0,1,none
2026-03-14T00:06:44+00:00,api/normal,0.77,0,1,none
2026-03-14T00:06:44+00:00,api/normal,0.66,0,1,none
2026-03-14T00:06:44+00:00,api/normal,0.65,0,1,none
2026-03-14T00:06:44+00:00,api/error,2.55,1,1,SYSTEM_ERROR
2026-03-14T00:06:46+00:00,api/slow,1861.84,0,1,none
2026-03-14T00:06:46+00:00,api/normal,0.63,0,1,none
2026-03-14T00:06:46+00:00,api/normal,1.04,0,1,none
2026-03-14T00:06:53+00:00,api/slow,7008.18,0,1,TIMEOUT_ERROR
2026-03-14T00:06:53+00:00,api/normal,1.14,0,1,none
2026-03-14T00:06:54+00:00,api/slow,1100.39,0,1,none
2026-03-14T00:06:54+00:00,api/normal,0.71,0,1,none
2026-03-14T00:06:54+00:00,api/normal,0.64,0,1,none
2026-03-14T00:06:54+00:00,api/normal,0.65,0,1,none
2026-03-14T00:06:54+00:00,api/normal,0.68,0,1,none
2026-03-14T00:06:54+00:00,api/normal,0.79,0,1,none
2026-03-14T00:06:54+00:00,api/normal,0.7,0,1,none
2026-03-14T00:06:55+00:00,api/slow,1110.01,0,1,none
2026-03-14T00:06:55+00:00,api/normal,0.65,0,1,none
2026-03-14T00:06:55+00:00,api/normal,0.67,0,1,none
2026-03-14T00:06:55+00:00,api/normal,0.67,0,1,none
2026-03-14T00:06:55+00:00,api/normal,1.07,0,1,none
2026-03-14T00:06:55+00:00,api/normal,0.67,0,1,none
2026-03-14T00:06:55+00:00,api/normal,0.71,0,1,none
2026-03-14T00:06:55+00:00,api/normal,0.67,0,1,none
2026-03-14T00:06:55+00:00,api/normal,0.64,0,1,none
2026-03-14T00:06:55+00:00,api/normal,0.69,0,1,none
2026-03-14T00:06:55+00:00,api/normal,0.71,0,1,none
2026-03-14T00:06:55+00:00,api/db,3.29,0,1,none
2026-03-14T00:06:55+00:00,api/normal,0.66,0,1,none
2026-03-14T00:06:55+00:00,api/normal,0.67,0,1,none
2026-03-14T00:06:55+00:00,api/normal,0.67,0,1,none
2026-03-14T00:06:55+00:00,api/normal,0.67,0,1,none
2026-03-14T00:06:57+00:00,api/slow,1863.54,0,1,none
2026-03-14T00:06:57+00:00,api/normal,1.14,0,1,none
2026-03-14T00:06:57+00:00,api/normal,0.65,0,1,none
2026-03-14T00:06:57+00:00,api/normal,0.64,0,1,none
2026-03-14T00:06:57+00:00,api/normal,0.73,0,1,none
2026-03-14T00:06:57+00:00,api/normal,0.66,0,1,none
2026-03-14T00:06:57+00:00,api/normal,0.88,0,1,none
2026-03-14T00:06:57+00:00,api/normal,0.68,0,1,none
2026-03-14T00:06:57+00:00,api/normal,0.65,0,1,none
2026-03-14T00:06:57+00:00,api/normal,0.7,0,1,none
2026-03-14T00:07:02+00:00,api/slow,5007.05,0,1,TIMEOUT_ERROR
2026-03-14T00:07:02+00:00,api/normal,1.15,0,1,none
2026-03-14T00:07:02+00:00,api/normal,0.64,0,1,none
2026-03-14T00:07:02+00:00,api/normal,0.66,0,1,none
2026-03-14T00:07:04+00:00,api/slow,1889.88,0,1,none
2026-03-14T00:07:04+00:00,api/normal,0.69,0,1,none
2026-03-14T00:07:04+00:00,api/normal,0.65,0,1,none
2026-03-14T00:07:04+00:00,api/normal,0.64,0,1,none
2026-03-14T00:07:04+00:00,api/normal,0.68,0,1,none
2026-03-14T00:07:04+00:00,api/normal,0.66,0,1,none
2026-03-14T00:07:04+00:00,api/normal,0.65,0,1,none
2026-03-14T00:07:05+00:00,api/slow,1082.64,0,1,none
2026-03-14T00:07:07+00:00,api/slow,1896.67,0,1,none
2026-03-14T00:07:07+00:00,api/normal,0.68,0,1,none
2026-03-14T00:07:07+00:00,api/normal,0.76,0,1,none
2026-03-14T00:07:07+00:00,api/normal,0.64,0,1,none
2026-03-14T00:07:07+00:00,api/normal,0.65,0,1,none
2026-03-14T00:07:09+00:00,api/slow,1995.9,0,1,none
2026-03-14T00:07:10+00:00,api/validate,2.71,1,1,UNKNOWN
2026-03-14T00:07:10+00:00,api/normal,0.77,0,1,none
2026-03-14T00:07:15+00:00,api/slow,5004.78,0,1,TIMEOUT_ERROR
2026-03-14T00:07:15+00:00,api/normal,1.27,0,1,none
2026-03-14T00:07:15+00:00,api/normal,0.65,0,1,none
2026-03-14T00:07:15+00:00,api/normal,0.65,0,1,none
2026-03-14T00:07:15+00:00,api/normal,0.65,0,1,none
2026-03-14T00:07:15+00:00,api/normal,0.65,0,1,none
2026-03-14T00:07:15+00:00,api/normal,0.73,0,1,none
2026-03-14T00:07:15+00:00,api/normal,0.75,0,1,none
2026-03-14T00:07:16+00:00,api/slow,1137.18,0,1,none
2026-03-14T00:07:16+00:00,api/db,2.93,0,1,none
2026-03-14T00:07:16+00:00,api/normal,0.71,0,1,none
2026-03-14T00:07:16+00:00,api/normal,0.7,0,1,none
2026-03-14T00:07:16+00:00,api/normal,0.68,0,1,none
2026-03-14T00:07:16+00:00,api/normal,1.4,0,1,none
2026-03-14T00:07:16+00:00,api/normal,0.72,0,1,none
2026-03-14T00:07:16+00:00,api/validate,2.3,1,1,UNKNOWN
2026-03-14T00:07:16+00:00,api/normal,0.67,0,1,none
2026-03-14T00:07:16+00:00,api/normal,0.73,0,1,none
2026-03-14T00:07:16+00:00,api/normal,0.86,0,1,none
2026-03-14T00:07:18+00:00,api/slow,1826.05,0,1,none
2026-03-14T00:07:18+00:00,api/normal,1.13,0,1,none
2026-03-14T00:07:18+00:00,api/normal,0.65,0,1,none
2026-03-14T00:07:20+00:00,api/slow,1710.06,0,1,none
2026-03-14T00:07:20+00:00,api/error,1.96,1,1,SYSTEM_ERROR
2026-03-14T00:07:21+00:00,api/slow,1415.98,0,1,none
2026-03-14T00:07:21+00:00,api/normal,1.11,0,1,none
2026-03-14T00:07:21+00:00,api/normal,0.65,0,1,none
2026-03-14T00:07:21+00:00,api/db,2.71,0,1,none
2026-03-14T00:07:21+00:00,api/normal,0.66,0,1,none
2026-03-14T00:07:21+00:00,api/normal,0.67,0,1,none
2026-03-14T00:07:21+00:00,api/error,1.73,1,1,SYSTEM_ERROR
2026-03-14T00:07:22+00:00,api/slow,1154.82,0,1,none
2026-03-14T00:07:22+00:00,api/normal,0.65,0,1,none
2026-03-14T00:07:27+00:00,api/slow,5010.86,0,1,TIMEOUT_ERROR
2026-03-14T00:07:27+00:00,api/normal,1.16,0,1,none
2026-03-14T00:07:28+00:00,api/normal,0.66,0,1,none
2026-03-14T00:07:28+00:00,api/normal,0.67,0,1,none
2026-03-14T00:07:28+00:00,api/normal,0.65,0,1,none
2026-03-14T00:07:28+00:00,api/normal,0.7,0,1,none
2026-03-14T00:07:28+00:00,api/normal,0.65,0,1,none
2026-03-14T00:07:28+00:00,api/normal,0.7,0,1,none
2026-03-14T00:07:34+00:00,api/slow,6004.5,0,1,TIMEOUT_ERROR
2026-03-14T00:07:34+00:00,api/normal,1.15,0,1,none
2026-03-14T00:07:34+00:00,api/normal,0.65,0,1,none
2026-03-14T00:07:34+00:00,api/db,3.02,0,1,none
2026-03-14T00:07:34+00:00,api/normal,0.64,0,1,none
2026-03-14T00:07:35+00:00,api/slow,1330.4,0,1,none
2026-03-14T00:07:35+00:00,api/normal,0.66,0,1,none
2026-03-14T00:07:35+00:00,api/normal,0.66,0,1,none
2026-03-14T00:07:41+00:00,api/slow,6014.27,0,1,TIMEOUT_ERROR
2026-03-14T00:07:41+00:00,api/normal,1.32,0,1,none
2026-03-14T00:07:42+00:00,api/slow,1105.75,0,1,none
2026-03-14T00:07:44+00:00,api/slow,1596.78,0,1,none
2026-03-14T00:07:44+00:00,api/normal,1.26,0,1,none
2026-03-14T00:07:44+00:00,api/normal,0.67,0,1,none
2026-03-14T00:07:44+00:00,api/normal,0.77,0,1,none
2026-03-14T00:07:44+00:00,api/normal,0.65,0,1,none
2026-03-14T00:07:45+00:00,api/slow,1317.69,0,1,none
2026-03-14T00:07:45+00:00,api/normal,0.66,0,1,none
2026-03-14T00:07:45+00:00,api/normal,0.65,0,1,none
2026-03-14T00:07:45+00:00,api/normal,0.72,0,1,none
2026-03-14T00:07:47+00:00,api/slow,1946.07,0,1,none
2026-03-14T00:07:52+00:00,api/slow,5007.68,0,1,TIMEOUT_ERROR
2026-03-14T00:07:52+00:00,api/normal,1.17,0,1,none
2026-03-14T00:07:52+00:00,api/normal,0.69,0,1,none
2026-03-14T00:07:52+00:00,api/normal,0.66,0,1,none
2026-03-14T00:07:52+00:00,api/normal,0.97,0,1,none
2026-03-14T00:07:52+00:00,api/error,2.54,1,1,SYSTEM_ERROR
2026-03-14T00:07:52+00:00,api/normal,0.69,0,1,none
2026-03-14T00:07:53+00:00,api/normal,0.66,0,1,none
2026-03-14T00:07:53+00:00,api/normal,0.66,0,1,none
2026-03-14T00:07:53+00:00,api/db,2.97,0,1,none
2026-03-14T00:08:00+00:00,api/slow,7002.06,0,1,TIMEOUT_ERROR
2026-03-14T00:08:00+00:00,api/normal,1.16,0,1,none
2026-03-14T00:08:00+00:00,api/normal,0.67,0,1,none
2026-03-14T00:08:00+00:00,api/normal,0.66,0,1,none
2026-03-14T00:08:07+00:00,api/slow,7015.37,0,1,TIMEOUT_ERROR
2026-03-14T00:08:07+00:00,api/normal,1.11,0,1,none
2026-03-14T00:08:08+00:00,api/slow,1134.83,0,1,none
2026-03-14T00:08:08+00:00,api/normal,0.67,0,1,none
2026-03-14T00:08:08+00:00,api/normal,0.67,0,1,none
2026-03-14T00:08:08+00:00,api/normal,0.66,0,1,none
2026-03-14T00:08:08+00:00,api/normal,0.76,0,1,none
2026-03-14T00:08:08+00:00,api/normal,0.68,0,1,none
2026-03-14T00:08:08+00:00,api/db,2.49,0,1,none
2026-03-14T00:08:10+00:00,api/slow,1630.48,0,1,none
2026-03-14T00:08:10+00:00,api/normal,0.69,0,1,none
2026-03-14T00:08:10+00:00,api/normal,0.65,0,1,none
2026-03-14T00:08:10+00:00,api/normal,0.64,0,1,none
2026-03-14T00:08:10+00:00,api/normal,0.67,0,1,none
2026-03-14T00:08:11+00:00,api/slow,1383.15,0,1,none
2026-03-14T00:08:11+00:00,api/normal,0.76,0,1,none
2026-03-14T00:08:11+00:00,api/normal,0.65,0,1,none
2026-03-14T00:08:11+00:00,api/normal,0.64,0,1,none
2026-03-14T00:08:12+00:00,api/slow,1347.6,0,1,none
2026-03-14T00:08:13+00:00,api/db,2.89,0,1,none
2026-03-14T00:08:13+00:00,api/validate,3.06,1,1,UNKNOWN
2026-03-14T00:08:13+00:00,api/normal,0.69,0,1,none
2026-03-14T00:08:13+00:00,api/normal,0.67,0,1,none
2026-03-14T00:08:13+00:00,api/normal,1.22,0,1,none
2026-03-14T00:08:13+00:00,api/normal,0.75,0,1,none
2026-03-14T00:08:13+00:00,api/normal,0.73,0,1,none
2026-03-14T00:08:13+00:00,api/normal,0.73,0,1,none
2026-03-14T00:08:19+00:00,api/slow,6014.72,0,1,TIMEOUT_ERROR
2026-03-14T00:08:20+00:00,api/slow,1734.62,0,1,none
2026-03-14T00:08:20+00:00,api/normal,0.65,0,1,none
2026-03-14T00:08:20+00:00,api/normal,0.66,0,1,none
2026-03-14T00:08:22+00:00,api/slow,1121.16,0,1,none
2026-03-14T00:08:23+00:00,api/slow,1771.96,0,1,none
2026-03-14T00:08:23+00:00,api/normal,0.67,0,1,none
2026-03-14T00:08:23+00:00,api/normal,0.65,0,1,none
2026-03-14T00:08:23+00:00,api/normal,0.64,0,1,none
2026-03-14T00:08:23+00:00,api/normal,0.86,0,1,none
2026-03-14T00:08:24+00:00,api/error,3.64,1,1,SYSTEM_ERROR
2026-03-14T00:08:25+00:00,api/slow,1902.56,0,1,none
2026-03-14T00:08:25+00:00,api/normal,1.22,0,1,none
2026-03-14T00:08:25+00:00,api/validate,1.5,1,1,UNKNOWN
2026-03-14T00:08:25+00:00,api/normal,0.64,0,1,none
2026-03-14T00:08:26+00:00,api/normal,0.65,0,1,none
2026-03-14T00:08:26+00:00,api/normal,0.65,0,1,none
2026-03-14T00:08:27+00:00,api/slow,1866.88,0,1,none
2026-03-14T00:08:27+00:00,api/normal,0.7,0,1,none
2026-03-14T00:08:27+00:00,api/validate,1.89,1,1,UNKNOWN
2026-03-14T00:08:27+00:00,api/normal,0.75,0,1,none
2026-03-14T00:08:28+00:00,api/normal,0.66,0,1,none
2026-03-14T00:08:29+00:00,api/slow,1603.87,0,1,none
2026-03-14T00:08:29+00:00,api/normal,0.67,0,1,none
2026-03-14T00:08:29+00:00,api/normal,0.69,0,1,none
2026-03-14T00:08:34+00:00,api/slow,5008.65,0,1,TIMEOUT_ERROR
2026-03-14T00:08:34+00:00,api/error,2.53,1,1,SYSTEM_ERROR
2026-03-14T00:08:35+00:00,api/slow,1237.2,0,1,none
2026-03-14T00:08:35+00:00,api/normal,0.66,0,1,none
2026-03-14T00:08:36+00:00,api/normal,0.7,0,1,none
2026-03-14T00:08:37+00:00,api/slow,1496.08,0,1,none
2026-03-14T00:08:37+00:00,api/normal,1.41,0,1,none
2026-03-14T00:08:39+00:00,api/slow,1680.6,0,1,none
2026-03-14T00:08:39+00:00,api/normal,0.65,0,1,none
2026-03-14T00:08:39+00:00,api/normal,0.67,0,1,none
2026-03-14T00:08:39+00:00,api/normal,0.63,0,1,none
2026-03-14T00:08:39+00:00,api/normal,0.67,0,1,none
2026-03-14T00:08:39+00:00,api/normal,0.87,0,1,none
2026-03-14T00:08:45+00:00,api/slow,6001.33,0,1,TIMEOUT_ERROR
2026-03-14T00:08:46+00:00,api/slow,1550.27,0,1,none
2026-03-14T00:08:46+00:00,api/normal,0.65,0,1,none
2026-03-14T00:08:48+00:00,api/slow,1987.81,0,1,none
2026-03-14T00:08:49+00:00,api/normal,1.49,0,1,none
2026-03-14T00:08:49+00:00,api/normal,1.11,0,1,none
2026-03-14T00:08:49+00:00,api/normal,0.79,0,1,none
2026-03-14T00:08:50+00:00,api/slow,1878.71,0,1,none
2026-03-14T00:08:50+00:00,api/normal,0.65,0,1,none
2026-03-14T00:08:50+00:00,api/normal,0.66,0,1,none
2026-03-14T00:08:51+00:00,api/normal,1.13,0,1,none
2026-03-14T00:08:51+00:00,api/normal,0.65,0,1,none
2026-03-14T00:08:51+00:00,api/normal,0.8,0,1,none
2026-03-14T00:08:51+00:00,api/normal,0.74,0,1,none
2026-03-14T00:08:51+00:00,api/normal,0.79,0,1,none
2026-03-14T00:08:51+00:00,api/normal,0.68,0,1,none
2026-03-14T00:08:51+00:00,api/normal,0.88,0,1,none
2026-03-14T00:08:51+00:00,api/error,1.95,1,1,SYSTEM_ERROR
2026-03-14T00:08:52+00:00,api/slow,1358.86,0,1,none
2026-03-14T00:08:52+00:00,api/normal,0.65,0,1,none
2026-03-14T00:08:52+00:00,api/normal,0.7,0,1,none
2026-03-14T00:08:52+00:00,api/normal,0.65,0,1,none
2026-03-14T00:08:52+00:00,api/normal,0.71,0,1,none
2026-03-14T00:08:52+00:00,api/normal,0.69,0,1,none
2026-03-14T00:08:54+00:00,api/slow,1736.75,0,1,none
2026-03-14T00:08:54+00:00,api/normal,1.22,0,1,none
2026-03-14T00:08:54+00:00,api/normal,0.64,0,1,none
2026-03-14T00:08:54+00:00,api/normal,0.64,0,1,none
2026-03-14T00:08:54+00:00,api/normal,0.66,0,1,none
2026-03-14T00:08:54+00:00,api/normal,0.64,0,1,none
2026-03-14T00:08:54+00:00,api/db,2.84,0,1,none
2026-03-14T00:08:56+00:00,api/slow,1557.87,0,1,none
2026-03-14T00:08:56+00:00,api/normal,0.65,0,1,none
2026-03-14T00:08:57+00:00,api/slow,1171.32,0,1,none
2026-03-14T00:08:57+00:00,api/normal,1.13,0,1,none
2026-03-14T00:08:57+00:00,api/normal,0.65,0,1,none
2026-03-14T00:08:57+00:00,api/normal,0.64,0,1,none
2026-03-14T00:08:58+00:00,api/slow,1486.99,0,1,none
2026-03-14T00:08:58+00:00,api/db,2.76,0,1,none
2026-03-14T00:09:00+00:00,api/slow,1236.51,0,1,none
2026-03-14T00:09:00+00:00,api/normal,1.13,0,1,none
2026-03-14T00:09:01+00:00,api/slow,1848.9,0,1,none
2026-03-14T00:09:02+00:00,api/normal,0.66,0,1,none
2026-03-14T00:09:03+00:00,api/slow,1232.26,0,1,none
2026-03-14T00:09:03+00:00,api/normal,1.16,0,1,none
2026-03-14T00:09:03+00:00,api/normal,0.72,0,1,none
2026-03-14T00:09:03+00:00,api/normal,0.74,0,1,none
2026-03-14T00:09:03+00:00,api/normal,0.67,0,1,none
2026-03-14T00:09:03+00:00,api/normal,0.66,0,1,none
2026-03-14T00:09:03+00:00,api/normal,0.68,0,1,none
2026-03-14T00:09:03+00:00,api/normal,0.64,0,1,none
2026-03-14T00:09:03+00:00,api/normal,0.66,0,1,none
2026-03-14T00:09:03+00:00,api/normal,0.75,0,1,none
2026-03-14T00:09:03+00:00,api/db,2.86,0,1,none
2026-03-14T00:09:03+00:00,api/normal,0.65,0,1,none
2026-03-14T00:09:04+00:00,api/slow,1318.75,0,1,none
2026-03-14T00:09:04+00:00,api/normal,0.65,0,1,none
2026-03-14T00:09:04+00:00,api/normal,0.65,0,1,none
2026-03-14T00:09:04+00:00,api/normal,0.65,0,1,none
2026-03-14T00:09:04+00:00,api/normal,0.65,0,1,none
2026-03-14T00:09:09+00:00,api/slow,5014.36,0,1,TIMEOUT_ERROR
2026-03-14T00:09:09+00:00,api/normal,1.15,0,1,none
2026-03-14T00:09:09+00:00,api/normal,0.78,0,1,none
2026-03-14T00:09:09+00:00,api/normal,0.69,0,1,none
2026-03-14T00:09:09+00:00,api/error,1.86,1,1,SYSTEM_ERROR
2026-03-14T00:09:09+00:00,api/normal,0.65,0,1,none
2026-03-14T00:09:10+00:00,api/normal,0.69,0,1,none
2026-03-14T00:09:10+00:00,api/normal,0.65,0,1,none
2026-03-14T00:09:10+00:00,api/normal,0.68,0,1,none
2026-03-14T00:09:10+00:00,api/normal,0.81,0,1,none
2026-03-14T00:09:10+00:00,api/normal,0.66,0,1,none
2026-03-14T00:09:10+00:00,api/normal,0.85,0,1,none
2026-03-14T00:09:10+00:00,api/error,1.66,1,1,SYSTEM_ERROR
2026-03-14T00:09:10+00:00,api/normal,0.95,0,1,none
2026-03-14T00:09:10+00:00,api/normal,0.77,0,1,none
2026-03-14T00:09:10+00:00,api/normal,0.65,0,1,none
2026-03-14T00:09:10+00:00,api/normal,1,0,1,none
2026-03-14T00:09:10+00:00,api/normal,0.65,0,1,none
2026-03-14T00:09:10+00:00,api/normal,0.65,0,1,none
2026-03-14T00:09:10+00:00,api/normal,0.84,0,1,none
2026-03-14T00:09:10+00:00,api/db,3.19,0,1,none
2026-03-14T00:09:10+00:00,api/normal,0.69,0,1,none
2026-03-14T00:09:10+00:00,api/normal,0.65,0,1,none
2026-03-14T00:09:12+00:00,api/slow,1877.31,0,1,none
2026-03-14T00:09:12+00:00,api/db,3.29,0,1,none
2026-03-14T00:09:13+00:00,api/slow,1618.61,0,1,none
2026-03-14T00:09:13+00:00,api/normal,0.65,0,1,none
2026-03-14T00:09:13+00:00,api/normal,0.67,0,1,none
2026-03-14T00:09:15+00:00,api/slow,1904.83,0,1,none
2026-03-14T00:09:15+00:00,api/normal,1.33,0,1,none
2026-03-14T00:09:15+00:00,api/normal,1.08,0,1,none
2026-03-14T00:09:15+00:00,api/normal,0.7,0,1,none
2026-03-14T00:09:15+00:00,api/normal,0.7,0,1,none
2026-03-14T00:09:17+00:00,api/slow,1971.2,0,1,none
2026-03-14T00:09:17+00:00,api/normal,0.74,0,1,none
2026-03-14T00:09:17+00:00,api/normal,0.72,0,1,none
2026-03-14T00:09:18+00:00,api/normal,0.67,0,1,none
2026-03-14T00:09:20+00:00,api/slow,2002.31,0,1,none
2026-03-14T00:09:20+00:00,api/normal,0.65,0,1,none
2026-03-14T00:09:20+00:00,api/normal,0.64,0,1,none
2026-03-14T00:09:20+00:00,api/normal,0.66,0,1,none
2026-03-14T00:09:20+00:00,api/normal,0.66,0,1,none
2026-03-14T00:09:20+00:00,api/normal,0.65,0,1,none
2026-03-14T00:09:25+00:00,api/slow,5009.99,0,1,TIMEOUT_ERROR
2026-03-14T00:09:25+00:00,api/normal,1.18,0,1,none
2026-03-14T00:09:25+00:00,api/normal,0.71,0,1,none
2026-03-14T00:09:25+00:00,api/normal,0.78,0,1,none
2026-03-14T00:09:25+00:00,api/normal,1.17,0,1,none
2026-03-14T00:09:32+00:00,api/slow,7014.62,0,1,TIMEOUT_ERROR
2026-03-14T00:09:32+00:00,api/error,2.67,1,1,SYSTEM_ERROR
2026-03-14T00:09:32+00:00,api/db,2.35,0,1,none
2026-03-14T00:09:32+00:00,api/normal,0.65,0,1,none
2026-03-14T00:09:32+00:00,api/normal,0.71,0,1,none
2026-03-14T00:09:32+00:00,api/normal,0.64,0,1,none
2026-03-14T00:09:34+00:00,api/slow,1633.24,0,1,none
2026-03-14T00:09:34+00:00,api/normal,0.67,0,1,none
2026-03-14T00:09:34+00:00,api/normal,0.75,0,1,none
2026-03-14T00:09:34+00:00,api/normal,0.69,0,1,none
2026-03-14T00:09:34+00:00,api/normal,0.72,0,1,none
2026-03-14T00:09:34+00:00,api/normal,0.66,0,1,none
2026-03-14T00:09:34+00:00,api/normal,0.67,0,1,none
2026-03-14T00:09:34+00:00,api/normal,0.67,0,1,none
2026-03-14T00:09:34+00:00,api/normal,0.66,0,1,none
2026-03-14T00:09:35+00:00,api/slow,1343.32,0,1,none
2026-03-14T00:09:35+00:00,api/normal,0.76,0,1,none
2026-03-14T00:09:35+00:00,api/normal,0.66,0,1,none
2026-03-14T00:09:35+00:00,api/normal,0.65,0,1,none
2026-03-14T00:09:35+00:00,api/normal,0.65,0,1,none
2026-03-14T00:09:36+00:00,api/slow,1378.94,0,1,none
2026-03-14T00:09:37+00:00,api/normal,0.66,0,1,none
2026-03-14T00:09:37+00:00,api/normal,0.7,0,1,none
2026-03-14T00:09:38+00:00,api/slow,1424.04,0,1,none
2026-03-14T00:09:38+00:00,api/normal,1.1,0,1,none
2026-03-14T00:09:38+00:00,api/normal,0.64,0,1,none
2026-03-14T00:09:38+00:00,api/normal,0.67,0,1,none
2026-03-14T00:09:39+00:00,api/slow,1317.4,0,1,none
2026-03-14T00:09:39+00:00,api/normal,0.76,0,1,none
2026-03-14T00:09:41+00:00,api/slow,1127.91,0,1,none
2026-03-14T00:09:41+00:00,api/normal,1.29,0,1,none
2026-03-14T00:09:41+00:00,api/error,1.79,1,1,SYSTEM_ERROR
2026-03-14T00:09:41+00:00,api/validate,1.58,1,1,UNKNOWN
2026-03-14T00:09:41+00:00,api/normal,0.67,0,1,none
2026-03-14T00:09:42+00:00,api/slow,1253.27,0,1,none
2026-03-14T00:09:42+00:00,api/normal,0.64,0,1,none
2026-03-14T00:09:49+00:00,api/slow,7013.56,0,1,TIMEOUT_ERROR
2026-03-14T00:09:49+00:00,api/normal,1.38,0,1,none
2026-03-14T00:09:49+00:00,api/normal,0.66,0,1,none
2026-03-14T00:09:50+00:00,api/slow,1093.96,0,1,none
2026-03-14T00:09:50+00:00,api/normal,0.69,0,1,none
2026-03-14T00:09:50+00:00,api/error,1.91,1,1,SYSTEM_ERROR
2026-03-14T00:09:50+00:00,api/normal,0.65,0,1,none
2026-03-14T00:09:50+00:00,api/normal,0.64,0,1,none
2026-03-14T00:09:50+00:00,api/normal,0.67,0,1,none
2026-03-14T00:09:50+00:00,api/normal,0.64,0,1,none
2026-03-14T00:09:52+00:00,api/slow,1338.12,0,1,none
2026-03-14T00:09:52+00:00,api/validate,2.39,1,1,UNKNOWN
2026-03-14T00:09:53+00:00,api/slow,1326.1,0,1,none
2026-03-14T00:09:53+00:00,api/normal,0.68,0,1,none
2026-03-14T00:09:53+00:00,api/normal,0.65,0,1,none
2026-03-14T00:09:53+00:00,api/normal,0.65,0,1,none
2026-03-14T00:09:53+00:00,api/normal,0.64,0,1,none
2026-03-14T00:09:54+00:00,api/slow,1353.66,0,1,none
2026-03-14T00:09:54+00:00,api/normal,0.65,0,1,none
2026-03-14T00:09:54+00:00,api/error,1.98,1,1,SYSTEM_ERROR
2026-03-14T00:09:54+00:00,api/normal,0.67,0,1,none
2026-03-14T00:09:54+00:00,api/normal,0.66,0,1,none
2026-03-14T00:09:54+00:00,api/normal,0.69,0,1,none
2026-03-14T00:09:54+00:00,api/normal,0.65,0,1,none
2026-03-14T00:09:55+00:00,api/slow,1017.94,0,1,none
2026-03-14T00:09:56+00:00,api/validate,2.36,1,1,UNKNOWN
2026-03-14T00:09:56+00:00,api/normal,0.65,0,1,none
2026-03-14T00:09:56+00:00,api/normal,0.72,0,1,none
2026-03-14T00:09:56+00:00,api/normal,0.64,0,1,none
2026-03-14T00:09:56+00:00,api/normal,0.68,0,1,none
2026-03-14T00:09:56+00:00,api/normal,0.66,0,1,none
2026-03-14T00:09:56+00:00,api/error,1.49,1,1,SYSTEM_ERROR
2026-03-14T00:09:56+00:00,api/normal,0.67,0,1,none
2026-03-14T00:09:56+00:00,api/normal,0.75,0,1,none
2026-03-14T00:10:02+00:00,api/slow,6016.2,0,1,TIMEOUT_ERROR
2026-03-14T00:10:03+00:00,api/slow,1735.98,0,1,none
2026-03-14T00:10:03+00:00,api/normal,0.65,0,1,none
2026-03-14T00:10:03+00:00,api/normal,0.71,0,1,none
2026-03-14T00:10:05+00:00,api/slow,1429.45,0,1,none
2026-03-14T00:10:05+00:00,api/normal,1.18,0,1,none
2026-03-14T00:10:05+00:00,api/normal,0.65,0,1,none
2026-03-14T00:10:07+00:00,api/slow,1767.19,0,1,none
2026-03-14T00:10:07+00:00,api/normal,0.69,0,1,none
2026-03-14T00:10:07+00:00,api/normal,0.71,0,1,none
2026-03-14T00:10:07+00:00,api/normal,0.65,0,1,none
2026-03-14T00:10:07+00:00,api/normal,0.64,0,1,none
2026-03-14T00:10:07+00:00,api/db,2.47,0,1,none
2026-03-14T00:10:07+00:00,api/normal,0.64,0,1,none
2026-03-14T00:10:08+00:00,api/slow,1411.92,0,1,none
2026-03-14T00:10:08+00:00,api/validate,2.63,1,1,UNKNOWN
2026-03-14T00:10:08+00:00,api/normal,0.64,0,1,none
2026-03-14T00:10:10+00:00,api/slow,1882.78,0,1,none
2026-03-14T00:10:10+00:00,api/normal,0.73,0,1,none
2026-03-14T00:10:10+00:00,api/error,1.83,1,1,SYSTEM_ERROR
2026-03-14T00:10:10+00:00,api/normal,0.69,0,1,none
2026-03-14T00:10:10+00:00,api/error,1.79,1,1,SYSTEM_ERROR
2026-03-14T00:10:17+00:00,api/slow,7007.36,0,1,TIMEOUT_ERROR
2026-03-14T00:10:17+00:00,api/normal,1.12,0,1,none
2026-03-14T00:10:17+00:00,api/normal,0.8,0,1,none
2026-03-14T00:10:17+00:00,api/normal,0.65,0,1,none
2026-03-14T00:10:17+00:00,api/normal,0.66,0,1,none
2026-03-14T00:10:17+00:00,api/normal,0.83,0,1,none
2026-03-14T00:10:17+00:00,api/normal,0.69,0,1,none
2026-03-14T00:10:17+00:00,api/normal,0.65,0,1,none
2026-03-14T00:10:17+00:00,api/normal,0.66,0,1,none
2026-03-14T00:10:17+00:00,api/validate,1.9,1,1,UNKNOWN
2026-03-14T00:10:18+00:00,api/normal,0.74,0,1,none
2026-03-14T00:10:18+00:00,api/db,3.33,0,1,none
2026-03-14T00:10:18+00:00,api/normal,0.74,0,1,none
2026-03-14T00:10:18+00:00,api/normal,0.7,0,1,none
2026-03-14T00:10:18+00:00,api/db,22.36,0,1,none
2026-03-14T00:10:18+00:00,api/normal,0.73,0,1,none
2026-03-14T00:10:18+00:00,api/normal,0.78,0,1,none
2026-03-14T00:10:18+00:00,api/normal,0.73,0,1,none
2026-03-14T00:10:18+00:00,api/normal,0.73,0,1,none
2026-03-14T00:10:18+00:00,api/validate,1.9,1,1,UNKNOWN
2026-03-14T00:10:18+00:00,api/normal,0.76,0,1,none
2026-03-14T00:10:18+00:00,api/normal,0.75,0,1,none
2026-03-14T00:10:18+00:00,api/db,3.25,0,1,none
2026-03-14T00:10:18+00:00,api/normal,0.76,0,1,none
2026-03-14T00:10:18+00:00,api/normal,0.72,0,1,none
2026-03-14T00:10:20+00:00,api/slow,1892.82,0,1,none
2026-03-14T00:10:22+00:00,api/slow,1860.13,0,1,none
2026-03-14T00:10:23+00:00,api/slow,1245.56,0,1,none
2026-03-14T00:10:23+00:00,api/normal,1.14,0,1,none
2026-03-14T00:10:30+00:00,api/slow,7016.06,0,1,TIMEOUT_ERROR
2026-03-14T00:10:30+00:00,api/normal,1.3,0,1,none
2026-03-14T00:10:31+00:00,api/slow,1259.27,0,1,none
2026-03-14T00:10:31+00:00,api/normal,0.65,0,1,none
2026-03-14T00:10:31+00:00,api/normal,0.66,0,1,none
2026-03-14T00:10:31+00:00,api/normal,0.66,0,1,none
2026-03-14T00:10:33+00:00,api/slow,1335.12,0,1,none
2026-03-14T00:10:33+00:00,api/normal,1.1,0,1,none
2026-03-14T00:10:33+00:00,api/normal,0.8,0,1,none
2026-03-14T00:10:33+00:00,api/normal,0.69,0,1,none
2026-03-14T00:10:33+00:00,api/normal,0.65,0,1,none
2026-03-14T00:10:33+00:00,api/normal,0.67,0,1,none
2026-03-14T00:10:33+00:00,api/normal,0.81,0,1,none
2026-03-14T00:10:33+00:00,api/error,3.74,1,1,SYSTEM_ERROR
2026-03-14T00:10:33+00:00,api/normal,0.86,0,1,none
2026-03-14T00:10:33+00:00,api/normal,0.86,0,1,none
2026-03-14T00:10:33+00:00,api/normal,0.68,0,1,none
2026-03-14T00:10:33+00:00,api/error,1.79,1,1,SYSTEM_ERROR
2026-03-14T00:10:33+00:00,api/normal,0.64,0,1,none
2026-03-14T00:10:33+00:00,api/normal,1.03,0,1,none
2026-03-14T00:10:33+00:00,api/error,1.51,1,1,SYSTEM_ERROR
2026-03-14T00:10:34+00:00,api/slow,1222.95,0,1,none
2026-03-14T00:10:34+00:00,api/normal,0.74,0,1,none
2026-03-14T00:10:36+00:00,api/slow,1447.86,0,1,none
2026-03-14T00:10:36+00:00,api/normal,1.15,0,1,none
2026-03-14T00:10:36+00:00,api/normal,0.68,0,1,none
2026-03-14T00:10:36+00:00,api/db,3.15,0,1,none
2026-03-14T00:10:36+00:00,api/normal,0.69,0,1,none
2026-03-14T00:10:36+00:00,api/normal,0.65,0,1,none
2026-03-14T00:10:36+00:00,api/normal,0.64,0,1,none
2026-03-14T00:10:36+00:00,api/normal,0.65,0,1,none
2026-03-14T00:10:36+00:00,api/normal,0.66,0,1,none
2026-03-14T00:10:36+00:00,api/normal,0.72,0,1,none
2026-03-14T00:10:36+00:00,api/normal,0.8,0,1,none
2026-03-14T00:10:36+00:00,api/normal,0.66,0,1,none
2026-03-14T00:10:36+00:00,api/normal,0.66,0,1,none
2026-03-14T00:10:38+00:00,api/slow,1693.29,0,1,none
2026-03-14T00:10:40+00:00,api/slow,1942.58,0,1,none
2026-03-14T00:10:40+00:00,api/normal,1.49,0,1,none
2026-03-14T00:10:40+00:00,api/error,1.99,1,1,SYSTEM_ERROR
2026-03-14T00:10:45+00:00,api/slow,5008.65,0,1,TIMEOUT_ERROR
2026-03-14T00:10:45+00:00,api/normal,1.16,0,1,none
2026-03-14T00:10:45+00:00,api/normal,0.66,0,1,none
2026-03-14T00:10:47+00:00,api/slow,1930.94,0,1,none
2026-03-14T00:10:47+00:00,api/normal,0.66,0,1,none
2026-03-14T00:10:47+00:00,api/normal,0.67,0,1,none
2026-03-14T00:10:47+00:00,api/normal,0.68,0,1,none
2026-03-14T00:10:47+00:00,api/error,1.87,1,1,SYSTEM_ERROR
2026-03-14T00:10:47+00:00,api/normal,0.66,0,1,none
2026-03-14T00:10:47+00:00,api/error,1.59,1,1,SYSTEM_ERROR
2026-03-14T00:10:47+00:00,api/normal,0.69,0,1,none
2026-03-14T00:10:47+00:00,api/normal,0.68,0,1,none
2026-03-14T00:10:47+00:00,api/normal,0.65,0,1,none
2026-03-14T00:10:47+00:00,api/normal,0.72,0,1,none
2026-03-14T00:10:48+00:00,api/slow,1031.83,0,1,none
2026-03-14T00:10:48+00:00,api/normal,3.95,0,1,none
2026-03-14T00:10:48+00:00,api/normal,0.67,0,1,none
2026-03-14T00:10:48+00:00,api/normal,0.66,0,1,none
2026-03-14T00:10:53+00:00,api/slow,5005.71,0,1,TIMEOUT_ERROR
2026-03-14T00:10:53+00:00,api/normal,1.27,0,1,none
2026-03-14T00:10:53+00:00,api/normal,0.64,0,1,none
2026-03-14T00:10:53+00:00,api/normal,0.71,0,1,none
2026-03-14T00:10:53+00:00,api/error,1.82,1,1,SYSTEM_ERROR
2026-03-14T00:10:53+00:00,api/validate,1.54,1,1,UNKNOWN
2026-03-14T00:10:53+00:00,api/normal,0.65,0,1,none
2026-03-14T00:10:53+00:00,api/normal,0.64,0,1,none
2026-03-14T00:10:53+00:00,api/normal,0.75,0,1,none
2026-03-14T00:10:54+00:00,api/slow,1250.43,0,1,none
2026-03-14T00:10:54+00:00,api/normal,0.63,0,1,none
2026-03-14T00:10:54+00:00,api/normal,0.77,0,1,none
2026-03-14T00:10:56+00:00,api/slow,1942.97,0,1,none
2026-03-14T00:10:56+00:00,api/normal,1.13,0,1,none
2026-03-14T00:10:56+00:00,api/normal,0.66,0,1,none
2026-03-14T00:10:56+00:00,api/normal,0.67,0,1,none
2026-03-14T00:10:56+00:00,api/normal,0.72,0,1,none
2026-03-14T00:10:56+00:00,api/normal,0.68,0,1,none
2026-03-14T00:10:56+00:00,api/normal,0.69,0,1,none
2026-03-14T00:11:02+00:00,api/slow,5003.96,0,1,TIMEOUT_ERROR
2026-03-14T00:11:03+00:00,api/slow,1790.65,0,1,none
2026-03-14T00:11:03+00:00,api/normal,0.65,0,1,none
2026-03-14T00:11:03+00:00,api/normal,0.68,0,1,none
2026-03-14T00:11:03+00:00,api/validate,1.79,1,1,UNKNOWN
2026-03-14T00:11:03+00:00,api/normal,0.65,0,1,none
2026-03-14T00:11:05+00:00,api/slow,1515.17,0,1,none
2026-03-14T00:11:10+00:00,api/slow,5012.02,0,1,TIMEOUT_ERROR
2026-03-14T00:11:11+00:00,api/slow,1261.11,0,1,none
2026-03-14T00:11:11+00:00,api/normal,0.66,0,1,none
2026-03-14T00:11:11+00:00,api/normal,0.75,0,1,none
2026-03-14T00:11:11+00:00,api/normal,0.72,0,1,none
2026-03-14T00:11:11+00:00,api/normal,0.66,0,1,none
2026-03-14T00:11:11+00:00,api/normal,0.66,0,1,none
2026-03-14T00:11:13+00:00,api/slow,1542.74,0,1,none
2026-03-14T00:11:13+00:00,api/error,2.5,1,1,SYSTEM_ERROR
2026-03-14T00:11:13+00:00,api/error,1.63,1,1,SYSTEM_ERROR
2026-03-14T00:11:15+00:00,api/slow,1567.45,0,1,none
2026-03-14T00:11:15+00:00,api/normal,0.66,0,1,none
2026-03-14T00:11:15+00:00,api/validate,1.62,1,1,UNKNOWN
2026-03-14T00:11:15+00:00,api/normal,0.65,0,1,none
2026-03-14T00:11:15+00:00,api/normal,0.66,0,1,none
2026-03-14T00:11:15+00:00,api/normal,0.68,0,1,none
2026-03-14T00:11:15+00:00,api/db,3.11,0,1,none
2026-03-14T00:11:15+00:00,api/error,1.51,1,1,SYSTEM_ERROR
2026-03-14T00:11:15+00:00,api/normal,0.65,0,1,none
2026-03-14T00:11:15+00:00,api/normal,0.77,0,1,none
2026-03-14T00:11:15+00:00,api/normal,0.69,0,1,none
2026-03-14T00:11:15+00:00,api/normal,0.68,0,1,none
2026-03-14T00:11:15+00:00,api/normal,0.7,0,1,none
2026-03-14T00:11:15+00:00,api/normal,0.65,0,1,none
2026-03-14T00:11:15+00:00,api/normal,0.66,0,1,none
2026-03-14T00:11:15+00:00,api/normal,0.66,0,1,none
2026-03-14T00:11:16+00:00,api/slow,1013.53,0,1,none
2026-03-14T00:11:16+00:00,api/normal,1.11,0,1,none
2026-03-14T00:11:16+00:00,api/normal,0.63,0,1,none
2026-03-14T00:11:16+00:00,api/normal,0.66,0,1,none
2026-03-14T00:11:16+00:00,api/normal,0.64,0,1,none
2026-03-14T00:11:16+00:00,api/normal,0.64,0,1,none
2026-03-14T00:11:21+00:00,api/slow,5015.6,0,1,TIMEOUT_ERROR
2026-03-14T00:11:21+00:00,api/normal,1.49,0,1,none
2026-03-14T00:11:21+00:00,api/normal,0.69,0,1,none
2026-03-14T00:11:21+00:00,api/normal,0.82,0,1,none
2026-03-14T00:11:23+00:00,api/slow,1783.44,0,1,none
2026-03-14T00:11:23+00:00,api/normal,0.74,0,1,none
2026-03-14T00:11:24+00:00,api/slow,1524.75,0,1,none
2026-03-14T00:11:24+00:00,api/normal,1.21,0,1,none
2026-03-14T00:11:24+00:00,api/normal,0.65,0,1,none
2026-03-14T00:11:24+00:00,api/normal,0.64,0,1,none
2026-03-14T00:11:24+00:00,api/normal,0.68,0,1,none
2026-03-14T00:11:24+00:00,api/normal,0.65,0,1,none
2026-03-14T00:11:24+00:00,api/normal,0.74,0,1,none
2026-03-14T00:11:25+00:00,api/normal,0.67,0,1,none
2026-03-14T00:11:32+00:00,api/slow,7014.18,0,1,TIMEOUT_ERROR
2026-03-14T00:11:32+00:00,api/normal,1.24,0,1,none
2026-03-14T00:11:32+00:00,api/normal,0.75,0,1,none
2026-03-14T00:11:32+00:00,api/normal,0.64,0,1,none
2026-03-14T00:11:32+00:00,api/normal,0.65,0,1,none
2026-03-14T00:11:32+00:00,api/normal,0.69,0,1,none
2026-03-14T00:11:32+00:00,api/validate,1.93,1,1,UNKNOWN
2026-03-14T00:11:32+00:00,api/normal,0.68,0,1,none
2026-03-14T00:11:32+00:00,api/normal,0.67,0,1,none
2026-03-14T00:11:37+00:00,api/slow,5013.34,0,1,TIMEOUT_ERROR
2026-03-14T00:11:37+00:00,api/normal,1.23,0,1,none
2026-03-14T00:11:37+00:00,api/normal,0.68,0,1,none
2026-03-14T00:11:37+00:00,api/normal,1.69,0,1,none
2026-03-14T00:11:37+00:00,api/normal,0.65,0,1,none
2026-03-14T00:11:37+00:00,api/normal,0.75,0,1,none
2026-03-14T00:11:37+00:00,api/normal,0.64,0,1,none
2026-03-14T00:11:43+00:00,api/slow,6008.31,0,1,TIMEOUT_ERROR
2026-03-14T00:11:43+00:00,api/normal,1.13,0,1,none
2026-03-14T00:11:45+00:00,api/slow,1877.12,0,1,none
2026-03-14T00:11:45+00:00,api/normal,0.71,0,1,none
2026-03-14T00:11:45+00:00,api/normal,0.75,0,1,none
2026-03-14T00:11:46+00:00,api/slow,1021.84,0,1,none
2026-03-14T00:11:53+00:00,api/slow,7006.33,0,1,TIMEOUT_ERROR
2026-03-14T00:11:53+00:00,api/normal,1.15,0,1,none
2026-03-14T00:11:53+00:00,api/normal,0.65,0,1,none
2026-03-14T00:11:53+00:00,api/normal,0.66,0,1,none
2026-03-14T00:11:53+00:00,api/normal,0.66,0,1,none
2026-03-14T00:11:53+00:00,api/normal,0.65,0,1,none
2026-03-14T00:11:53+00:00,api/normal,0.65,0,1,none
2026-03-14T00:11:53+00:00,api/db,2.9,0,1,none
2026-03-14T00:11:53+00:00,api/db,2.78,0,1,none
2026-03-14T00:11:53+00:00,api/validate,1.87,1,1,UNKNOWN
2026-03-14T00:11:53+00:00,api/normal,0.7,0,1,none
2026-03-14T00:11:53+00:00,api/error,1.69,1,1,SYSTEM_ERROR
2026-03-14T00:11:58+00:00,api/slow,5002.68,0,1,TIMEOUT_ERROR
2026-03-14T00:11:58+00:00,api/normal,1.15,0,1,none
2026-03-14T00:12:00+00:00,api/slow,1341.65,0,1,none
2026-03-14T00:12:00+00:00,api/normal,0.66,0,1,none
2026-03-14T00:12:07+00:00,api/slow,7009.69,0,1,TIMEOUT_ERROR
2026-03-14T00:12:07+00:00,api/normal,1.29,0,1,none
2026-03-14T00:12:07+00:00,api/normal,0.67,0,1,none
2026-03-14T00:12:07+00:00,api/normal,0.64,0,1,none
2026-03-14T00:12:07+00:00,api/normal,0.65,0,1,none
2026-03-14T00:12:07+00:00,api/normal,0.66,0,1,none
2026-03-14T00:12:07+00:00,api/validate,2.27,1,1,UNKNOWN
2026-03-14T00:12:13+00:00,api/slow,6011.67,0,1,TIMEOUT_ERROR
2026-03-14T00:12:13+00:00,api/normal,1.15,0,1,none
2026-03-14T00:12:15+00:00,api/slow,1777.4,0,1,none
2026-03-14T00:12:15+00:00,api/normal,0.87,0,1,none
2026-03-14T00:12:15+00:00,api/normal,0.66,0,1,none
2026-03-14T00:12:16+00:00,api/slow,1683.71,0,1,none
2026-03-14T00:12:16+00:00,api/normal,1.35,0,1,none
2026-03-14T00:12:16+00:00,api/normal,0.67,0,1,none
2026-03-14T00:12:16+00:00,api/normal,0.74,0,1,none
2026-03-14T00:12:16+00:00,api/normal,0.87,0,1,none
2026-03-14T00:12:22+00:00,api/slow,6013.42,0,1,TIMEOUT_ERROR
2026-03-14T00:12:22+00:00,api/normal,1.12,0,1,none
2026-03-14T00:12:24+00:00,api/slow,1717.54,0,1,none
2026-03-14T00:12:24+00:00,api/error,2.02,1,1,SYSTEM_ERROR
2026-03-14T00:12:24+00:00,api/normal,0.73,0,1,none
2026-03-14T00:12:24+00:00,api/normal,0.75,0,1,none
2026-03-14T00:12:24+00:00,api/normal,0.69,0,1,none
2026-03-14T00:12:24+00:00,api/normal,0.75,0,1,none
2026-03-14T00:12:24+00:00,api/normal,0.73,0,1,none
2026-03-14T00:12:24+00:00,api/normal,0.71,0,1,none
2026-03-14T00:12:24+00:00,api/normal,0.7,0,1,none
2026-03-14T00:12:24+00:00,api/error,1.73,1,1,SYSTEM_ERROR
2026-03-14T00:12:24+00:00,api/normal,3.33,0,1,none
2026-03-14T00:12:24+00:00,api/normal,0.79,0,1,none
2026-03-14T00:12:24+00:00,api/normal,0.76,0,1,none
2026-03-14T00:12:29+00:00,api/slow,5007.77,0,1,TIMEOUT_ERROR
2026-03-14T00:12:30+00:00,api/normal,1.22,0,1,none
2026-03-14T00:12:30+00:00,api/normal,0.64,0,1,none
2026-03-14T00:12:30+00:00,api/error,1.79,1,1,SYSTEM_ERROR
2026-03-14T00:12:30+00:00,api/normal,0.64,0,1,none
2026-03-14T00:12:30+00:00,api/normal,0.73,0,1,none
2026-03-14T00:12:30+00:00,api/normal,0.65,0,1,none
2026-03-14T00:12:30+00:00,api/normal,0.65,0,1,none
2026-03-14T00:12:30+00:00,api/error,1.51,1,1,SYSTEM_ERROR
2026-03-14T00:12:30+00:00,api/normal,0.66,0,1,none
2026-03-14T00:12:31+00:00,api/slow,1415.5,0,1,none
2026-03-14T00:12:31+00:00,api/normal,0.69,0,1,none
2026-03-14T00:12:31+00:00,api/normal,0.67,0,1,none
2026-03-14T00:12:31+00:00,api/error,1.52,1,1,SYSTEM_ERROR
2026-03-14T00:12:31+00:00,api/normal,0.66,0,1,none
2026-03-14T00:12:31+00:00,api/normal,0.64,0,1,none
2026-03-14T00:12:33+00:00,api/slow,1785.92,0,1,none
2026-03-14T00:12:33+00:00,api/normal,1.11,0,1,none
2026-03-14T00:12:35+00:00,api/slow,1641.17,0,1,none
2026-03-14T00:12:35+00:00,api/normal,0.77,0,1,none
2026-03-14T00:12:35+00:00,api/normal,0.67,0,1,none
2026-03-14T00:12:35+00:00,api/normal,0.68,0,1,none
2026-03-14T00:12:35+00:00,api/normal,0.72,0,1,none
2026-03-14T00:12:35+00:00,api/normal,0.65,0,1,none
2026-03-14T00:12:35+00:00,api/normal,0.7,0,1,none
2026-03-14T00:12:35+00:00,api/error,3.45,1,1,SYSTEM_ERROR
2026-03-14T00:12:35+00:00,api/normal,0.74,0,1,none
2026-03-14T00:12:35+00:00,api/db,3.03,0,1,none
2026-03-14T00:12:35+00:00,api/normal,0.64,0,1,none
2026-03-14T00:12:36+00:00,api/slow,1072.4,0,1,none
2026-03-14T00:12:36+00:00,api/normal,1.21,0,1,none
2026-03-14T00:12:41+00:00,api/slow,5016.73,0,1,TIMEOUT_ERROR
2026-03-14T00:12:41+00:00,api/normal,1.51,0,1,none
2026-03-14T00:12:41+00:00,api/normal,0.66,0,1,none
2026-03-14T00:12:41+00:00,api/normal,0.66,0,1,none
2026-03-14T00:12:41+00:00,api/normal,0.79,0,1,none
2026-03-14T00:12:41+00:00,api/normal,0.9,0,1,none
2026-03-14T00:12:41+00:00,api/normal,0.65,0,1,none
2026-03-14T00:12:41+00:00,api/normal,0.65,0,1,none
2026-03-14T00:12:41+00:00,api/normal,0.66,0,1,none
2026-03-14T00:12:41+00:00,api/normal,0.7,0,1,none
2026-03-14T00:12:41+00:00,api/normal,1.02,0,1,none
2026-03-14T00:12:41+00:00,api/normal,0.68,0,1,none
2026-03-14T00:12:42+00:00,api/slow,1150.2,0,1,none
2026-03-14T00:12:42+00:00,api/normal,0.67,0,1,none
2026-03-14T00:12:42+00:00,api/normal,0.67,0,1,none
2026-03-14T00:12:42+00:00,api/normal,0.72,0,1,none
2026-03-14T00:12:42+00:00,api/normal,0.69,0,1,none
2026-03-14T00:12:42+00:00,api/normal,0.76,0,1,none
2026-03-14T00:12:43+00:00,api/normal,0.69,0,1,none
2026-03-14T00:12:43+00:00,api/normal,0.65,0,1,none
2026-03-14T00:12:43+00:00,api/normal,0.66,0,1,none
2026-03-14T00:12:43+00:00,api/normal,0.94,0,1,none
2026-03-14T00:12:43+00:00,api/normal,0.65,0,1,none
2026-03-14T00:12:43+00:00,api/normal,0.66,0,1,none
2026-03-14T00:12:43+00:00,api/normal,0.7,0,1,none
2026-03-14T00:12:43+00:00,api/db,2.95,0,1,none
2026-03-14T00:12:43+00:00,api/normal,1.13,0,1,none
2026-03-14T00:12:43+00:00,api/validate,1.78,1,1,UNKNOWN
2026-03-14T00:12:43+00:00,api/normal,0.69,0,1,none
2026-03-14T00:12:43+00:00,api/normal,0.71,0,1,none
2026-03-14T00:12:43+00:00,api/normal,0.71,0,1,none
2026-03-14T00:12:43+00:00,api/normal,0.68,0,1,none
2026-03-14T00:12:45+00:00,api/slow,1907.79,0,1,none
2026-03-14T00:12:45+00:00,api/normal,1.15,0,1,none
2026-03-14T00:12:45+00:00,api/normal,0.67,0,1,none
2026-03-14T00:12:45+00:00,api/normal,0.67,0,1,none
2026-03-14T00:12:47+00:00,api/slow,1960.87,0,1,none
2026-03-14T00:12:48+00:00,api/slow,1464.62,0,1,none
2026-03-14T00:12:50+00:00,api/slow,1943.3,0,1,none
2026-03-14T00:12:52+00:00,api/slow,1770.95,0,1,none
2026-03-14T00:12:52+00:00,api/normal,1.12,0,1,none
2026-03-14T00:12:52+00:00,api/normal,0.67,0,1,none
2026-03-14T00:12:52+00:00,api/normal,0.79,0,1,none
2026-03-14T00:12:52+00:00,api/normal,0.66,0,1,none
2026-03-14T00:12:54+00:00,api/slow,1631.43,0,1,none
2026-03-14T00:12:54+00:00,api/normal,0.65,0,1,none
2026-03-14T00:12:54+00:00,api/normal,0.65,0,1,none
2026-03-14T00:12:54+00:00,api/normal,0.64,0,1,none
2026-03-14T00:12:54+00:00,api/normal,0.66,0,1,none
2026-03-14T00:12:54+00:00,api/db,2.47,0,1,none
2026-03-14T00:12:54+00:00,api/normal,0.64,0,1,none
2026-03-14T00:12:54+00:00,api/normal,0.66,0,1,none
2026-03-14T00:12:54+00:00,api/normal,0.64,0,1,none
2026-03-14T00:12:54+00:00,api/normal,0.64,0,1,none
2026-03-14T00:13:01+00:00,api/slow,7003.97,0,1,TIMEOUT_ERROR
2026-03-14T00:13:01+00:00,api/normal,1.14,0,1,none
2026-03-14T00:13:01+00:00,api/normal,0.72,0,1,none
2026-03-14T00:13:01+00:00,api/normal,0.65,0,1,none
2026-03-14T00:13:01+00:00,api/normal,0.64,0,1,none
2026-03-14T00:13:01+00:00,api/normal,0.67,0,1,none
2026-03-14T00:13:07+00:00,api/slow,6002.35,0,1,TIMEOUT_ERROR
2026-03-14T00:13:07+00:00,api/normal,1.13,0,1,none
2026-03-14T00:13:07+00:00,api/normal,0.64,0,1,none
2026-03-14T00:13:07+00:00,api/error,1.92,1,1,SYSTEM_ERROR
2026-03-14T00:13:07+00:00,api/validate,1.59,1,1,UNKNOWN
2026-03-14T00:13:09+00:00,api/slow,1452.7,0,1,none
2026-03-14T00:13:09+00:00,api/normal,0.69,0,1,none
2026-03-14T00:13:09+00:00,api/normal,0.72,0,1,none
2026-03-14T00:13:11+00:00,api/slow,1988.07,0,1,none
2026-03-14T00:13:12+00:00,api/slow,1671.75,0,1,none
2026-03-14T00:13:12+00:00,api/normal,0.68,0,1,none
2026-03-14T00:13:12+00:00,api/normal,0.67,0,1,none
2026-03-14T00:13:12+00:00,api/validate,1.85,1,1,UNKNOWN
2026-03-14T00:13:14+00:00,api/slow,1190.89,0,1,none
2026-03-14T00:13:14+00:00,api/normal,1.29,0,1,none
2026-03-14T00:13:14+00:00,api/normal,0.79,0,1,none
2026-03-14T00:13:14+00:00,api/normal,0.65,0,1,none
2026-03-14T00:13:14+00:00,api/normal,0.65,0,1,none
2026-03-14T00:13:14+00:00,api/error,1.57,1,1,SYSTEM_ERROR
2026-03-14T00:13:14+00:00,api/normal,0.62,0,1,none
2026-03-14T00:13:14+00:00,api/normal,0.66,0,1,none
2026-03-14T00:13:14+00:00,api/normal,0.85,0,1,none
2026-03-14T00:13:14+00:00,api/normal,0.67,0,1,none
2026-03-14T00:13:14+00:00,api/normal,0.65,0,1,none
2026-03-14T00:13:15+00:00,api/slow,1039.49,0,1,none
2026-03-14T00:13:16+00:00,api/slow,1143.33,0,1,none
2026-03-14T00:13:16+00:00,api/normal,0.64,0,1,none
2026-03-14T00:13:16+00:00,api/normal,0.64,0,1,none
2026-03-14T00:13:16+00:00,api/normal,0.64,0,1,none
2026-03-14T00:13:16+00:00,api/normal,0.7,0,1,none
2026-03-14T00:13:22+00:00,api/slow,6008.69,0,1,TIMEOUT_ERROR
2026-03-14T00:13:22+00:00,api/normal,1.17,0,1,none
2026-03-14T00:13:22+00:00,api/normal,0.64,0,1,none
2026-03-14T00:13:22+00:00,api/normal,0.66,0,1,none
2026-03-14T00:13:22+00:00,api/normal,0.89,0,1,none
2026-03-14T00:13:22+00:00,api/normal,0.76,0,1,none
2026-03-14T00:13:29+00:00,api/slow,7007.05,0,1,TIMEOUT_ERROR
2026-03-14T00:13:31+00:00,api/slow,1902.76,0,1,none
2026-03-14T00:13:31+00:00,api/normal,0.72,0,1,none
2026-03-14T00:13:31+00:00,api/normal,0.64,0,1,none
2026-03-14T00:13:31+00:00,api/normal,0.63,0,1,none
2026-03-14T00:13:31+00:00,api/normal,0.64,0,1,none
2026-03-14T00:13:31+00:00,api/normal,0.71,0,1,none
2026-03-14T00:13:31+00:00,api/normal,0.66,0,1,none
2026-03-14T00:13:31+00:00,api/normal,0.65,0,1,none
2026-03-14T00:13:31+00:00,api/normal,0.74,0,1,none
2026-03-14T00:13:31+00:00,api/normal,0.65,0,1,none
2026-03-14T00:13:31+00:00,api/normal,0.65,0,1,none
2026-03-14T00:13:31+00:00,api/normal,0.66,0,1,none
2026-03-14T00:13:31+00:00,api/error,1.79,1,1,SYSTEM_ERROR
2026-03-14T00:13:31+00:00,api/normal,0.67,0,1,none
2026-03-14T00:13:31+00:00,api/normal,0.67,0,1,none
2026-03-14T00:13:31+00:00,api/normal,0.64,0,1,none
2026-03-14T00:13:31+00:00,api/normal,0.68,0,1,none
2026-03-14T00:13:31+00:00,api/normal,0.78,0,1,none
2026-03-14T00:13:31+00:00,api/normal,0.73,0,1,none
2026-03-14T00:13:31+00:00,api/normal,0.78,0,1,none
2026-03-14T00:13:31+00:00,api/db,3.58,0,1,none
2026-03-14T00:13:31+00:00,api/db,2.66,0,1,none
2026-03-14T00:13:33+00:00,api/slow,1480.4,0,1,none
2026-03-14T00:13:35+00:00,api/slow,1588.19,0,1,none
2026-03-14T00:13:35+00:00,api/normal,0.67,0,1,none
2026-03-14T00:13:35+00:00,api/normal,0.8,0,1,none
2026-03-14T00:13:36+00:00,api/slow,1505.13,0,1,none
2026-03-14T00:13:36+00:00,api/normal,1.17,0,1,none
2026-03-14T00:13:36+00:00,api/error,1.94,1,1,SYSTEM_ERROR
2026-03-14T00:13:36+00:00,api/normal,0.64,0,1,none
2026-03-14T00:13:36+00:00,api/db,3.33,0,1,none
2026-03-14T00:13:36+00:00,api/normal,0.66,0,1,none
2026-03-14T00:13:36+00:00,api/normal,1.01,0,1,none
2026-03-14T00:13:36+00:00,api/normal,0.97,0,1,none
2026-03-14T00:13:36+00:00,api/normal,0.75,0,1,none
2026-03-14T00:13:36+00:00,api/normal,0.75,0,1,none
2026-03-14T00:13:38+00:00,api/slow,1446.24,0,1,none
2026-03-14T00:13:38+00:00,api/normal,0.69,0,1,none
2026-03-14T00:13:39+00:00,api/slow,1448.34,0,1,none
2026-03-14T00:13:41+00:00,api/slow,1961.62,0,1,none
2026-03-14T00:13:41+00:00,api/normal,0.66,0,1,none
2026-03-14T00:13:46+00:00,api/slow,5004.29,0,1,TIMEOUT_ERROR
2026-03-14T00:13:46+00:00,api/normal,1.45,0,1,none
2026-03-14T00:13:46+00:00,api/normal,0.76,0,1,none
2026-03-14T00:13:46+00:00,api/error,2.1,1,1,SYSTEM_ERROR
2026-03-14T00:13:46+00:00,api/normal,0.71,0,1,none
2026-03-14T00:13:51+00:00,api/slow,5001.55,0,1,TIMEOUT_ERROR
2026-03-14T00:13:51+00:00,api/db,3.43,0,1,none
2026-03-14T00:13:51+00:00,api/normal,0.64,0,1,none
2026-03-14T00:13:51+00:00,api/normal,0.65,0,1,none
2026-03-14T00:13:57+00:00,api/slow,5007.1,0,1,TIMEOUT_ERROR
2026-03-14T00:13:58+00:00,api/slow,1868.8,0,1,none
2026-03-14T00:13:58+00:00,api/normal,0.76,0,1,none
2026-03-14T00:13:58+00:00,api/normal,0.69,0,1,none
2026-03-14T00:13:58+00:00,api/normal,0.66,0,1,none
2026-03-14T00:13:58+00:00,api/normal,0.66,0,1,none
2026-03-14T00:13:59+00:00,api/normal,0.65,0,1,none
2026-03-14T00:13:59+00:00,api/normal,0.65,0,1,none
2026-03-14T00:14:00+00:00,api/slow,1942.52,0,1,none
2026-03-14T00:14:01+00:00,api/error,2.72,1,1,SYSTEM_ERROR
2026-03-14T00:14:01+00:00,api/normal,0.68,0,1,none
2026-03-14T00:14:01+00:00,api/db,2.62,0,1,none
2026-03-14T00:14:01+00:00,api/normal,0.87,0,1,none
2026-03-14T00:14:02+00:00,api/slow,1160.65,0,1,none
2026-03-14T00:14:02+00:00,api/db,2.8,0,1,none
2026-03-14T00:14:07+00:00,api/slow,5002.94,0,1,TIMEOUT_ERROR
2026-03-14T00:14:09+00:00,api/slow,2002.94,0,1,none
2026-03-14T00:14:09+00:00,api/normal,0.65,0,1,none
2026-03-14T00:14:09+00:00,api/normal,0.65,0,1,none
2026-03-14T00:14:09+00:00,api/normal,0.69,0,1,none
2026-03-14T00:14:09+00:00,api/normal,0.79,0,1,none
2026-03-14T00:14:09+00:00,api/error,1.94,1,1,SYSTEM_ERROR
2026-03-14T00:14:15+00:00,api/slow,6012.9,0,1,TIMEOUT_ERROR
2026-03-14T00:14:15+00:00,api/normal,1.14,0,1,none
2026-03-14T00:14:16+00:00,api/slow,1301.51,0,1,none
2026-03-14T00:14:16+00:00,api/normal,0.78,0,1,none
2026-03-14T00:14:16+00:00,api/normal,0.8,0,1,none
2026-03-14T00:14:16+00:00,api/normal,0.75,0,1,none
2026-03-14T00:14:18+00:00,api/slow,1266.32,0,1,none
2026-03-14T00:14:18+00:00,api/normal,1.2,0,1,none
2026-03-14T00:14:18+00:00,api/normal,0.64,0,1,none
2026-03-14T00:14:19+00:00,api/slow,1316.25,0,1,none
2026-03-14T00:14:19+00:00,api/normal,0.63,0,1,none
2026-03-14T00:14:19+00:00,api/normal,0.66,0,1,none
2026-03-14T00:14:19+00:00,api/normal,0.74,0,1,none
2026-03-14T00:14:19+00:00,api/normal,0.86,0,1,none
2026-03-14T00:14:19+00:00,api/normal,0.75,0,1,none
2026-03-14T00:14:19+00:00,api/normal,0.74,0,1,none
2026-03-14T00:14:20+00:00,api/slow,1163.75,0,1,none
2026-03-14T00:14:20+00:00,api/error,1.84,1,1,SYSTEM_ERROR
2026-03-14T00:14:20+00:00,api/normal,0.65,0,1,none
2026-03-14T00:14:20+00:00,api/normal,1.24,0,1,none
2026-03-14T00:14:20+00:00,api/normal,0.73,0,1,none
2026-03-14T00:14:20+00:00,api/normal,0.72,0,1,none
2026-03-14T00:14:20+00:00,api/normal,0.83,0,1,none
2026-03-14T00:14:20+00:00,api/error,1.83,1,1,SYSTEM_ERROR
2026-03-14T00:14:20+00:00,api/normal,0.69,0,1,none
2026-03-14T00:14:20+00:00,api/normal,0.69,0,1,none
2026-03-14T00:14:21+00:00,api/normal,0.75,0,1,none
2026-03-14T00:14:26+00:00,api/slow,5003.62,0,1,TIMEOUT_ERROR
2026-03-14T00:14:26+00:00,api/normal,1.12,0,1,none
2026-03-14T00:14:26+00:00,api/normal,0.65,0,1,none
2026-03-14T00:14:26+00:00,api/error,1.88,1,1,SYSTEM_ERROR
2026-03-14T00:14:26+00:00,api/normal,0.74,0,1,none
2026-03-14T00:14:26+00:00,api/normal,0.67,0,1,none
2026-03-14T00:14:26+00:00,api/normal,0.72,0,1,none
2026-03-14T00:14:27+00:00,api/slow,1210.94,0,1,none
2026-03-14T00:14:29+00:00,api/slow,1667.46,0,1,none
2026-03-14T00:14:29+00:00,api/normal,6.21,0,1,none
2026-03-14T00:14:29+00:00,api/normal,6.82,0,1,none
2026-03-14T00:14:29+00:00,api/normal,0.65,0,1,none
2026-03-14T00:14:29+00:00,api/validate,1.95,1,1,UNKNOWN
2026-03-14T00:14:29+00:00,api/normal,0.75,0,1,none
2026-03-14T00:14:29+00:00,api/normal,0.69,0,1,none
2026-03-14T00:14:30+00:00,api/slow,1205.05,0,1,none
2026-03-14T00:14:30+00:00,api/error,1.78,1,1,SYSTEM_ERROR
2026-03-14T00:14:30+00:00,api/normal,0.72,0,1,none
2026-03-14T00:14:30+00:00,api/normal,0.71,0,1,none
2026-03-14T00:14:30+00:00,api/normal,0.73,0,1,none
2026-03-14T00:14:30+00:00,api/normal,0.8,0,1,none
2026-03-14T00:14:30+00:00,api/normal,0.67,0,1,none
2026-03-14T00:14:30+00:00,api/normal,0.69,0,1,none
2026-03-14T00:14:32+00:00,api/slow,1676.02,0,1,none
2026-03-14T00:14:32+00:00,api/normal,1.29,0,1,none
2026-03-14T00:14:32+00:00,api/normal,0.75,0,1,none
2026-03-14T00:14:32+00:00,api/normal,0.76,0,1,none
2026-03-14T00:14:32+00:00,api/error,2.01,1,1,SYSTEM_ERROR
2026-03-14T00:14:34+00:00,api/slow,1922.43,0,1,none
2026-03-14T00:14:34+00:00,api/normal,0.66,0,1,none
2026-03-14T00:14:34+00:00,api/normal,0.68,0,1,none
2026-03-14T00:14:34+00:00,api/error,3.34,1,1,SYSTEM_ERROR
2026-03-14T00:14:34+00:00,api/normal,0.69,0,1,none
2026-03-14T00:14:34+00:00,api/normal,0.67,0,1,none
2026-03-14T00:14:34+00:00,api/normal,0.68,0,1,none
2026-03-14T00:14:35+00:00,api/slow,1316.5,0,1,none
2026-03-14T00:14:35+00:00,api/normal,1.13,0,1,none
2026-03-14T00:14:35+00:00,api/normal,0.67,0,1,none
2026-03-14T00:14:37+00:00,api/slow,1609.51,0,1,none
2026-03-14T00:14:43+00:00,api/slow,6014.48,0,1,TIMEOUT_ERROR
2026-03-14T00:14:43+00:00,api/error,4.36,1,1,SYSTEM_ERROR
2026-03-14T00:14:43+00:00,api/normal,0.66,0,1,none
2026-03-14T00:14:43+00:00,api/normal,0.65,0,1,none
2026-03-14T00:14:43+00:00,api/normal,0.65,0,1,none
2026-03-14T00:14:43+00:00,api/normal,0.81,0,1,none
2026-03-14T00:14:43+00:00,api/normal,0.65,0,1,none
2026-03-14T00:14:43+00:00,api/normal,0.64,0,1,none
2026-03-14T00:14:43+00:00,api/normal,0.67,0,1,none
2026-03-14T00:14:43+00:00,api/normal,0.67,0,1,none
2026-03-14T00:14:45+00:00,api/slow,1341.65,0,1,none
2026-03-14T00:14:45+00:00,api/normal,0.69,0,1,none
2026-03-14T00:14:45+00:00,api/normal,0.75,0,1,none
2026-03-14T00:14:45+00:00,api/normal,0.81,0,1,none
2026-03-14T00:14:45+00:00,api/normal,0.65,0,1,none
2026-03-14T00:14:45+00:00,api/error,1.47,1,1,SYSTEM_ERROR
2026-03-14T00:14:45+00:00,api/normal,0.67,0,1,none
2026-03-14T00:14:45+00:00,api/normal,0.64,0,1,none
2026-03-14T00:14:45+00:00,api/normal,0.69,0,1,none
2026-03-14T00:14:46+00:00,api/slow,1683.35,0,1,none
2026-03-14T00:14:46+00:00,api/normal,1.26,0,1,none
2026-03-14T00:14:47+00:00,api/normal,0.71,0,1,none
2026-03-14T00:14:47+00:00,api/normal,0.73,0,1,none
2026-03-14T00:14:47+00:00,api/normal,0.92,0,1,none
2026-03-14T00:14:48+00:00,api/slow,1190.16,0,1,none
2026-03-14T00:14:49+00:00,api/slow,1089.17,0,1,none
2026-03-14T00:14:49+00:00,api/normal,1.15,0,1,none
2026-03-14T00:14:50+00:00,api/slow,1361.97,0,1,none
2026-03-14T00:14:52+00:00,api/slow,1334.13,0,1,none
2026-03-14T00:14:52+00:00,api/normal,4.3,0,1,none
2026-03-14T00:14:52+00:00,api/normal,0.64,0,1,none
2026-03-14T00:14:52+00:00,api/normal,0.66,0,1,none
2026-03-14T00:14:58+00:00,api/slow,6002.24,0,1,TIMEOUT_ERROR
2026-03-14T00:14:58+00:00,api/normal,1.19,0,1,none
2026-03-14T00:14:58+00:00,api/normal,0.67,0,1,none
2026-03-14T00:14:58+00:00,api/normal,0.66,0,1,none
2026-03-14T00:14:59+00:00,api/slow,1155.72,0,1,none
2026-03-14T00:14:59+00:00,api/validate,1.81,1,1,UNKNOWN
2026-03-14T00:14:59+00:00,api/error,1.57,1,1,SYSTEM_ERROR
2026-03-14T00:14:59+00:00,api/normal,0.65,0,1,none
2026-03-14T00:14:59+00:00,api/normal,0.65,0,1,none
2026-03-14T00:14:59+00:00,api/normal,0.65,0,1,none
2026-03-14T00:14:59+00:00,api/normal,0.65,0,1,none
2026-03-14T00:14:59+00:00,api/normal,0.66,0,1,none
2026-03-14T00:14:59+00:00,api/normal,0.64,0,1,none
2026-03-14T00:14:59+00:00,api/normal,0.68,0,1,none
2026-03-14T00:14:59+00:00,api/normal,0.65,0,1,none
2026-03-14T00:14:59+00:00,api/normal,0.64,0,1,none
2026-03-14T00:14:59+00:00,api/normal,0.68,0,1,none
2026-03-14T00:14:59+00:00,api/normal,0.71,0,1,none
2026-03-14T00:14:59+00:00,api/error,1.5,1,1,SYSTEM_ERROR
2026-03-14T00:14:59+00:00,api/normal,0.67,0,1,none
2026-03-14T00:14:59+00:00,api/normal,0.64,0,1,none
2026-03-14T00:14:59+00:00,api/normal,0.64,0,1,none
2026-03-14T00:14:59+00:00,api/normal,0.81,0,1,none
2026-03-14T00:14:59+00:00,api/validate,1.79,1,1,UNKNOWN
2026-03-14T00:14:59+00:00,api/normal,0.66,0,1,none
2026-03-14T00:14:59+00:00,api/normal,0.76,0,1,none
2026-03-14T00:14:59+00:00,api/normal,0.65,0,1,none
2026-03-14T00:14:59+00:00,api/normal,0.71,0,1,none
2026-03-14T00:15:01+00:00,api/slow,1646.61,0,1,none
2026-03-14T00:15:01+00:00,api/normal,1.14,0,1,none
2026-03-14T00:15:01+00:00,api/normal,0.65,0,1,none
2026-03-14T00:15:01+00:00,api/normal,0.66,0,1,none
2026-03-14T00:15:02+00:00,api/slow,1322.5,0,1,none
2026-03-14T00:15:02+00:00,api/normal,0.66,0,1,none
2026-03-14T00:15:02+00:00,api/error,1.77,1,1,SYSTEM_ERROR
2026-03-14T00:15:02+00:00,api/normal,0.66,0,1,none
2026-03-14T00:15:02+00:00,api/error,1.51,1,1,SYSTEM_ERROR
2026-03-14T00:15:03+00:00,api/normal,0.65,0,1,none
2026-03-14T00:15:03+00:00,api/normal,0.65,0,1,none
2026-03-14T00:15:03+00:00,api/normal,0.66,0,1,none
2026-03-14T00:15:03+00:00,api/normal,0.73,0,1,none
2026-03-14T00:15:03+00:00,api/normal,0.88,0,1,none
2026-03-14T00:15:03+00:00,api/error,1.45,1,1,SYSTEM_ERROR
2026-03-14T00:15:03+00:00,api/normal,0.65,0,1,none
2026-03-14T00:15:03+00:00,api/normal,0.65,0,1,none
2026-03-14T00:15:03+00:00,api/normal,0.73,0,1,none
2026-03-14T00:15:03+00:00,api/normal,0.85,0,1,none
2026-03-14T00:15:03+00:00,api/normal,0.68,0,1,none
2026-03-14T00:15:03+00:00,api/db,3.35,0,1,none
2026-03-14T00:15:03+00:00,api/normal,0.7,0,1,none
2026-03-14T00:15:03+00:00,api/normal,0.86,0,1,none
2026-03-14T00:15:03+00:00,api/normal,0.68,0,1,none
2026-03-14T00:15:04+00:00,api/slow,1102.71,0,1,none
2026-03-14T00:15:04+00:00,api/normal,1.18,0,1,none
2026-03-14T00:15:05+00:00,api/slow,1526.83,0,1,none
2026-03-14T00:15:05+00:00,api/normal,0.65,0,1,none
2026-03-14T00:15:05+00:00,api/normal,0.67,0,1,none
2026-03-14T00:15:05+00:00,api/normal,0.65,0,1,none
2026-03-14T00:15:06+00:00,api/normal,0.69,0,1,none
2026-03-14T00:15:07+00:00,api/slow,1429.73,0,1,none
2026-03-14T00:15:09+00:00,api/slow,1676.85,0,1,none
2026-03-14T00:15:09+00:00,api/normal,0.67,0,1,none
2026-03-14T00:15:09+00:00,api/normal,0.66,0,1,none
2026-03-14T00:15:09+00:00,api/normal,0.76,0,1,none
2026-03-14T00:15:09+00:00,api/normal,0.64,0,1,none
2026-03-14T00:15:09+00:00,api/normal,0.72,0,1,none
2026-03-14T00:15:09+00:00,api/normal,0.65,0,1,none
2026-03-14T00:15:10+00:00,api/slow,1504.31,0,1,none
2026-03-14T00:15:10+00:00,api/normal,1.13,0,1,none
2026-03-14T00:15:10+00:00,api/normal,0.65,0,1,none
2026-03-14T00:15:10+00:00,api/normal,0.66,0,1,none
2026-03-14T00:15:11+00:00,api/slow,1047.35,0,1,none
2026-03-14T00:15:11+00:00,api/normal,0.72,0,1,none
2026-03-14T00:15:11+00:00,api/normal,0.7,0,1,none
2026-03-14T00:15:16+00:00,api/slow,5003.47,0,1,TIMEOUT_ERROR
2026-03-14T00:15:16+00:00,api/normal,1.34,0,1,none
2026-03-14T00:15:17+00:00,api/normal,0.65,0,1,none
2026-03-14T00:15:17+00:00,api/normal,0.66,0,1,none
2026-03-14T00:15:17+00:00,api/db,2.81,0,1,none
2026-03-14T00:15:18+00:00,api/slow,1639.48,0,1,none
2026-03-14T00:15:19+00:00,api/slow,1196.99,0,1,none
2026-03-14T00:15:21+00:00,api/slow,1332.94,0,1,none
2026-03-14T00:15:21+00:00,api/normal,0.64,0,1,none
2026-03-14T00:15:23+00:00,api/slow,1888.55,0,1,none
2026-03-14T00:15:23+00:00,api/normal,0.69,0,1,none
2026-03-14T00:15:23+00:00,api/normal,0.66,0,1,none
2026-03-14T00:15:23+00:00,api/normal,0.74,0,1,none
2026-03-14T00:15:23+00:00,api/normal,0.66,0,1,none
2026-03-14T00:15:23+00:00,api/normal,0.74,0,1,none
2026-03-14T00:15:23+00:00,api/error,1.83,1,1,SYSTEM_ERROR
2026-03-14T00:15:23+00:00,api/normal,0.65,0,1,none
2026-03-14T00:15:23+00:00,api/normal,0.67,0,1,none
2026-03-14T00:15:23+00:00,api/normal,0.64,0,1,none
2026-03-14T00:15:25+00:00,api/slow,1967.43,0,1,none
2026-03-14T00:15:26+00:00,api/slow,1165.06,0,1,none
2026-03-14T00:15:26+00:00,api/normal,1.13,0,1,none
2026-03-14T00:15:26+00:00,api/normal,0.66,0,1,none
2026-03-14T00:15:26+00:00,api/normal,0.81,0,1,none
2026-03-14T00:15:28+00:00,api/slow,1390.93,0,1,none
2026-03-14T00:15:28+00:00,api/normal,0.68,0,1,none
2026-03-14T00:15:29+00:00,api/slow,1173.62,0,1,none
2026-03-14T00:15:29+00:00,api/normal,1.13,0,1,none
2026-03-14T00:15:29+00:00,api/normal,0.78,0,1,none
2026-03-14T00:15:29+00:00,api/normal,0.89,0,1,none
2026-03-14T00:15:35+00:00,api/slow,6008.23,0,1,TIMEOUT_ERROR
2026-03-14T00:15:35+00:00,api/normal,1.29,0,1,none
2026-03-14T00:15:35+00:00,api/normal,0.66,0,1,none
2026-03-14T00:15:35+00:00,api/normal,0.68,0,1,none
2026-03-14T00:15:35+00:00,api/normal,0.67,0,1,none
2026-03-14T00:15:35+00:00,api/normal,0.75,0,1,none
2026-03-14T00:15:35+00:00,api/normal,0.77,0,1,none
2026-03-14T00:15:35+00:00,api/normal,0.76,0,1,none
2026-03-14T00:15:40+00:00,api/slow,5005.41,0,1,TIMEOUT_ERROR
2026-03-14T00:15:40+00:00,api/normal,1.31,0,1,none
2026-03-14T00:15:40+00:00,api/normal,0.67,0,1,none
2026-03-14T00:15:40+00:00,api/normal,0.65,0,1,none
2026-03-14T00:15:42+00:00,api/slow,1679.08,0,1,none
2026-03-14T00:15:42+00:00,api/normal,0.77,0,1,none
2026-03-14T00:15:42+00:00,api/normal,0.83,0,1,none
2026-03-14T00:15:42+00:00,api/normal,0.64,0,1,none
2026-03-14T00:15:44+00:00,api/slow,1865.45,0,1,none
2026-03-14T00:15:44+00:00,api/normal,1.25,0,1,none
2026-03-14T00:15:44+00:00,api/normal,0.69,0,1,none
2026-03-14T00:15:44+00:00,api/db,3.76,0,1,none
2026-03-14T00:15:44+00:00,api/normal,0.75,0,1,none
2026-03-14T00:15:44+00:00,api/normal,1.17,0,1,none
2026-03-14T00:15:44+00:00,api/db,13.79,0,1,none
2026-03-14T00:15:49+00:00,api/slow,5006.79,0,1,TIMEOUT_ERROR
2026-03-14T00:15:49+00:00,api/normal,1.19,0,1,none
2026-03-14T00:15:51+00:00,api/slow,1866.63,0,1,none
2026-03-14T00:15:52+00:00,api/slow,1447.97,0,1,none
2026-03-14T00:15:52+00:00,api/normal,1.2,0,1,none
2026-03-14T00:15:52+00:00,api/normal,0.7,0,1,none
2026-03-14T00:15:52+00:00,api/normal,0.66,0,1,none
2026-03-14T00:15:52+00:00,api/normal,0.66,0,1,none
2026-03-14T00:15:52+00:00,api/normal,0.66,0,1,none
2026-03-14T00:15:52+00:00,api/normal,0.67,0,1,none
2026-03-14T00:15:52+00:00,api/normal,0.78,0,1,none
2026-03-14T00:15:52+00:00,api/normal,0.69,0,1,none
2026-03-14T00:15:53+00:00,api/slow,1013.76,0,1,none
2026-03-14T00:15:53+00:00,api/normal,0.68,0,1,none
2026-03-14T00:15:53+00:00,api/normal,0.65,0,1,none
2026-03-14T00:15:54+00:00,api/normal,0.78,0,1,none
2026-03-14T00:15:54+00:00,api/normal,0.68,0,1,none
2026-03-14T00:15:54+00:00,api/normal,0.67,0,1,none
2026-03-14T00:15:55+00:00,api/slow,1649.28,0,1,none
2026-03-14T00:15:55+00:00,api/normal,1.14,0,1,none
2026-03-14T00:15:55+00:00,api/normal,0.65,0,1,none
2026-03-14T00:15:57+00:00,api/slow,1447.02,0,1,none
2026-03-14T00:15:57+00:00,api/normal,0.71,0,1,none
2026-03-14T00:15:58+00:00,api/slow,1365.71,0,1,none
2026-03-14T00:15:58+00:00,api/normal,1.15,0,1,none
2026-03-14T00:16:00+00:00,api/slow,1436.69,0,1,none
2026-03-14T00:16:00+00:00,api/normal,0.73,0,1,none
2026-03-14T00:16:00+00:00,api/normal,0.65,0,1,none
2026-03-14T00:16:00+00:00,api/normal,0.66,0,1,none
2026-03-14T00:16:00+00:00,api/normal,0.67,0,1,none
2026-03-14T00:16:01+00:00,api/slow,1453.28,0,1,none
2026-03-14T00:16:01+00:00,api/db,3.37,0,1,none
2026-03-14T00:16:01+00:00,api/normal,0.66,0,1,none
2026-03-14T00:16:01+00:00,api/normal,0.78,0,1,none
2026-03-14T00:16:01+00:00,api/normal,0.7,0,1,none
2026-03-14T00:16:01+00:00,api/normal,0.66,0,1,none
2026-03-14T00:16:01+00:00,api/normal,0.64,0,1,none
2026-03-14T00:16:01+00:00,api/normal,0.65,0,1,none
2026-03-14T00:16:01+00:00,api/normal,0.77,0,1,none
2026-03-14T00:16:01+00:00,api/db,2.87,0,1,none
2026-03-14T00:16:01+00:00,api/normal,0.65,0,1,none
2026-03-14T00:16:01+00:00,api/normal,0.77,0,1,none
2026-03-14T00:16:01+00:00,api/normal,0.74,0,1,none
2026-03-14T00:16:01+00:00,api/normal,0.66,0,1,none
2026-03-14T00:16:08+00:00,api/slow,7013.03,0,1,TIMEOUT_ERROR
2026-03-14T00:16:08+00:00,api/normal,1.14,0,1,none
2026-03-14T00:16:08+00:00,api/normal,0.72,0,1,none
2026-03-14T00:16:08+00:00,api/normal,0.66,0,1,none
2026-03-14T00:16:08+00:00,api/normal,0.65,0,1,none
2026-03-14T00:16:10+00:00,api/slow,1355.48,0,1,none
2026-03-14T00:16:10+00:00,api/normal,0.67,0,1,none
2026-03-14T00:16:10+00:00,api/normal,0.69,0,1,none
2026-03-14T00:16:10+00:00,api/normal,0.66,0,1,none
2026-03-14T00:16:10+00:00,api/db,2.54,0,1,none
2026-03-14T00:16:10+00:00,api/error,1.76,1,1,SYSTEM_ERROR
2026-03-14T00:16:10+00:00,api/normal,0.65,0,1,none
2026-03-14T00:16:10+00:00,api/normal,0.67,0,1,none
2026-03-14T00:16:10+00:00,api/normal,0.68,0,1,none
2026-03-14T00:16:10+00:00,api/normal,0.68,0,1,none
2026-03-14T00:16:10+00:00,api/db,2.76,0,1,none
2026-03-14T00:16:10+00:00,api/error,1.66,1,1,SYSTEM_ERROR
2026-03-14T00:16:10+00:00,api/normal,0.67,0,1,none
2026-03-14T00:16:10+00:00,api/normal,0.68,0,1,none
2026-03-14T00:16:10+00:00,api/normal,0.67,0,1,none
2026-03-14T00:16:10+00:00,api/normal,0.7,0,1,none
2026-03-14T00:16:10+00:00,api/normal,0.65,0,1,none
2026-03-14T00:16:10+00:00,api/validate,1.52,1,1,UNKNOWN
2026-03-14T00:16:10+00:00,api/normal,0.73,0,1,none
2026-03-14T00:16:10+00:00,api/normal,0.67,0,1,none
2026-03-14T00:16:10+00:00,api/normal,0.68,0,1,none
2026-03-14T00:16:10+00:00,api/normal,0.71,0,1,none
2026-03-14T00:16:10+00:00,api/normal,0.67,0,1,none
2026-03-14T00:16:10+00:00,api/normal,0.67,0,1,none
2026-03-14T00:16:10+00:00,api/normal,0.65,0,1,none
2026-03-14T00:16:10+00:00,api/normal,1.63,0,1,none
2026-03-14T00:16:12+00:00,api/slow,1634.84,0,1,none
2026-03-14T00:16:12+00:00,api/normal,1.32,0,1,none
2026-03-14T00:16:12+00:00,api/normal,0.64,0,1,none
2026-03-14T00:16:12+00:00,api/normal,0.64,0,1,none
2026-03-14T00:16:12+00:00,api/normal,0.64,0,1,none
2026-03-14T00:16:12+00:00,api/normal,0.64,0,1,none
2026-03-14T00:16:12+00:00,api/normal,0.67,0,1,none
2026-03-14T00:16:12+00:00,api/normal,0.68,0,1,none
2026-03-14T00:16:12+00:00,api/normal,0.67,0,1,none
2026-03-14T00:16:14+00:00,api/slow,1728.71,0,1,none
2026-03-14T00:16:14+00:00,api/normal,0.65,0,1,none
2026-03-14T00:16:14+00:00,api/normal,0.66,0,1,none
2026-03-14T00:16:14+00:00,api/normal,0.81,0,1,none
2026-03-14T00:16:14+00:00,api/normal,0.67,0,1,none
2026-03-14T00:16:14+00:00,api/normal,0.73,0,1,none
2026-03-14T00:16:15+00:00,api/slow,1431.28,0,1,none
2026-03-14T00:16:15+00:00,api/normal,1.14,0,1,none
2026-03-14T00:16:15+00:00,api/normal,0.66,0,1,none
2026-03-14T00:16:15+00:00,api/normal,0.66,0,1,none
2026-03-14T00:16:15+00:00,api/db,2.77,0,1,none
2026-03-14T00:16:17+00:00,api/slow,1918.59,0,1,none
2026-03-14T00:16:19+00:00,api/slow,1541.97,0,1,none
2026-03-14T00:16:19+00:00,api/normal,1.23,0,1,none
2026-03-14T00:16:19+00:00,api/normal,0.79,0,1,none
2026-03-14T00:16:19+00:00,api/normal,0.65,0,1,none
2026-03-14T00:16:19+00:00,api/normal,0.66,0,1,none
2026-03-14T00:16:19+00:00,api/normal,0.71,0,1,none
2026-03-14T00:16:19+00:00,api/normal,1.02,0,1,none
2026-03-14T00:16:19+00:00,api/normal,0.78,0,1,none
2026-03-14T00:16:19+00:00,api/normal,0.69,0,1,none
2026-03-14T00:16:19+00:00,api/normal,0.67,0,1,none
2026-03-14T00:16:19+00:00,api/normal,0.68,0,1,none
2026-03-14T00:16:19+00:00,api/normal,0.65,0,1,none
2026-03-14T00:16:19+00:00,api/normal,0.66,0,1,none
2026-03-14T00:16:19+00:00,api/normal,0.82,0,1,none
2026-03-14T00:16:19+00:00,api/normal,0.67,0,1,none
2026-03-14T00:16:19+00:00,api/error,1.85,1,1,SYSTEM_ERROR
2026-03-14T00:16:19+00:00,api/normal,0.67,0,1,none
2026-03-14T00:16:19+00:00,api/normal,0.66,0,1,none
2026-03-14T00:16:19+00:00,api/normal,0.77,0,1,none
2026-03-14T00:16:19+00:00,api/normal,0.65,0,1,none
2026-03-14T00:16:19+00:00,api/db,2.48,0,1,none
2026-03-14T00:16:19+00:00,api/normal,0.65,0,1,none
2026-03-14T00:16:19+00:00,api/normal,0.68,0,1,none
2026-03-14T00:16:21+00:00,api/slow,1411.16,0,1,none
2026-03-14T00:16:21+00:00,api/db,2.83,0,1,none
2026-03-14T00:16:22+00:00,api/slow,1188.15,0,1,none
2026-03-14T00:16:23+00:00,api/slow,1081.99,0,1,none
2026-03-14T00:16:23+00:00,api/normal,0.65,0,1,none
2026-03-14T00:16:23+00:00,api/normal,0.65,0,1,none
2026-03-14T00:16:23+00:00,api/normal,0.65,0,1,none
2026-03-14T00:16:23+00:00,api/normal,0.66,0,1,none
2026-03-14T00:16:23+00:00,api/normal,0.64,0,1,none
2026-03-14T00:16:23+00:00,api/error,1.85,1,1,SYSTEM_ERROR
2026-03-14T00:16:23+00:00,api/normal,0.65,0,1,none
2026-03-14T00:16:23+00:00,api/normal,0.67,0,1,none
2026-03-14T00:16:23+00:00,api/error,1.63,1,1,SYSTEM_ERROR
2026-03-14T00:16:23+00:00,api/normal,0.69,0,1,none
2026-03-14T00:16:25+00:00,api/slow,1482.29,0,1,none
2026-03-14T00:16:25+00:00,api/normal,1.23,0,1,none
2026-03-14T00:16:25+00:00,api/normal,0.64,0,1,none
2026-03-14T00:16:25+00:00,api/db,2.89,0,1,none
2026-03-14T00:16:25+00:00,api/normal,0.64,0,1,none
2026-03-14T00:16:25+00:00,api/normal,0.73,0,1,none
2026-03-14T00:16:25+00:00,api/normal,0.75,0,1,none
2026-03-14T00:16:25+00:00,api/normal,0.64,0,1,none
2026-03-14T00:16:25+00:00,api/normal,0.87,0,1,none
2026-03-14T00:16:25+00:00,api/normal,0.64,0,1,none
2026-03-14T00:16:25+00:00,api/normal,0.64,0,1,none
2026-03-14T00:16:25+00:00,api/error,1.49,1,1,SYSTEM_ERROR
2026-03-14T00:16:25+00:00,api/normal,0.67,0,1,none
2026-03-14T00:16:25+00:00,api/normal,0.86,0,1,none
2026-03-14T00:16:25+00:00,api/normal,0.64,0,1,none
2026-03-14T00:16:25+00:00,api/normal,0.65,0,1,none
2026-03-14T00:16:25+00:00,api/normal,0.67,0,1,none
2026-03-14T00:16:27+00:00,api/slow,1476.97,0,1,none
2026-03-14T00:16:27+00:00,api/normal,0.7,0,1,none
2026-03-14T00:16:27+00:00,api/normal,0.72,0,1,none
2026-03-14T00:16:28+00:00,api/slow,1540.96,0,1,none
2026-03-14T00:16:30+00:00,api/slow,1859.57,0,1,none
2026-03-14T00:16:30+00:00,api/normal,0.69,0,1,none
2026-03-14T00:16:32+00:00,api/slow,1556.5,0,1,none
2026-03-14T00:16:32+00:00,api/normal,1.22,0,1,none
2026-03-14T00:16:32+00:00,api/normal,0.66,0,1,none
2026-03-14T00:16:32+00:00,api/normal,0.66,0,1,none
2026-03-14T00:16:32+00:00,api/error,2.04,1,1,SYSTEM_ERROR
2026-03-14T00:16:32+00:00,api/normal,0.65,0,1,none
2026-03-14T00:16:32+00:00,api/error,1.48,1,1,SYSTEM_ERROR
2026-03-14T00:16:34+00:00,api/slow,1801.82,0,1,none
2026-03-14T00:16:34+00:00,api/normal,0.73,0,1,none
2026-03-14T00:16:34+00:00,api/normal,0.64,0,1,none
2026-03-14T00:16:34+00:00,api/normal,0.65,0,1,none
2026-03-14T00:16:35+00:00,api/slow,1420.58,0,1,none
2026-03-14T00:16:35+00:00,api/normal,1.1,0,1,none
2026-03-14T00:16:35+00:00,api/normal,0.77,0,1,none
2026-03-14T00:16:35+00:00,api/normal,0.65,0,1,none
2026-03-14T00:16:35+00:00,api/normal,0.66,0,1,none
2026-03-14T00:16:35+00:00,api/normal,0.71,0,1,none
2026-03-14T00:16:35+00:00,api/normal,0.74,0,1,none
2026-03-14T00:16:37+00:00,api/slow,1972.52,0,1,none
2026-03-14T00:16:37+00:00,api/normal,0.81,0,1,none
2026-03-14T00:16:37+00:00,api/normal,0.78,0,1,none
2026-03-14T00:16:37+00:00,api/normal,0.67,0,1,none
2026-03-14T00:16:37+00:00,api/normal,0.73,0,1,none
2026-03-14T00:16:37+00:00,api/normal,0.73,0,1,none
2026-03-14T00:16:37+00:00,api/normal,0.71,0,1,none
2026-03-14T00:16:37+00:00,api/normal,0.67,0,1,none
2026-03-14T00:16:43+00:00,api/slow,6004.73,0,1,TIMEOUT_ERROR
2026-03-14T00:16:43+00:00,api/db,2.74,0,1,none
2026-03-14T00:16:43+00:00,api/error,1.77,1,1,SYSTEM_ERROR
2026-03-14T00:16:43+00:00,api/normal,0.65,0,1,none
2026-03-14T00:16:43+00:00,api/normal,0.65,0,1,none
2026-03-14T00:16:43+00:00,api/normal,0.66,0,1,none
2026-03-14T00:16:45+00:00,api/slow,1544.15,0,1,none
2026-03-14T00:16:45+00:00,api/normal,0.64,0,1,none
2026-03-14T00:16:45+00:00,api/error,1.51,1,1,SYSTEM_ERROR
2026-03-14T00:16:45+00:00,api/normal,0.65,0,1,none
2026-03-14T00:16:45+00:00,api/normal,0.66,0,1,none
2026-03-14T00:16:45+00:00,api/error,1.58,1,1,SYSTEM_ERROR
2026-03-14T00:16:47+00:00,api/slow,1617.98,0,1,none
2026-03-14T00:16:47+00:00,api/normal,1.41,0,1,none
2026-03-14T00:16:47+00:00,api/normal,0.66,0,1,none
2026-03-14T00:16:54+00:00,api/slow,7004.92,0,1,TIMEOUT_ERROR
2026-03-14T00:16:54+00:00,api/normal,3.95,0,1,none
2026-03-14T00:16:54+00:00,api/normal,0.67,0,1,none
2026-03-14T00:16:54+00:00,api/normal,0.67,0,1,none
2026-03-14T00:16:54+00:00,api/normal,0.67,0,1,none
2026-03-14T00:16:54+00:00,api/normal,0.7,0,1,none
2026-03-14T00:16:54+00:00,api/normal,0.64,0,1,none
2026-03-14T00:16:54+00:00,api/normal,0.74,0,1,none
2026-03-14T00:16:54+00:00,api/normal,0.72,0,1,none
2026-03-14T00:16:54+00:00,api/error,3.5,1,1,SYSTEM_ERROR
2026-03-14T00:16:56+00:00,api/slow,1996.91,0,1,none
2026-03-14T00:16:56+00:00,api/normal,0.68,0,1,none
2026-03-14T00:16:57+00:00,api/slow,1351.45,0,1,none
2026-03-14T00:16:57+00:00,api/normal,1.24,0,1,none
2026-03-14T00:17:04+00:00,api/slow,6003.79,0,1,TIMEOUT_ERROR
2026-03-14T00:17:04+00:00,api/normal,1.15,0,1,none
2026-03-14T00:17:04+00:00,api/normal,0.65,0,1,none
2026-03-14T00:17:04+00:00,api/normal,0.75,0,1,none
2026-03-14T00:17:05+00:00,api/slow,1374.14,0,1,none
2026-03-14T00:17:05+00:00,api/normal,0.65,0,1,none
2026-03-14T00:17:05+00:00,api/normal,0.66,0,1,none
2026-03-14T00:17:05+00:00,api/normal,0.68,0,1,none
2026-03-14T00:17:05+00:00,api/db,2.83,0,1,none
2026-03-14T00:17:05+00:00,api/normal,0.65,0,1,none
2026-03-14T00:17:05+00:00,api/normal,0.68,0,1,none
2026-03-14T00:17:06+00:00,api/slow,1107.56,0,1,none
2026-03-14T00:17:06+00:00,api/db,2.41,0,1,none
2026-03-14T00:17:06+00:00,api/normal,0.65,0,1,none
2026-03-14T00:17:06+00:00,api/normal,0.74,0,1,none
2026-03-14T00:17:06+00:00,api/normal,0.7,0,1,none
2026-03-14T00:17:06+00:00,api/normal,0.72,0,1,none
2026-03-14T00:17:11+00:00,api/slow,5013.06,0,1,TIMEOUT_ERROR
2026-03-14T00:17:11+00:00,api/normal,1.12,0,1,none
2026-03-14T00:17:12+00:00,api/slow,1103.73,0,1,none
2026-03-14T00:17:14+00:00,api/slow,1339.76,0,1,none
2026-03-14T00:17:15+00:00,api/slow,1480.22,0,1,none
2026-03-14T00:17:15+00:00,api/normal,0.65,0,1,none
2026-03-14T00:17:15+00:00,api/error,1.93,1,1,SYSTEM_ERROR
2026-03-14T00:17:15+00:00,api/validate,1.51,1,1,UNKNOWN
2026-03-14T00:17:17+00:00,api/slow,1796.58,0,1,none
2026-03-14T00:17:17+00:00,api/normal,1.13,0,1,none
2026-03-14T00:17:19+00:00,api/slow,1545.67,0,1,none
2026-03-14T00:17:19+00:00,api/error,1.9,1,1,SYSTEM_ERROR
2026-03-14T00:17:19+00:00,api/error,1.48,1,1,SYSTEM_ERROR
2026-03-14T00:17:20+00:00,api/slow,1117.13,0,1,none
2026-03-14T00:17:20+00:00,api/normal,1.3,0,1,none
2026-03-14T00:17:20+00:00,api/normal,0.66,0,1,none
2026-03-14T00:17:20+00:00,api/db,2.89,0,1,none
2026-03-14T00:17:20+00:00,api/normal,0.66,0,1,none
2026-03-14T00:17:22+00:00,api/slow,1952.82,0,1,none
2026-03-14T00:17:22+00:00,api/normal,0.73,0,1,none
2026-03-14T00:17:23+00:00,api/slow,1155.49,0,1,none
2026-03-14T00:17:23+00:00,api/normal,1.25,0,1,none
2026-03-14T00:17:23+00:00,api/normal,0.65,0,1,none
2026-03-14T00:17:23+00:00,api/normal,0.68,0,1,none
2026-03-14T00:17:23+00:00,api/error,1.88,1,1,SYSTEM_ERROR
2026-03-14T00:17:23+00:00,api/normal,0.66,0,1,none
2026-03-14T00:17:23+00:00,api/error,1.72,1,1,SYSTEM_ERROR
2026-03-14T00:17:23+00:00,api/normal,0.65,0,1,none
2026-03-14T00:17:23+00:00,api/normal,0.64,0,1,none
2026-03-14T00:17:23+00:00,api/normal,0.64,0,1,none
2026-03-14T00:17:23+00:00,api/error,1.68,1,1,SYSTEM_ERROR
2026-03-14T00:17:23+00:00,api/normal,0.68,0,1,none
2026-03-14T00:17:23+00:00,api/normal,0.67,0,1,none
2026-03-14T00:17:23+00:00,api/normal,0.67,0,1,none
2026-03-14T00:17:23+00:00,api/normal,0.66,0,1,none
2026-03-14T00:17:23+00:00,api/normal,0.72,0,1,none
2026-03-14T00:17:24+00:00,api/error,1.65,1,1,SYSTEM_ERROR
2026-03-14T00:17:24+00:00,api/normal,0.65,0,1,none
2026-03-14T00:17:24+00:00,api/normal,0.65,0,1,none
2026-03-14T00:17:24+00:00,api/normal,0.68,0,1,none
2026-03-14T00:17:24+00:00,api/normal,0.69,0,1,none
2026-03-14T00:17:24+00:00,api/normal,0.65,0,1,none
2026-03-14T00:17:24+00:00,api/normal,0.65,0,1,none
2026-03-14T00:17:24+00:00,api/normal,0.67,0,1,none
2026-03-14T00:17:24+00:00,api/normal,0.65,0,1,none
2026-03-14T00:17:24+00:00,api/normal,0.69,0,1,none
2026-03-14T00:17:24+00:00,api/normal,0.65,0,1,none
2026-03-14T00:17:24+00:00,api/normal,1.26,0,1,none
2026-03-14T00:17:24+00:00,api/error,1.62,1,1,SYSTEM_ERROR
2026-03-14T00:17:24+00:00,api/normal,0.68,0,1,none
2026-03-14T00:17:25+00:00,api/slow,1478.93,0,1,none
2026-03-14T00:17:25+00:00,api/normal,0.75,0,1,none
2026-03-14T00:17:27+00:00,api/slow,1798.34,0,1,none
2026-03-14T00:17:27+00:00,api/normal,1.11,0,1,none
2026-03-14T00:17:28+00:00,api/slow,1343.12,0,1,none
2026-03-14T00:17:30+00:00,api/slow,1105.85,0,1,none
2026-03-14T00:17:30+00:00,api/normal,1.39,0,1,none
2026-03-14T00:17:31+00:00,api/slow,1236.85,0,1,none
2026-03-14T00:17:31+00:00,api/normal,0.74,0,1,none
2026-03-14T00:17:31+00:00,api/normal,0.65,0,1,none
2026-03-14T00:17:31+00:00,api/error,1.82,1,1,SYSTEM_ERROR
2026-03-14T00:17:32+00:00,api/slow,1503.28,0,1,none
2026-03-14T00:17:32+00:00,api/normal,0.66,0,1,none
2026-03-14T00:17:32+00:00,api/error,1.51,1,1,SYSTEM_ERROR
2026-03-14T00:17:33+00:00,api/normal,0.65,0,1,none
2026-03-14T00:17:33+00:00,api/normal,1.13,0,1,none
2026-03-14T00:17:33+00:00,api/normal,0.68,0,1,none
2026-03-14T00:17:33+00:00,api/normal,0.66,0,1,none
2026-03-14T00:17:33+00:00,api/error,1.5,1,1,SYSTEM_ERROR
2026-03-14T00:17:33+00:00,api/db,3.2,0,1,none
2026-03-14T00:17:33+00:00,api/normal,0.73,0,1,none
2026-03-14T00:17:34+00:00,api/slow,1845.8,0,1,none
2026-03-14T00:17:35+00:00,api/normal,0.79,0,1,none
2026-03-14T00:17:36+00:00,api/slow,1530.77,0,1,none
2026-03-14T00:17:36+00:00,api/normal,1.14,0,1,none
2026-03-14T00:17:38+00:00,api/slow,1560.68,0,1,none
2026-03-14T00:17:38+00:00,api/normal,0.64,0,1,none
2026-03-14T00:17:38+00:00,api/normal,0.71,0,1,none
2026-03-14T00:17:38+00:00,api/normal,0.66,0,1,none
2026-03-14T00:17:38+00:00,api/normal,0.64,0,1,none
2026-03-14T00:17:38+00:00,api/normal,0.71,0,1,none
2026-03-14T00:17:38+00:00,api/normal,0.64,0,1,none
2026-03-14T00:17:38+00:00,api/normal,0.64,0,1,none
2026-03-14T00:17:38+00:00,api/error,1.82,1,1,SYSTEM_ERROR
2026-03-14T00:17:38+00:00,api/normal,0.84,0,1,none
2026-03-14T00:17:38+00:00,api/normal,0.87,0,1,none
2026-03-14T00:17:38+00:00,api/normal,0.65,0,1,none
2026-03-14T00:17:38+00:00,api/normal,0.68,0,1,none
2026-03-14T00:17:38+00:00,api/normal,0.68,0,1,none
2026-03-14T00:17:38+00:00,api/normal,0.81,0,1,none
2026-03-14T00:17:39+00:00,api/slow,1031.88,0,1,none
2026-03-14T00:17:41+00:00,api/slow,1639.77,0,1,none
2026-03-14T00:17:41+00:00,api/normal,0.79,0,1,none
2026-03-14T00:17:48+00:00,api/slow,7013.11,0,1,TIMEOUT_ERROR
2026-03-14T00:17:48+00:00,api/normal,1.23,0,1,none
2026-03-14T00:17:48+00:00,api/normal,0.66,0,1,none
2026-03-14T00:17:48+00:00,api/normal,0.69,0,1,none
2026-03-14T00:17:48+00:00,api/normal,1.32,0,1,none
2026-03-14T00:17:48+00:00,api/normal,0.66,0,1,none
2026-03-14T00:17:48+00:00,api/normal,0.65,0,1,none
2026-03-14T00:17:48+00:00,api/normal,0.67,0,1,none
2026-03-14T00:17:48+00:00,api/normal,0.67,0,1,none
2026-03-14T00:17:48+00:00,api/normal,0.71,0,1,none
2026-03-14T00:17:48+00:00,api/normal,0.72,0,1,none
2026-03-14T00:17:48+00:00,api/error,2.09,1,1,SYSTEM_ERROR
2026-03-14T00:17:48+00:00,api/normal,0.67,0,1,none
2026-03-14T00:17:49+00:00,api/slow,1120.26,0,1,none
2026-03-14T00:17:49+00:00,api/normal,0.66,0,1,none
2026-03-14T00:17:51+00:00,api/slow,1810.81,0,1,none
2026-03-14T00:17:51+00:00,api/normal,1.18,0,1,none
2026-03-14T00:17:51+00:00,api/normal,0.65,0,1,none
2026-03-14T00:17:51+00:00,api/normal,0.67,0,1,none
2026-03-14T00:17:52+00:00,api/slow,1024.38,0,1,none
2026-03-14T00:17:52+00:00,api/normal,0.81,0,1,none
2026-03-14T00:17:52+00:00,api/normal,0.66,0,1,none
2026-03-14T00:17:52+00:00,api/normal,0.68,0,1,none
2026-03-14T00:17:52+00:00,api/normal,0.64,0,1,none
2026-03-14T00:17:52+00:00,api/normal,0.64,0,1,none
2026-03-14T00:17:52+00:00,api/normal,0.77,0,1,none
2026-03-14T00:17:52+00:00,api/normal,0.66,0,1,none
2026-03-14T00:17:52+00:00,api/normal,0.64,0,1,none
2026-03-14T00:17:52+00:00,api/normal,0.75,0,1,none
2026-03-14T00:17:52+00:00,api/normal,0.72,0,1,none
2026-03-14T00:17:52+00:00,api/normal,0.66,0,1,none
2026-03-14T00:17:52+00:00,api/normal,0.66,0,1,none
2026-03-14T00:17:52+00:00,api/error,1.79,1,1,SYSTEM_ERROR
2026-03-14T00:17:52+00:00,api/normal,0.64,0,1,none
2026-03-14T00:17:54+00:00,api/slow,1406.67,0,1,none
2026-03-14T00:17:54+00:00,api/normal,1.13,0,1,none
2026-03-14T00:17:55+00:00,api/slow,1520.33,0,1,none
2026-03-14T00:17:55+00:00,api/error,1.93,1,1,SYSTEM_ERROR
2026-03-14T00:17:55+00:00,api/normal,0.66,0,1,none
2026-03-14T00:17:55+00:00,api/normal,0.67,0,1,none
2026-03-14T00:17:55+00:00,api/normal,0.67,0,1,none
2026-03-14T00:17:55+00:00,api/normal,0.67,0,1,none
2026-03-14T00:17:57+00:00,api/slow,1581.76,0,1,none
2026-03-14T00:17:57+00:00,api/normal,1.18,0,1,none
2026-03-14T00:17:57+00:00,api/normal,0.65,0,1,none
2026-03-14T00:17:59+00:00,api/slow,1916.01,0,1,none
2026-03-14T00:17:59+00:00,api/normal,0.81,0,1,none
2026-03-14T00:18:00+00:00,api/slow,1384.83,0,1,none
2026-03-14T00:18:00+00:00,api/normal,1.15,0,1,none
2026-03-14T00:18:00+00:00,api/normal,0.65,0,1,none
2026-03-14T00:18:02+00:00,api/slow,1940.53,0,1,none
2026-03-14T00:18:02+00:00,api/normal,0.67,0,1,none
2026-03-14T00:18:02+00:00,api/normal,0.67,0,1,none
2026-03-14T00:18:02+00:00,api/normal,0.64,0,1,none
2026-03-14T00:18:02+00:00,api/normal,0.64,0,1,none
2026-03-14T00:18:08+00:00,api/slow,6009.34,0,1,TIMEOUT_ERROR
2026-03-14T00:18:09+00:00,api/slow,1052.19,0,1,none
2026-03-14T00:18:09+00:00,api/normal,0.67,0,1,none
2026-03-14T00:18:10+00:00,api/normal,0.65,0,1,none
2026-03-14T00:18:10+00:00,api/normal,0.75,0,1,none
2026-03-14T00:18:10+00:00,api/normal,0.65,0,1,none
2026-03-14T00:18:17+00:00,api/slow,7010.13,0,1,TIMEOUT_ERROR
2026-03-14T00:18:17+00:00,api/normal,1.48,0,1,none
2026-03-14T00:18:17+00:00,api/normal,0.68,0,1,none
2026-03-14T00:18:17+00:00,api/normal,0.72,0,1,none
2026-03-14T00:18:19+00:00,api/slow,1909.62,0,1,none
2026-03-14T00:18:19+00:00,api/validate,2.03,1,1,UNKNOWN
2026-03-14T00:18:19+00:00,api/normal,0.65,0,1,none
2026-03-14T00:18:19+00:00,api/normal,0.7,0,1,none
2026-03-14T00:18:19+00:00,api/db,3.36,0,1,none
2026-03-14T00:18:19+00:00,api/validate,1.51,1,1,UNKNOWN
2026-03-14T00:18:26+00:00,api/slow,7015.43,0,1,TIMEOUT_ERROR
2026-03-14T00:18:27+00:00,api/slow,1034.13,0,1,none
2026-03-14T00:18:29+00:00,api/slow,1994.31,0,1,none
2026-03-14T00:18:29+00:00,api/normal,1.14,0,1,none
2026-03-14T00:18:29+00:00,api/normal,0.64,0,1,none
2026-03-14T00:18:29+00:00,api/normal,0.65,0,1,none
2026-03-14T00:18:29+00:00,api/normal,0.65,0,1,none
2026-03-14T00:18:29+00:00,api/normal,0.68,0,1,none
2026-03-14T00:18:29+00:00,api/normal,0.66,0,1,none
2026-03-14T00:18:29+00:00,api/normal,0.66,0,1,none
2026-03-14T00:18:29+00:00,api/normal,0.65,0,1,none
2026-03-14T00:18:29+00:00,api/normal,0.8,0,1,none
2026-03-14T00:18:30+00:00,api/slow,1139.72,0,1,none
2026-03-14T00:18:30+00:00,api/normal,0.65,0,1,none
2026-03-14T00:18:30+00:00,api/normal,0.82,0,1,none
2026-03-14T00:18:30+00:00,api/normal,0.66,0,1,none
2026-03-14T00:18:30+00:00,api/normal,0.64,0,1,none
2026-03-14T00:18:30+00:00,api/normal,0.65,0,1,none
2026-03-14T00:18:30+00:00,api/normal,0.66,0,1,none
2026-03-14T00:18:30+00:00,api/normal,0.73,0,1,none
2026-03-14T00:18:30+00:00,api/normal,0.68,0,1,none
2026-03-14T00:18:30+00:00,api/normal,0.66,0,1,none
2026-03-14T00:18:30+00:00,api/normal,0.77,0,1,none
2026-03-14T00:18:30+00:00,api/normal,0.67,0,1,none
2026-03-14T00:18:30+00:00,api/normal,0.69,0,1,none
2026-03-14T00:18:30+00:00,api/normal,0.65,0,1,none
2026-03-14T00:18:30+00:00,api/normal,0.74,0,1,none
2026-03-14T00:18:30+00:00,api/normal,0.66,0,1,none
2026-03-14T00:18:30+00:00,api/db,15.77,0,1,none
2026-03-14T00:18:32+00:00,api/slow,1487.49,0,1,none
2026-03-14T00:18:32+00:00,api/normal,1.13,0,1,none
2026-03-14T00:18:33+00:00,api/slow,1075.6,0,1,none
2026-03-14T00:18:40+00:00,api/slow,7009.77,0,1,TIMEOUT_ERROR
2026-03-14T00:18:42+00:00,api/slow,1462.79,0,1,none
2026-03-14T00:18:42+00:00,api/normal,1.01,0,1,none
2026-03-14T00:18:42+00:00,api/normal,0.73,0,1,none
2026-03-14T00:18:42+00:00,api/normal,0.71,0,1,none
2026-03-14T00:18:42+00:00,api/normal,0.72,0,1,none
2026-03-14T00:18:42+00:00,api/normal,0.72,0,1,none
2026-03-14T00:18:42+00:00,api/error,2.06,1,1,SYSTEM_ERROR
2026-03-14T00:18:42+00:00,api/normal,0.9,0,1,none
2026-03-14T00:18:42+00:00,api/normal,0.75,0,1,none
2026-03-14T00:18:42+00:00,api/normal,0.72,0,1,none
2026-03-14T00:18:42+00:00,api/normal,0.73,0,1,none
2026-03-14T00:18:43+00:00,api/slow,1256.41,0,1,none
2026-03-14T00:18:44+00:00,api/slow,1275.85,0,1,none
2026-03-14T00:18:46+00:00,api/slow,1302.76,0,1,none
2026-03-14T00:18:46+00:00,api/normal,1.16,0,1,none
2026-03-14T00:18:46+00:00,api/normal,0.65,0,1,none
2026-03-14T00:18:46+00:00,api/db,2.86,0,1,none
2026-03-14T00:18:48+00:00,api/slow,1867.52,0,1,none
2026-03-14T00:18:48+00:00,api/error,1.87,1,1,SYSTEM_ERROR
2026-03-14T00:18:48+00:00,api/normal,0.64,0,1,none
2026-03-14T00:18:48+00:00,api/error,1.68,1,1,SYSTEM_ERROR
2026-03-14T00:18:48+00:00,api/normal,0.65,0,1,none
2026-03-14T00:18:49+00:00,api/slow,1059.39,0,1,none
2026-03-14T00:18:49+00:00,api/normal,1.33,0,1,none
2026-03-14T00:18:49+00:00,api/error,1.6,1,1,SYSTEM_ERROR
2026-03-14T00:18:49+00:00,api/normal,0.65,0,1,none
2026-03-14T00:18:55+00:00,api/slow,6007.44,0,1,TIMEOUT_ERROR
2026-03-14T00:18:55+00:00,api/normal,3.98,0,1,none
2026-03-14T00:18:55+00:00,api/normal,0.67,0,1,none
2026-03-14T00:18:55+00:00,api/normal,0.65,0,1,none
2026-03-14T00:18:56+00:00,api/slow,1486.77,0,1,none
2026-03-14T00:18:56+00:00,api/normal,0.69,0,1,none
2026-03-14T00:18:57+00:00,api/error,3.6,1,1,SYSTEM_ERROR
2026-03-14T00:18:57+00:00,api/normal,0.72,0,1,none
2026-03-14T00:18:57+00:00,api/normal,0.81,0,1,none
2026-03-14T00:18:58+00:00,api/slow,1576.12,0,1,none
2026-03-14T00:18:58+00:00,api/normal,0.71,0,1,none
2026-03-14T00:18:59+00:00,api/slow,1227.74,0,1,none
2026-03-14T00:19:01+00:00,api/slow,1675.26,0,1,none
2026-03-14T00:19:03+00:00,api/slow,1805.17,0,1,none
2026-03-14T00:19:03+00:00,api/normal,0.72,0,1,none
2026-03-14T00:19:03+00:00,api/normal,0.66,0,1,none
2026-03-14T00:19:10+00:00,api/slow,7002.41,0,1,TIMEOUT_ERROR
2026-03-14T00:19:10+00:00,api/normal,1.13,0,1,none
2026-03-14T00:19:10+00:00,api/normal,0.66,0,1,none
2026-03-14T00:19:10+00:00,api/normal,0.75,0,1,none
2026-03-14T00:19:12+00:00,api/slow,1969.92,0,1,none
2026-03-14T00:19:12+00:00,api/normal,0.71,0,1,none
2026-03-14T00:19:12+00:00,api/normal,0.73,0,1,none
2026-03-14T00:19:12+00:00,api/normal,0.67,0,1,none
2026-03-14T00:19:14+00:00,api/slow,1922.74,0,1,none
2026-03-14T00:19:14+00:00,api/normal,1.25,0,1,none
2026-03-14T00:19:16+00:00,api/slow,1973.05,0,1,none
2026-03-14T00:19:16+00:00,api/db,2.68,0,1,none
2026-03-14T00:19:18+00:00,api/slow,1403.11,0,1,none
2026-03-14T00:19:18+00:00,api/normal,1.14,0,1,none
2026-03-14T00:19:18+00:00,api/normal,0.64,0,1,none
2026-03-14T00:19:18+00:00,api/normal,0.67,0,1,none
2026-03-14T00:19:25+00:00,api/slow,7011.01,0,1,TIMEOUT_ERROR
2026-03-14T00:19:26+00:00,api/slow,1394.92,0,1,none
2026-03-14T00:19:26+00:00,api/normal,0.68,0,1,none
2026-03-14T00:19:26+00:00,api/normal,0.64,0,1,none
2026-03-14T00:19:26+00:00,api/normal,0.87,0,1,none
2026-03-14T00:19:26+00:00,api/normal,0.77,0,1,none
2026-03-14T00:19:26+00:00,api/normal,0.77,0,1,none
2026-03-14T00:19:26+00:00,api/normal,0.68,0,1,none
2026-03-14T00:19:26+00:00,api/normal,0.67,0,1,none
2026-03-14T00:19:28+00:00,api/slow,1690.22,0,1,none
2026-03-14T00:19:28+00:00,api/normal,0.67,0,1,none
2026-03-14T00:19:28+00:00,api/normal,0.65,0,1,none
2026-03-14T00:19:28+00:00,api/db,2.39,0,1,none
2026-03-14T00:19:28+00:00,api/normal,0.77,0,1,none
2026-03-14T00:19:30+00:00,api/slow,1940.11,0,1,none
2026-03-14T00:19:30+00:00,api/normal,0.66,0,1,none
2026-03-14T00:19:30+00:00,api/normal,0.65,0,1,none
2026-03-14T00:19:30+00:00,api/normal,0.67,0,1,none
2026-03-14T00:19:30+00:00,api/normal,0.66,0,1,none
2026-03-14T00:19:32+00:00,api/slow,1884.29,0,1,none
2026-03-14T00:19:32+00:00,api/normal,1.27,0,1,none
2026-03-14T00:19:32+00:00,api/normal,0.67,0,1,none
2026-03-14T00:19:32+00:00,api/normal,0.65,0,1,none
2026-03-14T00:19:32+00:00,api/normal,0.64,0,1,none
2026-03-14T00:19:32+00:00,api/normal,0.76,0,1,none
2026-03-14T00:19:32+00:00,api/validate,1.9,1,1,UNKNOWN
2026-03-14T00:19:32+00:00,api/normal,0.67,0,1,none
2026-03-14T00:19:32+00:00,api/normal,0.66,0,1,none
2026-03-14T00:19:32+00:00,api/normal,0.98,0,1,none
2026-03-14T00:19:34+00:00,api/slow,1942.42,0,1,none
2026-03-14T00:19:34+00:00,api/normal,0.69,0,1,none
2026-03-14T00:19:34+00:00,api/normal,0.67,0,1,none
2026-03-14T00:19:34+00:00,api/normal,0.65,0,1,none
2026-03-14T00:19:34+00:00,api/normal,0.73,0,1,none
2026-03-14T00:19:34+00:00,api/normal,0.68,0,1,none
2026-03-14T00:19:34+00:00,api/normal,0.68,0,1,none
2026-03-14T00:19:40+00:00,api/slow,6012.78,0,1,TIMEOUT_ERROR
2026-03-14T00:19:40+00:00,api/normal,1.11,0,1,none
2026-03-14T00:19:42+00:00,api/slow,1453.65,0,1,none
2026-03-14T00:19:42+00:00,api/normal,0.73,0,1,none
2026-03-14T00:19:49+00:00,api/slow,7012.11,0,1,TIMEOUT_ERROR
2026-03-14T00:19:49+00:00,api/normal,1.4,0,1,none
2026-03-14T00:19:54+00:00,api/slow,5007.56,0,1,TIMEOUT_ERROR
2026-03-14T00:19:54+00:00,api/normal,1.12,0,1,none
2026-03-14T00:19:54+00:00,api/error,1.85,1,1,SYSTEM_ERROR
2026-03-14T00:19:54+00:00,api/normal,0.66,0,1,none
2026-03-14T00:19:54+00:00,api/normal,0.66,0,1,none
2026-03-14T00:19:54+00:00,api/error,1.49,1,1,SYSTEM_ERROR
2026-03-14T00:19:54+00:00,api/normal,0.66,0,1,none
2026-03-14T00:19:54+00:00,api/normal,0.64,0,1,none
2026-03-14T00:19:56+00:00,api/slow,1589.72,0,1,none
2026-03-14T00:19:57+00:00,api/slow,1067.05,0,1,none
2026-03-14T00:19:57+00:00,api/normal,1.12,0,1,none
2026-03-14T00:19:57+00:00,api/normal,0.88,0,1,none
2026-03-14T00:19:57+00:00,api/normal,0.8,0,1,none
2026-03-14T00:19:58+00:00,api/slow,1700.07,0,1,none
2026-03-14T00:19:58+00:00,api/normal,0.65,0,1,none
2026-03-14T00:19:58+00:00,api/db,2.76,0,1,none
2026-03-14T00:20:00+00:00,api/slow,1603.69,0,1,none
2026-03-14T00:20:00+00:00,api/normal,1.23,0,1,none
2026-03-14T00:20:00+00:00,api/normal,0.73,0,1,none
2026-03-14T00:20:00+00:00,api/normal,0.64,0,1,none
2026-03-14T00:20:00+00:00,api/normal,0.67,0,1,none
2026-03-14T00:20:05+00:00,api/slow,5007.96,0,1,TIMEOUT_ERROR
2026-03-14T00:20:05+00:00,api/normal,1.4,0,1,none
2026-03-14T00:20:07+00:00,api/slow,1361.3,0,1,none
2026-03-14T00:20:07+00:00,api/error,1.93,1,1,SYSTEM_ERROR
2026-03-14T00:20:12+00:00,api/slow,5006.13,0,1,TIMEOUT_ERROR
2026-03-14T00:20:12+00:00,api/normal,1.28,0,1,none
2026-03-14T00:20:12+00:00,api/normal,0.65,0,1,none
2026-03-14T00:20:12+00:00,api/normal,0.64,0,1,none
2026-03-14T00:20:12+00:00,api/normal,0.66,0,1,none
2026-03-14T00:20:12+00:00,api/normal,0.74,0,1,none
2026-03-14T00:20:12+00:00,api/error,1.89,1,1,SYSTEM_ERROR
2026-03-14T00:20:12+00:00,api/normal,0.66,0,1,none
2026-03-14T00:20:12+00:00,api/normal,0.65,0,1,none
2026-03-14T00:20:12+00:00,api/normal,0.65,0,1,none
2026-03-14T00:20:12+00:00,api/normal,0.65,0,1,none
2026-03-14T00:20:12+00:00,api/error,1.5,1,1,SYSTEM_ERROR
2026-03-14T00:20:12+00:00,api/normal,0.67,0,1,none
2026-03-14T00:20:13+00:00,api/slow,1590.72,0,1,none
2026-03-14T00:20:13+00:00,api/error,1.61,1,1,SYSTEM_ERROR
2026-03-14T00:20:13+00:00,api/normal,0.65,0,1,none
2026-03-14T00:20:13+00:00,api/validate,1.73,1,1,UNKNOWN
2026-03-14T00:20:13+00:00,api/normal,0.66,0,1,none
2026-03-14T00:20:14+00:00,api/db,2.92,0,1,none
2026-03-14T00:20:14+00:00,api/normal,0.64,0,1,none
2026-03-14T00:20:14+00:00,api/normal,0.67,0,1,none
2026-03-14T00:20:14+00:00,api/normal,0.65,0,1,none
2026-03-14T00:20:16+00:00,api/slow,1974.11,0,1,none
2026-03-14T00:20:16+00:00,api/normal,0.83,0,1,none
2026-03-14T00:20:16+00:00,api/normal,0.67,0,1,none
2026-03-14T00:20:16+00:00,api/normal,0.66,0,1,none
2026-03-14T00:20:16+00:00,api/normal,0.8,0,1,none
2026-03-14T00:20:17+00:00,api/slow,1066.83,0,1,none
2026-03-14T00:20:17+00:00,api/normal,1.22,0,1,none
2026-03-14T00:20:17+00:00,api/normal,0.79,0,1,none
2026-03-14T00:20:17+00:00,api/normal,0.67,0,1,none
2026-03-14T00:20:17+00:00,api/normal,1.13,0,1,none
2026-03-14T00:20:17+00:00,api/normal,0.67,0,1,none
2026-03-14T00:20:17+00:00,api/normal,0.66,0,1,none
2026-03-14T00:20:17+00:00,api/normal,0.67,0,1,none
2026-03-14T00:20:18+00:00,api/slow,1233.87,0,1,none
2026-03-14T00:20:23+00:00,api/slow,5015.38,0,1,TIMEOUT_ERROR
2026-03-14T00:20:23+00:00,api/normal,1.13,0,1,none
2026-03-14T00:20:23+00:00,api/normal,0.67,0,1,none
2026-03-14T00:20:23+00:00,api/normal,0.67,0,1,none
2026-03-14T00:20:23+00:00,api/normal,0.69,0,1,none
2026-03-14T00:20:24+00:00,api/slow,1214.94,0,1,none
2026-03-14T00:20:24+00:00,api/db,3.47,0,1,none
2026-03-14T00:20:26+00:00,api/slow,1888.02,0,1,none
2026-03-14T00:20:26+00:00,api/normal,1.11,0,1,none
2026-03-14T00:20:26+00:00,api/normal,0.65,0,1,none
2026-03-14T00:20:26+00:00,api/normal,0.64,0,1,none
2026-03-14T00:20:26+00:00,api/normal,0.65,0,1,none
2026-03-14T00:20:28+00:00,api/slow,1886.5,0,1,none
2026-03-14T00:20:28+00:00,api/normal,0.65,0,1,none
2026-03-14T00:20:28+00:00,api/normal,0.66,0,1,none
2026-03-14T00:20:28+00:00,api/validate,1.79,1,1,UNKNOWN
2026-03-14T00:20:30+00:00,api/slow,1699.73,0,1,none
2026-03-14T00:20:30+00:00,api/normal,1.16,0,1,none
2026-03-14T00:20:32+00:00,api/slow,1895.67,0,1,none
2026-03-14T00:20:34+00:00,api/slow,1501.82,0,1,none
2026-03-14T00:20:34+00:00,api/normal,1.12,0,1,none
2026-03-14T00:20:34+00:00,api/normal,0.65,0,1,none
2026-03-14T00:20:34+00:00,api/normal,0.68,0,1,none
2026-03-14T00:20:36+00:00,api/slow,1967.61,0,1,none
2026-03-14T00:20:37+00:00,api/slow,1690.83,0,1,none
2026-03-14T00:20:37+00:00,api/normal,1.15,0,1,none
2026-03-14T00:20:37+00:00,api/normal,0.64,0,1,none
2026-03-14T00:20:37+00:00,api/normal,0.65,0,1,none
2026-03-14T00:20:37+00:00,api/normal,0.76,0,1,none
2026-03-14T00:20:37+00:00,api/normal,0.66,0,1,none
2026-03-14T00:20:37+00:00,api/normal,0.81,0,1,none
2026-03-14T00:20:39+00:00,api/slow,1053.94,0,1,none
2026-03-14T00:20:39+00:00,api/normal,0.65,0,1,none
2026-03-14T00:20:39+00:00,api/error,1.86,1,1,SYSTEM_ERROR
2026-03-14T00:20:39+00:00,api/db,14.45,0,1,none
2026-03-14T00:20:39+00:00,api/normal,0.67,0,1,none
2026-03-14T00:20:46+00:00,api/slow,7002.27,0,1,TIMEOUT_ERROR
2026-03-14T00:20:46+00:00,api/error,2.48,1,1,SYSTEM_ERROR
2026-03-14T00:20:46+00:00,api/normal,0.67,0,1,none
2026-03-14T00:20:46+00:00,api/normal,0.65,0,1,none
2026-03-14T00:20:46+00:00,api/normal,0.65,0,1,none
2026-03-14T00:20:47+00:00,api/slow,1681.82,0,1,none
2026-03-14T00:20:47+00:00,api/normal,0.72,0,1,none
2026-03-14T00:20:49+00:00,api/slow,1375.27,0,1,none
2026-03-14T00:20:49+00:00,api/normal,1.31,0,1,none
2026-03-14T00:20:49+00:00,api/normal,0.81,0,1,none
2026-03-14T00:20:49+00:00,api/normal,0.71,0,1,none
2026-03-14T00:20:49+00:00,api/db,3.21,0,1,none
2026-03-14T00:20:50+00:00,api/slow,1278.68,0,1,none
2026-03-14T00:20:51+00:00,api/slow,1212.71,0,1,none
2026-03-14T00:20:51+00:00,api/normal,0.65,0,1,none
2026-03-14T00:20:51+00:00,api/normal,0.64,0,1,none
2026-03-14T00:20:52+00:00,api/db,2.77,0,1,none
2026-03-14T00:20:59+00:00,api/slow,7007.77,0,1,TIMEOUT_ERROR
2026-03-14T00:20:59+00:00,api/normal,1.13,0,1,none
2026-03-14T00:20:59+00:00,api/normal,0.64,0,1,none
2026-03-14T00:20:59+00:00,api/normal,0.65,0,1,none
2026-03-14T00:20:59+00:00,api/normal,0.65,0,1,none
2026-03-14T00:20:59+00:00,api/normal,0.79,0,1,none
2026-03-14T00:20:59+00:00,api/normal,0.7,0,1,none
2026-03-14T00:20:59+00:00,api/normal,0.68,0,1,none
2026-03-14T00:21:01+00:00,api/slow,2005.48,0,1,none
2026-03-14T00:21:07+00:00,api/slow,6006.97,0,1,TIMEOUT_ERROR
2026-03-14T00:21:07+00:00,api/normal,0.94,0,1,none
2026-03-14T00:21:07+00:00,api/db,2.52,0,1,none
2026-03-14T00:21:07+00:00,api/normal,0.77,0,1,none
2026-03-14T00:21:07+00:00,api/normal,0.71,0,1,none
2026-03-14T00:21:07+00:00,api/normal,0.75,0,1,none
2026-03-14T00:21:09+00:00,api/slow,1996.8,0,1,none
2026-03-14T00:21:09+00:00,api/error,3.86,1,1,SYSTEM_ERROR
2026-03-14T00:21:09+00:00,api/normal,0.66,0,1,none
2026-03-14T00:21:09+00:00,api/normal,0.71,0,1,none
2026-03-14T00:21:09+00:00,api/normal,0.73,0,1,none
2026-03-14T00:21:09+00:00,api/error,1.61,1,1,SYSTEM_ERROR
2026-03-14T00:21:09+00:00,api/normal,0.66,0,1,none
2026-03-14T00:21:09+00:00,api/normal,0.67,0,1,none
2026-03-14T00:21:09+00:00,api/normal,0.67,0,1,none
2026-03-14T00:21:09+00:00,api/validate,1.63,1,1,UNKNOWN
2026-03-14T00:21:09+00:00,api/normal,0.83,0,1,none
2026-03-14T00:21:16+00:00,api/slow,7002.71,0,1,TIMEOUT_ERROR
2026-03-14T00:21:16+00:00,api/normal,1.2,0,1,none
2026-03-14T00:21:16+00:00,api/normal,0.66,0,1,none
2026-03-14T00:21:18+00:00,api/slow,1423.49,0,1,none
2026-03-14T00:21:18+00:00,api/normal,0.67,0,1,none
2026-03-14T00:21:18+00:00,api/normal,0.8,0,1,none
2026-03-14T00:21:18+00:00,api/normal,0.66,0,1,none
2026-03-14T00:21:19+00:00,api/slow,1395.76,0,1,none
2026-03-14T00:21:19+00:00,api/normal,1.21,0,1,none
2026-03-14T00:21:19+00:00,api/normal,0.65,0,1,none
2026-03-14T00:21:19+00:00,api/normal,0.68,0,1,none
2026-03-14T00:21:19+00:00,api/normal,0.79,0,1,none
2026-03-14T00:21:19+00:00,api/normal,2,0,1,none
2026-03-14T00:21:19+00:00,api/normal,0.77,0,1,none
2026-03-14T00:21:19+00:00,api/db,2.77,0,1,none
2026-03-14T00:21:19+00:00,api/normal,0.81,0,1,none
2026-03-14T00:21:19+00:00,api/normal,1.16,0,1,none
2026-03-14T00:21:19+00:00,api/normal,0.81,0,1,none
2026-03-14T00:21:21+00:00,api/slow,1107.15,0,1,none
2026-03-14T00:21:21+00:00,api/normal,0.65,0,1,none
2026-03-14T00:21:21+00:00,api/normal,0.65,0,1,none
2026-03-14T00:21:22+00:00,api/slow,1841.59,0,1,none
2026-03-14T00:21:22+00:00,api/db,3.36,0,1,none
2026-03-14T00:21:22+00:00,api/normal,0.68,0,1,none
2026-03-14T00:21:22+00:00,api/normal,0.69,0,1,none
2026-03-14T00:21:22+00:00,api/normal,0.65,0,1,none
2026-03-14T00:21:22+00:00,api/normal,0.64,0,1,none
2026-03-14T00:21:23+00:00,api/normal,0.66,0,1,none
2026-03-14T00:21:23+00:00,api/normal,0.72,0,1,none
2026-03-14T00:21:23+00:00,api/normal,1.04,0,1,none
2026-03-14T00:21:23+00:00,api/normal,0.72,0,1,none
2026-03-14T00:21:23+00:00,api/db,2.72,0,1,none
2026-03-14T00:21:23+00:00,api/normal,0.67,0,1,none
2026-03-14T00:21:23+00:00,api/normal,0.65,0,1,none
2026-03-14T00:21:24+00:00,api/slow,1123.52,0,1,none
2026-03-14T00:21:25+00:00,api/slow,1315.69,0,1,none
2026-03-14T00:21:25+00:00,api/normal,1.13,0,1,none
2026-03-14T00:21:25+00:00,api/error,1.81,1,1,SYSTEM_ERROR
2026-03-14T00:21:25+00:00,api/error,1.6,1,1,SYSTEM_ERROR
2026-03-14T00:21:25+00:00,api/normal,0.65,0,1,none
2026-03-14T00:21:25+00:00,api/normal,0.67,0,1,none
2026-03-14T00:21:25+00:00,api/normal,0.65,0,1,none
2026-03-14T00:21:25+00:00,api/normal,0.65,0,1,none
2026-03-14T00:21:25+00:00,api/normal,0.65,0,1,none
2026-03-14T00:21:25+00:00,api/normal,0.64,0,1,none
2026-03-14T00:21:26+00:00,api/slow,1166.88,0,1,none
2026-03-14T00:21:26+00:00,api/normal,1.37,0,1,none
2026-03-14T00:21:26+00:00,api/normal,0.66,0,1,none
2026-03-14T00:21:26+00:00,api/normal,0.72,0,1,none
2026-03-14T00:21:27+00:00,api/normal,0.66,0,1,none
2026-03-14T00:21:27+00:00,api/normal,0.79,0,1,none
2026-03-14T00:21:27+00:00,api/normal,0.77,0,1,none
2026-03-14T00:21:27+00:00,api/normal,0.65,0,1,none
2026-03-14T00:21:27+00:00,api/normal,0.64,0,1,none
2026-03-14T00:21:28+00:00,api/slow,1852.72,0,1,none
2026-03-14T00:21:33+00:00,api/slow,5003.26,0,1,TIMEOUT_ERROR
2026-03-14T00:21:33+00:00,api/normal,1.22,0,1,none
2026-03-14T00:21:34+00:00,api/normal,1.35,0,1,none
2026-03-14T00:21:40+00:00,api/slow,6011.22,0,1,TIMEOUT_ERROR
2026-03-14T00:21:46+00:00,api/slow,6012.24,0,1,TIMEOUT_ERROR
2026-03-14T00:21:46+00:00,api/normal,1.13,0,1,none
2026-03-14T00:21:47+00:00,api/slow,1336.43,0,1,none
2026-03-14T00:21:54+00:00,api/slow,7008.23,0,1,TIMEOUT_ERROR
2026-03-14T00:21:54+00:00,api/normal,1.15,0,1,none
2026-03-14T00:21:54+00:00,api/normal,0.65,0,1,none
2026-03-14T00:21:54+00:00,api/normal,0.71,0,1,none
2026-03-14T00:21:55+00:00,api/slow,1262.73,0,1,none
2026-03-14T00:21:57+00:00,api/slow,1351.38,0,1,none
2026-03-14T00:21:57+00:00,api/normal,1.15,0,1,none
2026-03-14T00:21:57+00:00,api/normal,0.75,0,1,none
2026-03-14T00:21:57+00:00,api/normal,0.81,0,1,none
2026-03-14T00:21:57+00:00,api/normal,0.89,0,1,none
2026-03-14T00:21:57+00:00,api/normal,0.91,0,1,none
2026-03-14T00:21:57+00:00,api/normal,1.03,0,1,none
2026-03-14T00:21:57+00:00,api/normal,0.73,0,1,none
2026-03-14T00:21:57+00:00,api/normal,1.02,0,1,none
2026-03-14T00:21:57+00:00,api/db,27.89,0,1,none
2026-03-14T00:21:57+00:00,api/normal,0.66,0,1,none
2026-03-14T00:21:57+00:00,api/normal,0.96,0,1,none
2026-03-14T00:21:57+00:00,api/normal,0.68,0,1,none
2026-03-14T00:21:57+00:00,api/normal,0.66,0,1,none
2026-03-14T00:21:59+00:00,api/slow,1949.25,0,1,none
2026-03-14T00:21:59+00:00,api/normal,0.7,0,1,none
2026-03-14T00:21:59+00:00,api/normal,0.66,0,1,none
2026-03-14T00:21:59+00:00,api/normal,0.68,0,1,none
2026-03-14T00:21:59+00:00,api/normal,0.65,0,1,none
2026-03-14T00:21:59+00:00,api/normal,0.66,0,1,none
2026-03-14T00:22:01+00:00,api/slow,1980.72,0,1,none
2026-03-14T00:22:01+00:00,api/normal,1.25,0,1,none
2026-03-14T00:22:03+00:00,api/slow,1860.14,0,1,none
2026-03-14T00:22:03+00:00,api/normal,0.67,0,1,none
2026-03-14T00:22:03+00:00,api/normal,0.67,0,1,none
2026-03-14T00:22:03+00:00,api/normal,0.66,0,1,none
2026-03-14T00:22:03+00:00,api/normal,0.75,0,1,none
2026-03-14T00:22:05+00:00,api/slow,1577.44,0,1,none
2026-03-14T00:22:05+00:00,api/normal,1.24,0,1,none
2026-03-14T00:22:05+00:00,api/normal,0.63,0,1,none
2026-03-14T00:22:05+00:00,api/normal,0.67,0,1,none
2026-03-14T00:22:05+00:00,api/error,1.8,1,1,SYSTEM_ERROR
2026-03-14T00:22:06+00:00,api/slow,1606.13,0,1,none
2026-03-14T00:22:06+00:00,api/normal,0.92,0,1,none
2026-03-14T00:22:06+00:00,api/normal,0.71,0,1,none
2026-03-14T00:22:06+00:00,api/normal,0.76,0,1,none
2026-03-14T00:22:06+00:00,api/normal,0.68,0,1,none
2026-03-14T00:22:06+00:00,api/normal,0.65,0,1,none
2026-03-14T00:22:06+00:00,api/normal,0.65,0,1,none
2026-03-14T00:22:06+00:00,api/normal,0.68,0,1,none
2026-03-14T00:22:06+00:00,api/normal,0.65,0,1,none
2026-03-14T00:22:07+00:00,api/error,2.64,1,1,SYSTEM_ERROR
2026-03-14T00:22:07+00:00,api/normal,1.27,0,1,none
2026-03-14T00:22:07+00:00,api/normal,0.66,0,1,none
2026-03-14T00:22:07+00:00,api/normal,1.02,0,1,none
2026-03-14T00:22:08+00:00,api/slow,1749.53,0,1,none
2026-03-14T00:22:10+00:00,api/slow,1277.18,0,1,none
2026-03-14T00:22:10+00:00,api/normal,0.66,0,1,none
2026-03-14T00:22:10+00:00,api/normal,0.64,0,1,none
2026-03-14T00:22:10+00:00,api/error,1.8,1,1,SYSTEM_ERROR
2026-03-14T00:22:10+00:00,api/normal,0.65,0,1,none
2026-03-14T00:22:10+00:00,api/normal,0.67,0,1,none
2026-03-14T00:22:10+00:00,api/normal,0.65,0,1,none
2026-03-14T00:22:12+00:00,api/slow,1889.26,0,1,none
2026-03-14T00:22:12+00:00,api/normal,1.14,0,1,none
2026-03-14T00:22:12+00:00,api/normal,0.65,0,1,none
2026-03-14T00:22:12+00:00,api/db,2.92,0,1,none
2026-03-14T00:22:12+00:00,api/normal,0.68,0,1,none
2026-03-14T00:22:12+00:00,api/normal,0.65,0,1,none
2026-03-14T00:22:18+00:00,api/slow,6002.07,0,1,TIMEOUT_ERROR
2026-03-14T00:22:18+00:00,api/validate,5.03,1,1,UNKNOWN
2026-03-14T00:22:18+00:00,api/normal,0.65,0,1,none
2026-03-14T00:22:18+00:00,api/normal,0.64,0,1,none
2026-03-14T00:22:18+00:00,api/normal,0.76,0,1,none
2026-03-14T00:22:18+00:00,api/normal,0.68,0,1,none
2026-03-14T00:22:18+00:00,api/normal,0.66,0,1,none
2026-03-14T00:22:18+00:00,api/normal,0.7,0,1,none
2026-03-14T00:22:18+00:00,api/normal,0.66,0,1,none
2026-03-14T00:22:18+00:00,api/normal,0.67,0,1,none
2026-03-14T00:22:18+00:00,api/normal,0.75,0,1,none
2026-03-14T00:22:18+00:00,api/normal,0.87,0,1,none
2026-03-14T00:22:18+00:00,api/normal,0.93,0,1,none
2026-03-14T00:22:18+00:00,api/validate,1.48,1,1,UNKNOWN
2026-03-14T00:22:18+00:00,api/normal,0.65,0,1,none
2026-03-14T00:22:18+00:00,api/normal,0.64,0,1,none
2026-03-14T00:22:24+00:00,api/slow,6002.75,0,1,TIMEOUT_ERROR
2026-03-14T00:22:24+00:00,api/normal,1.17,0,1,none
2026-03-14T00:22:24+00:00,api/normal,0.67,0,1,none
2026-03-14T00:22:24+00:00,api/normal,0.67,0,1,none
2026-03-14T00:22:24+00:00,api/normal,0.95,0,1,none
2026-03-14T00:22:24+00:00,api/normal,0.65,0,1,none
2026-03-14T00:22:24+00:00,api/normal,0.67,0,1,none
2026-03-14T00:22:24+00:00,api/error,1.8,1,1,SYSTEM_ERROR
2026-03-14T00:22:24+00:00,api/db,2.91,0,1,none
2026-03-14T00:22:24+00:00,api/normal,0.68,0,1,none
2026-03-14T00:22:24+00:00,api/validate,1.61,1,1,UNKNOWN
2026-03-14T00:22:26+00:00,api/slow,1861.62,0,1,none
2026-03-14T00:22:28+00:00,api/slow,1973.76,0,1,none
2026-03-14T00:22:28+00:00,api/normal,1.26,0,1,none
2026-03-14T00:22:28+00:00,api/normal,0.65,0,1,none
2026-03-14T00:22:28+00:00,api/normal,0.65,0,1,none
2026-03-14T00:22:28+00:00,api/normal,0.75,0,1,none
2026-03-14T00:22:34+00:00,api/slow,6008.27,0,1,TIMEOUT_ERROR
2026-03-14T00:22:34+00:00,api/normal,1.15,0,1,none
2026-03-14T00:22:34+00:00,api/normal,0.64,0,1,none
2026-03-14T00:22:36+00:00,api/slow,1722.71,0,1,none
2026-03-14T00:22:38+00:00,api/slow,1709.7,0,1,none
2026-03-14T00:22:38+00:00,api/normal,1.13,0,1,none
2026-03-14T00:22:38+00:00,api/normal,0.79,0,1,none
2026-03-14T00:22:38+00:00,api/normal,0.96,0,1,none
2026-03-14T00:22:38+00:00,api/normal,0.65,0,1,none
2026-03-14T00:22:38+00:00,api/normal,0.66,0,1,none
2026-03-14T00:22:38+00:00,api/error,1.78,1,1,SYSTEM_ERROR
2026-03-14T00:22:38+00:00,api/normal,0.73,0,1,none
2026-03-14T00:22:39+00:00,api/slow,1549.66,0,1,none
2026-03-14T00:22:39+00:00,api/normal,0.67,0,1,none
2026-03-14T00:22:39+00:00,api/normal,0.75,0,1,none
2026-03-14T00:22:40+00:00,api/normal,0.65,0,1,none
2026-03-14T00:22:40+00:00,api/normal,0.66,0,1,none
2026-03-14T00:22:41+00:00,api/slow,1067.52,0,1,none
2026-03-14T00:22:41+00:00,api/normal,1.17,0,1,none
2026-03-14T00:22:41+00:00,api/normal,0.69,0,1,none
2026-03-14T00:22:41+00:00,api/normal,0.65,0,1,none
2026-03-14T00:22:41+00:00,api/normal,0.91,0,1,none
2026-03-14T00:22:41+00:00,api/normal,0.72,0,1,none
2026-03-14T00:22:42+00:00,api/slow,1178.77,0,1,none
2026-03-14T00:22:42+00:00,api/normal,0.66,0,1,none
2026-03-14T00:22:42+00:00,api/db,3.15,0,1,none
2026-03-14T00:22:42+00:00,api/normal,0.67,0,1,none
2026-03-14T00:22:44+00:00,api/slow,1603.87,0,1,none
2026-03-14T00:22:44+00:00,api/normal,1.2,0,1,none
2026-03-14T00:22:44+00:00,api/normal,0.65,0,1,none
2026-03-14T00:22:44+00:00,api/normal,0.71,0,1,none
2026-03-14T00:22:44+00:00,api/normal,0.67,0,1,none
2026-03-14T00:22:44+00:00,api/normal,0.67,0,1,none
2026-03-14T00:22:44+00:00,api/normal,0.86,0,1,none
2026-03-14T00:22:44+00:00,api/normal,0.71,0,1,none
2026-03-14T00:22:49+00:00,api/slow,5007.48,0,1,TIMEOUT_ERROR
2026-03-14T00:22:49+00:00,api/normal,1.29,0,1,none
2026-03-14T00:22:51+00:00,api/slow,1951.26,0,1,none
2026-03-14T00:22:58+00:00,api/slow,7012.96,0,1,TIMEOUT_ERROR
2026-03-14T00:22:58+00:00,api/normal,1.42,0,1,none
2026-03-14T00:22:58+00:00,api/normal,0.65,0,1,none
2026-03-14T00:22:58+00:00,api/error,1.79,1,1,SYSTEM_ERROR
2026-03-14T00:22:58+00:00,api/normal,0.66,0,1,none
2026-03-14T00:22:58+00:00,api/normal,0.67,0,1,none
2026-03-14T00:22:58+00:00,api/normal,0.65,0,1,none
2026-03-14T00:22:58+00:00,api/normal,0.64,0,1,none
2026-03-14T00:22:58+00:00,api/normal,0.66,0,1,none
2026-03-14T00:22:58+00:00,api/normal,0.64,0,1,none
2026-03-14T00:22:59+00:00,api/slow,1339.24,0,1,none
2026-03-14T00:22:59+00:00,api/normal,0.73,0,1,none
2026-03-14T00:22:59+00:00,api/normal,0.66,0,1,none
2026-03-14T00:22:59+00:00,api/normal,0.67,0,1,none
2026-03-14T00:22:59+00:00,api/normal,0.65,0,1,none
2026-03-14T00:22:59+00:00,api/error,1.56,1,1,SYSTEM_ERROR
2026-03-14T00:23:01+00:00,api/slow,1934.9,0,1,none
2026-03-14T00:23:01+00:00,api/normal,4.14,0,1,none
2026-03-14T00:23:01+00:00,api/normal,0.65,0,1,none
2026-03-14T00:23:01+00:00,api/normal,0.66,0,1,none
2026-03-14T00:23:01+00:00,api/normal,0.67,0,1,none
2026-03-14T00:23:01+00:00,api/normal,0.68,0,1,none
2026-03-14T00:23:01+00:00,api/normal,0.67,0,1,none
2026-03-14T00:23:01+00:00,api/normal,0.68,0,1,none
2026-03-14T00:23:02+00:00,api/normal,0.65,0,1,none
2026-03-14T00:23:02+00:00,api/normal,0.83,0,1,none
2026-03-14T00:23:03+00:00,api/slow,1050.13,0,1,none
2026-03-14T00:23:03+00:00,api/normal,0.75,0,1,none
2026-03-14T00:23:03+00:00,api/normal,0.65,0,1,none
2026-03-14T00:23:03+00:00,api/normal,0.72,0,1,none
2026-03-14T00:23:03+00:00,api/normal,0.66,0,1,none
2026-03-14T00:23:03+00:00,api/error,1.96,1,1,SYSTEM_ERROR
2026-03-14T00:23:03+00:00,api/normal,0.65,0,1,none
2026-03-14T00:23:03+00:00,api/normal,0.7,0,1,none
2026-03-14T00:23:03+00:00,api/normal,0.88,0,1,none
2026-03-14T00:23:03+00:00,api/normal,0.7,0,1,none
2026-03-14T00:23:03+00:00,api/normal,0.63,0,1,none
2026-03-14T00:23:03+00:00,api/normal,0.77,0,1,none
2026-03-14T00:23:03+00:00,api/normal,0.77,0,1,none
2026-03-14T00:23:03+00:00,api/normal,0.67,0,1,none
2026-03-14T00:23:03+00:00,api/normal,1.15,0,1,none
2026-03-14T00:23:04+00:00,api/slow,1196.66,0,1,none
2026-03-14T00:23:04+00:00,api/normal,1.13,0,1,none
2026-03-14T00:23:04+00:00,api/normal,0.65,0,1,none
2026-03-14T00:23:04+00:00,api/normal,0.64,0,1,none
2026-03-14T00:23:04+00:00,api/normal,0.66,0,1,none
2026-03-14T00:23:04+00:00,api/normal,0.95,0,1,none
2026-03-14T00:23:04+00:00,api/normal,0.7,0,1,none
2026-03-14T00:23:04+00:00,api/normal,0.66,0,1,none
2026-03-14T00:23:04+00:00,api/db,2.87,0,1,none
2026-03-14T00:23:04+00:00,api/normal,0.64,0,1,none
2026-03-14T00:23:04+00:00,api/normal,0.65,0,1,none
2026-03-14T00:23:06+00:00,api/slow,1724.38,0,1,none
2026-03-14T00:23:06+00:00,api/normal,0.68,0,1,none
2026-03-14T00:23:06+00:00,api/normal,0.65,0,1,none
2026-03-14T00:23:06+00:00,api/normal,0.66,0,1,none
2026-03-14T00:23:06+00:00,api/normal,0.65,0,1,none
2026-03-14T00:23:06+00:00,api/normal,0.64,0,1,none
2026-03-14T00:23:06+00:00,api/normal,0.66,0,1,none
2026-03-14T00:23:06+00:00,api/normal,0.67,0,1,none
2026-03-14T00:23:13+00:00,api/slow,7012.33,0,1,TIMEOUT_ERROR
2026-03-14T00:23:13+00:00,api/normal,1.63,0,1,none
2026-03-14T00:23:13+00:00,api/normal,0.68,0,1,none
2026-03-14T00:23:15+00:00,api/slow,1841.31,0,1,none
2026-03-14T00:23:15+00:00,api/normal,0.67,0,1,none
2026-03-14T00:23:15+00:00,api/normal,0.69,0,1,none
2026-03-14T00:23:15+00:00,api/normal,0.67,0,1,none
2026-03-14T00:23:15+00:00,api/normal,0.65,0,1,none
2026-03-14T00:23:15+00:00,api/normal,0.65,0,1,none
2026-03-14T00:23:16+00:00,api/slow,1297.26,0,1,none
2026-03-14T00:23:16+00:00,api/normal,0.68,0,1,none
2026-03-14T00:23:16+00:00,api/normal,0.64,0,1,none
2026-03-14T00:23:17+00:00,api/normal,0.65,0,1,none
2026-03-14T00:23:17+00:00,api/normal,0.66,0,1,none
2026-03-14T00:23:17+00:00,api/normal,0.64,0,1,none
2026-03-14T00:23:17+00:00,api/normal,0.75,0,1,none
2026-03-14T00:23:17+00:00,api/normal,0.66,0,1,none
2026-03-14T00:23:17+00:00,api/normal,0.64,0,1,none
2026-03-14T00:23:17+00:00,api/normal,0.67,0,1,none
2026-03-14T00:23:17+00:00,api/normal,0.66,0,1,none
2026-03-14T00:23:17+00:00,api/normal,0.65,0,1,none
2026-03-14T00:23:17+00:00,api/normal,0.85,0,1,none
2026-03-14T00:23:18+00:00,api/slow,1211.03,0,1,none
2026-03-14T00:23:18+00:00,api/normal,0.64,0,1,none
2026-03-14T00:23:18+00:00,api/normal,0.64,0,1,none
2026-03-14T00:23:18+00:00,api/normal,0.65,0,1,none
2026-03-14T00:23:18+00:00,api/normal,0.77,0,1,none
2026-03-14T00:23:18+00:00,api/normal,0.64,0,1,none
2026-03-14T00:23:18+00:00,api/normal,0.65,0,1,none
2026-03-14T00:23:18+00:00,api/normal,0.66,0,1,none
2026-03-14T00:23:18+00:00,api/normal,0.74,0,1,none
2026-03-14T00:23:18+00:00,api/normal,0.66,0,1,none
2026-03-14T00:23:18+00:00,api/normal,0.64,0,1,none
2026-03-14T00:23:18+00:00,api/normal,0.68,0,1,none
2026-03-14T00:23:18+00:00,api/normal,0.65,0,1,none
2026-03-14T00:23:18+00:00,api/normal,0.64,0,1,none
2026-03-14T00:23:18+00:00,api/normal,0.64,0,1,none
2026-03-14T00:23:18+00:00,api/normal,0.69,0,1,none
2026-03-14T00:23:20+00:00,api/slow,1373.1,0,1,none
2026-03-14T00:23:20+00:00,api/normal,1.13,0,1,none
2026-03-14T00:23:20+00:00,api/normal,0.64,0,1,none
2026-03-14T00:23:20+00:00,api/normal,0.64,0,1,none
2026-03-14T00:23:20+00:00,api/normal,0.65,0,1,none
2026-03-14T00:23:20+00:00,api/normal,0.73,0,1,none
2026-03-14T00:23:25+00:00,api/slow,5002.27,0,1,TIMEOUT_ERROR
2026-03-14T00:23:25+00:00,api/normal,1.27,0,1,none
2026-03-14T00:23:25+00:00,api/normal,0.7,0,1,none
2026-03-14T00:23:25+00:00,api/normal,0.69,0,1,none
2026-03-14T00:23:25+00:00,api/normal,0.8,0,1,none
2026-03-14T00:23:25+00:00,api/normal,0.76,0,1,none
2026-03-14T00:23:25+00:00,api/normal,0.66,0,1,none
2026-03-14T00:23:25+00:00,api/normal,0.66,0,1,none
2026-03-14T00:23:25+00:00,api/normal,0.72,0,1,none
2026-03-14T00:23:25+00:00,api/normal,0.66,0,1,none
2026-03-14T00:23:25+00:00,api/normal,0.68,0,1,none
2026-03-14T00:23:25+00:00,api/normal,0.68,0,1,none
2026-03-14T00:23:25+00:00,api/normal,0.65,0,1,none
2026-03-14T00:23:25+00:00,api/error,3.72,1,1,SYSTEM_ERROR
2026-03-14T00:23:25+00:00,api/normal,1.14,0,1,none
2026-03-14T00:23:25+00:00,api/normal,0.72,0,1,none
2026-03-14T00:23:25+00:00,api/normal,0.66,0,1,none
2026-03-14T00:23:27+00:00,api/slow,1656.41,0,1,none
2026-03-14T00:23:27+00:00,api/normal,0.69,0,1,none
2026-03-14T00:23:27+00:00,api/normal,0.65,0,1,none
2026-03-14T00:23:27+00:00,api/normal,0.7,0,1,none
2026-03-14T00:23:27+00:00,api/normal,0.69,0,1,none
2026-03-14T00:23:27+00:00,api/normal,0.7,0,1,none
2026-03-14T00:23:28+00:00,api/slow,1314.02,0,1,none
2026-03-14T00:23:28+00:00,api/normal,1.11,0,1,none
2026-03-14T00:23:28+00:00,api/normal,0.65,0,1,none
2026-03-14T00:23:30+00:00,api/slow,1839.95,0,1,none
2026-03-14T00:23:30+00:00,api/normal,0.95,0,1,none
2026-03-14T00:23:32+00:00,api/slow,1816.72,0,1,none
2026-03-14T00:23:32+00:00,api/normal,1.25,0,1,none
2026-03-14T00:23:32+00:00,api/normal,0.65,0,1,none
2026-03-14T00:23:33+00:00,api/slow,1373.96,0,1,none
2026-03-14T00:23:34+00:00,api/slow,1241,0,1,none
2026-03-14T00:23:34+00:00,api/normal,0.68,0,1,none
2026-03-14T00:23:41+00:00,api/slow,6003.34,0,1,TIMEOUT_ERROR
2026-03-14T00:23:41+00:00,api/normal,1.13,0,1,none
2026-03-14T00:23:41+00:00,api/normal,0.66,0,1,none
2026-03-14T00:23:41+00:00,api/error,1.95,1,1,SYSTEM_ERROR
2026-03-14T00:23:41+00:00,api/error,1.47,1,1,SYSTEM_ERROR
2026-03-14T00:23:41+00:00,api/normal,0.66,0,1,none
2026-03-14T00:23:41+00:00,api/normal,0.67,0,1,none
2026-03-14T00:23:41+00:00,api/normal,0.7,0,1,none
2026-03-14T00:23:41+00:00,api/normal,0.66,0,1,none
2026-03-14T00:23:41+00:00,api/normal,0.67,0,1,none
2026-03-14T00:23:41+00:00,api/normal,0.65,0,1,none
2026-03-14T00:23:41+00:00,api/normal,0.64,0,1,none
2026-03-14T00:23:41+00:00,api/normal,2.26,0,1,none
2026-03-14T00:23:41+00:00,api/normal,0.74,0,1,none
2026-03-14T00:23:41+00:00,api/normal,0.67,0,1,none
2026-03-14T00:23:42+00:00,api/slow,1053.86,0,1,none
2026-03-14T00:23:42+00:00,api/normal,0.68,0,1,none
2026-03-14T00:23:42+00:00,api/error,1.52,1,1,SYSTEM_ERROR
2026-03-14T00:23:42+00:00,api/normal,0.65,0,1,none
2026-03-14T00:23:42+00:00,api/error,1.52,1,1,SYSTEM_ERROR
2026-03-14T00:23:42+00:00,api/normal,0.67,0,1,none
2026-03-14T00:23:42+00:00,api/normal,0.65,0,1,none
2026-03-14T00:23:42+00:00,api/normal,0.67,0,1,none
2026-03-14T00:23:42+00:00,api/normal,0.78,0,1,none
2026-03-14T00:23:42+00:00,api/normal,0.65,0,1,none
2026-03-14T00:23:42+00:00,api/error,1.68,1,1,SYSTEM_ERROR
2026-03-14T00:23:43+00:00,api/slow,1160.79,0,1,none
2026-03-14T00:23:44+00:00,api/slow,1183.2,0,1,none
2026-03-14T00:23:44+00:00,api/normal,1.1,0,1,none
2026-03-14T00:23:46+00:00,api/slow,1204.12,0,1,none
2026-03-14T00:23:46+00:00,api/normal,0.69,0,1,none
2026-03-14T00:23:46+00:00,api/normal,0.67,0,1,none
2026-03-14T00:23:47+00:00,api/slow,1763.8,0,1,none
2026-03-14T00:23:49+00:00,api/slow,1682.46,0,1,none
2026-03-14T00:23:49+00:00,api/normal,0.85,0,1,none
2026-03-14T00:23:49+00:00,api/db,2.48,0,1,none
2026-03-14T00:23:49+00:00,api/normal,0.65,0,1,none
2026-03-14T00:23:49+00:00,api/normal,0.84,0,1,none
2026-03-14T00:23:50+00:00,api/slow,1104.16,0,1,none
2026-03-14T00:23:52+00:00,api/slow,1457.51,0,1,none
2026-03-14T00:23:52+00:00,api/normal,0.64,0,1,none
2026-03-14T00:23:52+00:00,api/normal,0.74,0,1,none
2026-03-14T00:23:52+00:00,api/normal,0.86,0,1,none
2026-03-14T00:23:52+00:00,api/normal,0.77,0,1,none
2026-03-14T00:23:52+00:00,api/normal,0.74,0,1,none
2026-03-14T00:23:52+00:00,api/normal,0.66,0,1,none
2026-03-14T00:23:52+00:00,api/normal,0.64,0,1,none
2026-03-14T00:23:52+00:00,api/normal,0.65,0,1,none
2026-03-14T00:23:52+00:00,api/normal,0.67,0,1,none
2026-03-14T00:23:52+00:00,api/normal,0.64,0,1,none
2026-03-14T00:23:52+00:00,api/normal,0.69,0,1,none
2026-03-14T00:23:54+00:00,api/slow,1710.5,0,1,none
2026-03-14T00:23:54+00:00,api/normal,1.1,0,1,none
2026-03-14T00:23:56+00:00,api/slow,1705.42,0,1,none
2026-03-14T00:23:56+00:00,api/normal,0.82,0,1,none
2026-03-14T00:23:56+00:00,api/normal,0.66,0,1,none
2026-03-14T00:23:56+00:00,api/normal,0.66,0,1,none
2026-03-14T00:23:56+00:00,api/normal,0.72,0,1,none
2026-03-14T00:23:56+00:00,api/normal,0.67,0,1,none
2026-03-14T00:23:56+00:00,api/normal,0.65,0,1,none
2026-03-14T00:23:56+00:00,api/normal,0.78,0,1,none
2026-03-14T00:23:56+00:00,api/normal,0.65,0,1,none
2026-03-14T00:23:56+00:00,api/normal,0.65,0,1,none
2026-03-14T00:23:56+00:00,api/normal,0.66,0,1,none
2026-03-14T00:23:56+00:00,api/normal,0.66,0,1,none
2026-03-14T00:23:56+00:00,api/normal,0.65,0,1,none
2026-03-14T00:23:56+00:00,api/normal,0.73,0,1,none
2026-03-14T00:23:56+00:00,api/normal,0.67,0,1,none
2026-03-14T00:23:56+00:00,api/normal,0.72,0,1,none
2026-03-14T00:23:56+00:00,api/normal,0.68,0,1,none
2026-03-14T00:23:56+00:00,api/normal,0.68,0,1,none
2026-03-14T00:23:56+00:00,api/normal,0.68,0,1,none
2026-03-14T00:23:57+00:00,api/slow,1188.95,0,1,none
2026-03-14T00:23:57+00:00,api/error,3.35,1,1,SYSTEM_ERROR
2026-03-14T00:23:57+00:00,api/normal,0.71,0,1,none
2026-03-14T00:24:03+00:00,api/slow,6005.73,0,1,TIMEOUT_ERROR
2026-03-14T00:24:03+00:00,api/normal,1.12,0,1,none
2026-03-14T00:24:03+00:00,api/normal,0.66,0,1,none
2026-03-14T00:24:03+00:00,api/normal,0.64,0,1,none
2026-03-14T00:24:03+00:00,api/normal,0.68,0,1,none
2026-03-14T00:24:03+00:00,api/normal,0.65,0,1,none
2026-03-14T00:24:03+00:00,api/normal,0.65,0,1,none
2026-03-14T00:24:03+00:00,api/normal,0.67,0,1,none
2026-03-14T00:24:03+00:00,api/normal,0.67,0,1,none
2026-03-14T00:24:03+00:00,api/normal,0.66,0,1,none
2026-03-14T00:24:04+00:00,api/slow,1159.62,0,1,none
2026-03-14T00:24:05+00:00,api/normal,0.65,0,1,none
2026-03-14T00:24:05+00:00,api/normal,0.73,0,1,none
2026-03-14T00:24:05+00:00,api/normal,0.69,0,1,none
2026-03-14T00:24:06+00:00,api/slow,1924.62,0,1,none
2026-03-14T00:24:08+00:00,api/slow,1944.84,0,1,none
2026-03-14T00:24:08+00:00,api/normal,0.77,0,1,none
2026-03-14T00:24:08+00:00,api/normal,0.66,0,1,none
2026-03-14T00:24:08+00:00,api/normal,0.73,0,1,none
2026-03-14T00:24:09+00:00,api/normal,1.12,0,1,none
2026-03-14T00:24:09+00:00,api/normal,0.75,0,1,none
2026-03-14T00:24:09+00:00,api/normal,0.67,0,1,none
2026-03-14T00:24:09+00:00,api/normal,0.66,0,1,none
2026-03-14T00:24:16+00:00,api/slow,7009.21,0,1,TIMEOUT_ERROR
2026-03-14T00:24:16+00:00,api/normal,1.12,0,1,none
2026-03-14T00:24:16+00:00,api/normal,0.64,0,1,none
2026-03-14T00:24:16+00:00,api/normal,0.64,0,1,none
2026-03-14T00:24:16+00:00,api/error,1.86,1,1,SYSTEM_ERROR
2026-03-14T00:24:16+00:00,api/normal,0.66,0,1,none
2026-03-14T00:24:16+00:00,api/normal,0.64,0,1,none
2026-03-14T00:24:18+00:00,api/slow,1851.65,0,1,none
2026-03-14T00:24:18+00:00,api/normal,0.67,0,1,none
2026-03-14T00:24:18+00:00,api/normal,0.71,0,1,none
2026-03-14T00:24:18+00:00,api/normal,0.66,0,1,none
2026-03-14T00:24:18+00:00,api/normal,0.65,0,1,none
2026-03-14T00:24:18+00:00,api/normal,1.03,0,1,none
2026-03-14T00:24:18+00:00,api/normal,0.65,0,1,none
2026-03-14T00:24:18+00:00,api/normal,0.65,0,1,none
2026-03-14T00:24:18+00:00,api/validate,1.66,1,1,UNKNOWN
2026-03-14T00:24:18+00:00,api/normal,0.66,0,1,none
2026-03-14T00:24:18+00:00,api/normal,0.65,0,1,none
2026-03-14T00:24:18+00:00,api/normal,0.66,0,1,none
2026-03-14T00:24:18+00:00,api/normal,0.67,0,1,none
2026-03-14T00:24:18+00:00,api/normal,0.69,0,1,none
2026-03-14T00:24:18+00:00,api/normal,0.66,0,1,none
2026-03-14T00:24:18+00:00,api/normal,0.71,0,1,none
2026-03-14T00:24:18+00:00,api/normal,0.67,0,1,none
2026-03-14T00:24:18+00:00,api/normal,0.7,0,1,none
2026-03-14T00:24:18+00:00,api/normal,0.69,0,1,none
2026-03-14T00:24:18+00:00,api/normal,0.67,0,1,none
2026-03-14T00:24:20+00:00,api/slow,1688.5,0,1,none
2026-03-14T00:24:20+00:00,api/normal,1.3,0,1,none
2026-03-14T00:24:20+00:00,api/normal,0.64,0,1,none
2026-03-14T00:24:20+00:00,api/normal,0.65,0,1,none
2026-03-14T00:24:20+00:00,api/normal,0.68,0,1,none
2026-03-14T00:24:20+00:00,api/normal,0.66,0,1,none
2026-03-14T00:24:20+00:00,api/normal,0.64,0,1,none
2026-03-14T00:24:20+00:00,api/normal,0.64,0,1,none
2026-03-14T00:24:20+00:00,api/normal,0.68,0,1,none
2026-03-14T00:24:20+00:00,api/normal,0.89,0,1,none
2026-03-14T00:24:20+00:00,api/normal,0.67,0,1,none
2026-03-14T00:24:20+00:00,api/normal,0.65,0,1,none
2026-03-14T00:24:20+00:00,api/normal,0.65,0,1,none
2026-03-14T00:24:20+00:00,api/normal,0.67,0,1,none
2026-03-14T00:24:20+00:00,api/normal,0.65,0,1,none
2026-03-14T00:24:20+00:00,api/normal,0.75,0,1,none
2026-03-14T00:24:20+00:00,api/normal,0.68,0,1,none
2026-03-14T00:24:20+00:00,api/normal,0.8,0,1,none
2026-03-14T00:24:20+00:00,api/normal,1.21,0,1,none
2026-03-14T00:24:20+00:00,api/normal,0.66,0,1,none
2026-03-14T00:24:20+00:00,api/normal,0.71,0,1,none
2026-03-14T00:24:20+00:00,api/normal,0.83,0,1,none
2026-03-14T00:24:20+00:00,api/normal,0.71,0,1,none
2026-03-14T00:24:20+00:00,api/normal,0.71,0,1,none
2026-03-14T00:24:20+00:00,api/normal,0.66,0,1,none
2026-03-14T00:24:20+00:00,api/normal,0.65,0,1,none
2026-03-14T00:24:20+00:00,api/normal,0.64,0,1,none
2026-03-14T00:24:20+00:00,api/validate,2.76,1,1,UNKNOWN
2026-03-14T00:24:20+00:00,api/normal,0.68,0,1,none
2026-03-14T00:24:20+00:00,api/normal,0.66,0,1,none
2026-03-14T00:24:20+00:00,api/db,2.72,0,1,none
2026-03-14T00:24:20+00:00,api/normal,0.85,0,1,none
2026-03-14T00:24:22+00:00,api/slow,1561.5,0,1,none
2026-03-14T00:24:22+00:00,api/normal,0.93,0,1,none
2026-03-14T00:24:22+00:00,api/error,1.64,1,1,SYSTEM_ERROR
2026-03-14T00:24:22+00:00,api/normal,0.64,0,1,none
2026-03-14T00:24:22+00:00,api/db,2.5,0,1,none
2026-03-14T00:24:22+00:00,api/normal,0.67,0,1,none
2026-03-14T00:24:22+00:00,api/normal,0.65,0,1,none
2026-03-14T00:24:22+00:00,api/normal,0.66,0,1,none
2026-03-14T00:24:22+00:00,api/error,2.08,1,1,SYSTEM_ERROR
2026-03-14T00:24:22+00:00,api/normal,0.69,0,1,none
2026-03-14T00:24:22+00:00,api/normal,0.65,0,1,none
2026-03-14T00:24:22+00:00,api/normal,0.93,0,1,none
2026-03-14T00:24:23+00:00,api/slow,1374.38,0,1,none
2026-03-14T00:24:23+00:00,api/normal,1.17,0,1,none
2026-03-14T00:24:23+00:00,api/normal,0.74,0,1,none
2026-03-14T00:24:24+00:00,api/error,1.78,1,1,SYSTEM_ERROR
2026-03-14T00:24:25+00:00,api/slow,1562.68,0,1,none
2026-03-14T00:24:26+00:00,api/slow,1332.46,0,1,none
2026-03-14T00:24:28+00:00,api/slow,1181.21,0,1,none
2026-03-14T00:24:28+00:00,api/normal,0.67,0,1,none
2026-03-14T00:24:28+00:00,api/normal,0.65,0,1,none
2026-03-14T00:24:28+00:00,api/normal,0.64,0,1,none
2026-03-14T00:24:28+00:00,api/normal,0.65,0,1,none
2026-03-14T00:24:28+00:00,api/normal,0.7,0,1,none
2026-03-14T00:24:30+00:00,api/slow,1906.52,0,1,none
2026-03-14T00:24:30+00:00,api/normal,1.16,0,1,none
2026-03-14T00:24:30+00:00,api/normal,0.64,0,1,none
2026-03-14T00:24:30+00:00,api/error,1.81,1,1,SYSTEM_ERROR
2026-03-14T00:24:31+00:00,api/slow,1446.23,0,1,none
2026-03-14T00:24:31+00:00,api/normal,0.66,0,1,none
2026-03-14T00:24:31+00:00,api/error,1.5,1,1,SYSTEM_ERROR
2026-03-14T00:24:31+00:00,api/normal,0.65,0,1,none
2026-03-14T00:24:31+00:00,api/validate,1.5,1,1,UNKNOWN
2026-03-14T00:24:31+00:00,api/validate,1.64,1,1,UNKNOWN
2026-03-14T00:24:31+00:00,api/normal,0.64,0,1,none
2026-03-14T00:24:33+00:00,api/slow,1457.29,0,1,none
2026-03-14T00:24:33+00:00,api/normal,1.14,0,1,none
2026-03-14T00:24:34+00:00,api/slow,1188.75,0,1,none
2026-03-14T00:24:36+00:00,api/slow,1734.32,0,1,none
2026-03-14T00:24:36+00:00,api/normal,1.13,0,1,none
2026-03-14T00:24:36+00:00,api/normal,0.65,0,1,none
2026-03-14T00:24:37+00:00,api/slow,1043.34,0,1,none
2026-03-14T00:24:44+00:00,api/slow,7006.35,0,1,TIMEOUT_ERROR
2026-03-14T00:24:44+00:00,api/normal,1.24,0,1,none
2026-03-14T00:24:44+00:00,api/normal,0.85,0,1,none
2026-03-14T00:24:44+00:00,api/error,1.84,1,1,SYSTEM_ERROR
2026-03-14T00:24:44+00:00,api/normal,0.66,0,1,none
2026-03-14T00:24:44+00:00,api/db,25.28,0,1,none
2026-03-14T00:24:44+00:00,api/normal,0.76,0,1,none
2026-03-14T00:24:44+00:00,api/normal,0.64,0,1,none
2026-03-14T00:24:44+00:00,api/normal,0.67,0,1,none
2026-03-14T00:24:44+00:00,api/normal,0.65,0,1,none
2026-03-14T00:24:44+00:00,api/normal,0.64,0,1,none
2026-03-14T00:24:49+00:00,api/slow,5015.36,0,1,TIMEOUT_ERROR
2026-03-14T00:24:49+00:00,api/normal,1.1,0,1,none
2026-03-14T00:24:49+00:00,api/normal,0.71,0,1,none
2026-03-14T00:24:49+00:00,api/normal,0.68,0,1,none
2026-03-14T00:24:49+00:00,api/normal,0.69,0,1,none
2026-03-14T00:24:49+00:00,api/normal,0.96,0,1,none
2026-03-14T00:24:49+00:00,api/normal,0.66,0,1,none
2026-03-14T00:24:55+00:00,api/slow,6002.38,0,1,TIMEOUT_ERROR
2026-03-14T00:24:55+00:00,api/normal,1.14,0,1,none
2026-03-14T00:25:01+00:00,api/slow,6011.96,0,1,TIMEOUT_ERROR
2026-03-14T00:25:01+00:00,api/normal,1.48,0,1,none
2026-03-14T00:25:01+00:00,api/normal,0.78,0,1,none
2026-03-14T00:25:01+00:00,api/normal,0.83,0,1,none
2026-03-14T00:25:01+00:00,api/normal,0.67,0,1,none
2026-03-14T00:25:02+00:00,api/slow,1016.76,0,1,none
2026-03-14T00:25:02+00:00,api/normal,0.77,0,1,none
2026-03-14T00:25:04+00:00,api/slow,1346.2,0,1,none
2026-03-14T00:25:04+00:00,api/normal,0.79,0,1,none
2026-03-14T00:25:04+00:00,api/db,2.74,0,1,none
2026-03-14T00:25:05+00:00,api/slow,1470.83,0,1,none
2026-03-14T00:25:05+00:00,api/normal,0.79,0,1,none
2026-03-14T00:25:05+00:00,api/normal,0.77,0,1,none
2026-03-14T00:25:05+00:00,api/db,2.72,0,1,none
2026-03-14T00:25:05+00:00,api/normal,0.65,0,1,none
2026-03-14T00:25:05+00:00,api/normal,0.67,0,1,none
2026-03-14T00:25:06+00:00,api/normal,0.66,0,1,none
2026-03-14T00:25:06+00:00,api/normal,0.77,0,1,none
2026-03-14T00:25:07+00:00,api/slow,1081.14,0,1,none
2026-03-14T00:25:08+00:00,api/slow,1377.98,0,1,none
2026-03-14T00:25:08+00:00,api/normal,0.77,0,1,none
2026-03-14T00:25:08+00:00,api/normal,0.65,0,1,none
2026-03-14T00:25:09+00:00,api/slow,1256.16,0,1,none
2026-03-14T00:25:09+00:00,api/normal,0.82,0,1,none
2026-03-14T00:25:09+00:00,api/normal,0.66,0,1,none
2026-03-14T00:25:10+00:00,api/slow,1018.12,0,1,none
2026-03-14T00:25:10+00:00,api/normal,1.15,0,1,none
2026-03-14T00:25:10+00:00,api/db,2.93,0,1,none
2026-03-14T00:25:10+00:00,api/normal,0.64,0,1,none
2026-03-14T00:25:10+00:00,api/normal,0.65,0,1,none
2026-03-14T00:25:11+00:00,api/normal,0.65,0,1,none
2026-03-14T00:25:11+00:00,api/normal,0.76,0,1,none
2026-03-14T00:25:11+00:00,api/normal,0.66,0,1,none
2026-03-14T00:25:11+00:00,api/normal,0.65,0,1,none
2026-03-14T00:25:16+00:00,api/slow,5007.33,0,1,TIMEOUT_ERROR
2026-03-14T00:25:16+00:00,api/validate,2.57,1,1,UNKNOWN
2026-03-14T00:25:16+00:00,api/normal,0.66,0,1,none
2026-03-14T00:25:22+00:00,api/slow,6007.24,0,1,TIMEOUT_ERROR
2026-03-14T00:25:29+00:00,api/slow,7008.08,0,1,TIMEOUT_ERROR
2026-03-14T00:25:29+00:00,api/normal,1.1,0,1,none
2026-03-14T00:25:29+00:00,api/normal,0.66,0,1,none
2026-03-14T00:25:30+00:00,api/slow,1204.95,0,1,none
2026-03-14T00:25:30+00:00,api/normal,0.65,0,1,none
2026-03-14T00:25:30+00:00,api/error,3.51,1,1,SYSTEM_ERROR
2026-03-14T00:25:30+00:00,api/normal,0.65,0,1,none
2026-03-14T00:25:30+00:00,api/error,1.84,1,1,SYSTEM_ERROR
2026-03-14T00:25:30+00:00,api/normal,0.66,0,1,none
2026-03-14T00:25:30+00:00,api/normal,0.65,0,1,none
2026-03-14T00:25:30+00:00,api/normal,0.63,0,1,none
2026-03-14T00:25:30+00:00,api/normal,0.64,0,1,none
2026-03-14T00:25:32+00:00,api/slow,1795.87,0,1,none
2026-03-14T00:25:32+00:00,api/normal,1.15,0,1,none
2026-03-14T00:25:32+00:00,api/normal,0.65,0,1,none
2026-03-14T00:25:32+00:00,api/normal,0.71,0,1,none
2026-03-14T00:25:32+00:00,api/normal,0.81,0,1,none
2026-03-14T00:25:32+00:00,api/normal,0.64,0,1,none
2026-03-14T00:25:32+00:00,api/normal,0.67,0,1,none
2026-03-14T00:25:32+00:00,api/normal,0.66,0,1,none
2026-03-14T00:25:34+00:00,api/slow,1505.95,0,1,none
2026-03-14T00:25:34+00:00,api/normal,0.75,0,1,none
2026-03-14T00:25:34+00:00,api/normal,0.66,0,1,none
2026-03-14T00:25:35+00:00,api/slow,1323.51,0,1,none
2026-03-14T00:25:37+00:00,api/slow,1816.93,0,1,none
2026-03-14T00:25:37+00:00,api/normal,0.66,0,1,none
2026-03-14T00:25:37+00:00,api/normal,0.72,0,1,none
2026-03-14T00:25:43+00:00,api/slow,6016.43,0,1,TIMEOUT_ERROR
2026-03-14T00:25:43+00:00,api/normal,1.15,0,1,none
2026-03-14T00:25:44+00:00,api/slow,1398.7,0,1,none
2026-03-14T00:25:46+00:00,api/slow,1613.04,0,1,none
2026-03-14T00:25:48+00:00,api/slow,1919.29,0,1,none
2026-03-14T00:25:48+00:00,api/normal,0.67,0,1,none
2026-03-14T00:25:53+00:00,api/slow,5014.94,0,1,TIMEOUT_ERROR
2026-03-14T00:25:53+00:00,api/normal,1.26,0,1,none
2026-03-14T00:25:54+00:00,api/slow,1281.79,0,1,none
2026-03-14T00:25:54+00:00,api/normal,0.87,0,1,none
2026-03-14T00:25:54+00:00,api/db,2.54,0,1,none
2026-03-14T00:25:54+00:00,api/error,1.86,1,1,SYSTEM_ERROR
2026-03-14T00:26:01+00:00,api/slow,7015.21,0,1,TIMEOUT_ERROR
2026-03-14T00:26:03+00:00,api/slow,1404.17,0,1,none
2026-03-14T00:26:03+00:00,api/normal,0.74,0,1,none
2026-03-14T00:26:03+00:00,api/db,2.55,0,1,none
2026-03-14T00:26:03+00:00,api/normal,0.72,0,1,none
2026-03-14T00:26:04+00:00,api/slow,1387.05,0,1,none
2026-03-14T00:26:11+00:00,api/slow,7015.85,0,1,TIMEOUT_ERROR
2026-03-14T00:26:11+00:00,api/normal,0.72,0,1,none
2026-03-14T00:26:11+00:00,api/normal,0.65,0,1,none
2026-03-14T00:26:11+00:00,api/normal,0.71,0,1,none
2026-03-14T00:26:16+00:00,api/slow,5015.67,0,1,TIMEOUT_ERROR
2026-03-14T00:26:16+00:00,api/error,2.49,1,1,SYSTEM_ERROR
2026-03-14T00:26:16+00:00,api/normal,0.63,0,1,none
2026-03-14T00:26:16+00:00,api/validate,1.55,1,1,UNKNOWN
2026-03-14T00:26:16+00:00,api/normal,0.66,0,1,none
2026-03-14T00:26:16+00:00,api/normal,0.88,0,1,none
2026-03-14T00:26:18+00:00,api/slow,1377.43,0,1,none
2026-03-14T00:26:18+00:00,api/normal,0.64,0,1,none
2026-03-14T00:26:18+00:00,api/normal,0.65,0,1,none
2026-03-14T00:26:18+00:00,api/normal,0.65,0,1,none
2026-03-14T00:26:18+00:00,api/db,2.46,0,1,none
2026-03-14T00:26:18+00:00,api/normal,0.66,0,1,none
2026-03-14T00:26:18+00:00,api/normal,0.73,0,1,none
2026-03-14T00:26:18+00:00,api/normal,0.7,0,1,none
2026-03-14T00:26:18+00:00,api/normal,0.93,0,1,none
2026-03-14T00:26:18+00:00,api/normal,0.66,0,1,none
2026-03-14T00:26:18+00:00,api/error,1.51,1,1,SYSTEM_ERROR
2026-03-14T00:26:18+00:00,api/normal,0.69,0,1,none
2026-03-14T00:26:18+00:00,api/normal,0.65,0,1,none
2026-03-14T00:26:24+00:00,api/slow,6007.82,0,1,TIMEOUT_ERROR
2026-03-14T00:26:25+00:00,api/slow,1034.78,0,1,none
2026-03-14T00:26:25+00:00,api/normal,0.65,0,1,none
2026-03-14T00:26:25+00:00,api/normal,0.67,0,1,none
2026-03-14T00:26:25+00:00,api/normal,0.66,0,1,none
2026-03-14T00:26:25+00:00,api/normal,0.64,0,1,none
2026-03-14T00:26:25+00:00,api/error,2,1,1,SYSTEM_ERROR
2026-03-14T00:26:27+00:00,api/slow,1957.67,0,1,none
2026-03-14T00:26:27+00:00,api/normal,1.15,0,1,none
2026-03-14T00:26:27+00:00,api/error,1.53,1,1,SYSTEM_ERROR
2026-03-14T00:26:27+00:00,api/normal,0.74,0,1,none
2026-03-14T00:26:27+00:00,api/normal,0.64,0,1,none
2026-03-14T00:26:27+00:00,api/normal,0.64,0,1,none
2026-03-14T00:26:27+00:00,api/db,2.77,0,1,none
2026-03-14T00:26:27+00:00,api/normal,0.98,0,1,none
2026-03-14T00:26:29+00:00,api/slow,1891.5,0,1,none
2026-03-14T00:26:29+00:00,api/normal,0.65,0,1,none
2026-03-14T00:26:29+00:00,api/normal,0.65,0,1,none
2026-03-14T00:26:29+00:00,api/normal,0.65,0,1,none
2026-03-14T00:26:29+00:00,api/error,2.13,1,1,SYSTEM_ERROR
2026-03-14T00:26:29+00:00,api/normal,0.78,0,1,none
2026-03-14T00:26:31+00:00,api/slow,1164.2,0,1,none
2026-03-14T00:26:32+00:00,api/slow,1178.94,0,1,none
2026-03-14T00:26:33+00:00,api/slow,1240.06,0,1,none
2026-03-14T00:26:33+00:00,api/db,2.91,0,1,none
2026-03-14T00:26:33+00:00,api/normal,0.64,0,1,none
2026-03-14T00:26:33+00:00,api/normal,0.68,0,1,none
2026-03-14T00:26:33+00:00,api/normal,0.66,0,1,none
2026-03-14T00:26:33+00:00,api/normal,0.64,0,1,none
2026-03-14T00:26:33+00:00,api/error,2.02,1,1,SYSTEM_ERROR
2026-03-14T00:26:39+00:00,api/slow,6006.61,0,1,TIMEOUT_ERROR
2026-03-14T00:26:40+00:00,api/slow,1131.76,0,1,none
2026-03-14T00:26:40+00:00,api/normal,0.84,0,1,none
2026-03-14T00:26:40+00:00,api/normal,0.71,0,1,none
2026-03-14T00:26:40+00:00,api/validate,1.77,1,1,UNKNOWN
2026-03-14T00:26:40+00:00,api/normal,0.65,0,1,none
2026-03-14T00:26:40+00:00,api/normal,0.64,0,1,none
2026-03-14T00:26:40+00:00,api/validate,1.56,1,1,UNKNOWN
2026-03-14T00:26:40+00:00,api/error,1.56,1,1,SYSTEM_ERROR
2026-03-14T00:26:42+00:00,api/slow,1141.26,0,1,none
2026-03-14T00:26:42+00:00,api/normal,1.31,0,1,none
2026-03-14T00:26:42+00:00,api/normal,0.68,0,1,none
2026-03-14T00:26:42+00:00,api/normal,0.65,0,1,none
2026-03-14T00:26:42+00:00,api/normal,0.66,0,1,none
2026-03-14T00:26:42+00:00,api/normal,0.71,0,1,none
2026-03-14T00:26:42+00:00,api/normal,0.96,0,1,none
2026-03-14T00:26:42+00:00,api/normal,0.65,0,1,none
2026-03-14T00:26:42+00:00,api/error,1.5,1,1,SYSTEM_ERROR
2026-03-14T00:26:42+00:00,api/normal,0.66,0,1,none
2026-03-14T00:26:42+00:00,api/normal,0.66,0,1,none
2026-03-14T00:26:42+00:00,api/normal,0.66,0,1,none
2026-03-14T00:26:42+00:00,api/normal,0.81,0,1,none
2026-03-14T00:26:42+00:00,api/db,2.83,0,1,none
2026-03-14T00:26:42+00:00,api/normal,0.65,0,1,none
2026-03-14T00:26:42+00:00,api/normal,0.66,0,1,none
2026-03-14T00:26:42+00:00,api/normal,0.67,0,1,none
2026-03-14T00:26:44+00:00,api/slow,1649.93,0,1,none
2026-03-14T00:26:44+00:00,api/normal,0.66,0,1,none
2026-03-14T00:26:44+00:00,api/normal,0.77,0,1,none
2026-03-14T00:26:46+00:00,api/slow,1933.59,0,1,none
2026-03-14T00:26:46+00:00,api/normal,1.13,0,1,none
2026-03-14T00:26:46+00:00,api/db,2.82,0,1,none
2026-03-14T00:26:46+00:00,api/error,1.78,1,1,SYSTEM_ERROR
2026-03-14T00:26:46+00:00,api/normal,1.05,0,1,none
2026-03-14T00:26:46+00:00,api/normal,0.66,0,1,none
2026-03-14T00:26:46+00:00,api/normal,0.65,0,1,none
2026-03-14T00:26:47+00:00,api/slow,1767.89,0,1,none
2026-03-14T00:26:47+00:00,api/normal,0.78,0,1,none
2026-03-14T00:26:47+00:00,api/normal,0.73,0,1,none
2026-03-14T00:26:47+00:00,api/normal,0.74,0,1,none
2026-03-14T00:26:48+00:00,api/normal,0.68,0,1,none
2026-03-14T00:26:48+00:00,api/normal,0.67,0,1,none
2026-03-14T00:26:48+00:00,api/normal,0.65,0,1,none
2026-03-14T00:26:48+00:00,api/normal,0.69,0,1,none
2026-03-14T00:26:49+00:00,api/slow,1017.42,0,1,none
2026-03-14T00:26:54+00:00,api/slow,5011.86,0,1,TIMEOUT_ERROR
2026-03-14T00:26:54+00:00,api/normal,1.11,0,1,none
2026-03-14T00:26:54+00:00,api/normal,0.64,0,1,none
2026-03-14T00:26:54+00:00,api/normal,0.64,0,1,none
2026-03-14T00:26:54+00:00,api/normal,0.67,0,1,none
2026-03-14T00:26:54+00:00,api/normal,0.68,0,1,none
2026-03-14T00:26:54+00:00,api/normal,0.66,0,1,none
2026-03-14T00:26:54+00:00,api/normal,0.67,0,1,none
2026-03-14T00:26:54+00:00,api/normal,0.76,0,1,none
2026-03-14T00:26:55+00:00,api/slow,1393.67,0,1,none
2026-03-14T00:26:55+00:00,api/normal,0.86,0,1,none
2026-03-14T00:26:56+00:00,api/slow,1161.58,0,1,none
2026-03-14T00:27:02+00:00,api/slow,6003.54,0,1,TIMEOUT_ERROR
2026-03-14T00:27:02+00:00,api/normal,1.29,0,1,none
2026-03-14T00:27:02+00:00,api/normal,0.78,0,1,none
2026-03-14T00:27:03+00:00,api/normal,0.69,0,1,none
2026-03-14T00:27:04+00:00,api/slow,1713.89,0,1,none
2026-03-14T00:27:04+00:00,api/normal,0.66,0,1,none
2026-03-14T00:27:06+00:00,api/slow,1704.3,0,1,none
2026-03-14T00:27:06+00:00,api/normal,4.42,0,1,none
2026-03-14T00:27:06+00:00,api/normal,0.67,0,1,none
2026-03-14T00:27:12+00:00,api/slow,6013.51,0,1,TIMEOUT_ERROR
2026-03-14T00:27:12+00:00,api/error,2.37,1,1,SYSTEM_ERROR
2026-03-14T00:27:12+00:00,api/normal,0.74,0,1,none
2026-03-14T00:27:13+00:00,api/slow,1357.14,0,1,none
2026-03-14T00:27:14+00:00,api/normal,0.73,0,1,none
2026-03-14T00:27:14+00:00,api/db,2.93,0,1,none
2026-03-14T00:27:14+00:00,api/normal,0.79,0,1,none
2026-03-14T00:27:14+00:00,api/normal,0.66,0,1,none
2026-03-14T00:27:15+00:00,api/slow,1106.27,0,1,none
2026-03-14T00:27:15+00:00,api/normal,1.13,0,1,none
2026-03-14T00:27:15+00:00,api/normal,0.76,0,1,none
2026-03-14T00:27:15+00:00,api/normal,0.65,0,1,none
2026-03-14T00:27:16+00:00,api/slow,1160.59,0,1,none
2026-03-14T00:27:16+00:00,api/normal,0.65,0,1,none
2026-03-14T00:27:16+00:00,api/normal,0.67,0,1,none
2026-03-14T00:27:16+00:00,api/normal,0.8,0,1,none
2026-03-14T00:27:18+00:00,api/slow,1880.02,0,1,none
2026-03-14T00:27:18+00:00,api/error,2.57,1,1,SYSTEM_ERROR
2026-03-14T00:27:18+00:00,api/normal,0.65,0,1,none
2026-03-14T00:27:18+00:00,api/normal,0.65,0,1,none
2026-03-14T00:27:18+00:00,api/normal,0.68,0,1,none
2026-03-14T00:27:18+00:00,api/normal,0.67,0,1,none
2026-03-14T00:27:18+00:00,api/normal,0.65,0,1,none
2026-03-14T00:27:18+00:00,api/normal,0.65,0,1,none
2026-03-14T00:27:18+00:00,api/normal,0.65,0,1,none
2026-03-14T00:27:18+00:00,api/error,1.96,1,1,SYSTEM_ERROR
2026-03-14T00:27:18+00:00,api/normal,0.7,0,1,none
2026-03-14T00:27:18+00:00,api/normal,0.65,0,1,none
2026-03-14T00:27:18+00:00,api/normal,0.64,0,1,none
2026-03-14T00:27:18+00:00,api/normal,0.68,0,1,none
2026-03-14T00:27:25+00:00,api/slow,7017.06,0,1,TIMEOUT_ERROR
2026-03-14T00:27:25+00:00,api/normal,1.14,0,1,none
2026-03-14T00:27:25+00:00,api/normal,0.72,0,1,none
2026-03-14T00:27:25+00:00,api/normal,0.66,0,1,none
2026-03-14T00:27:25+00:00,api/normal,0.84,0,1,none
2026-03-14T00:27:25+00:00,api/normal,0.77,0,1,none
2026-03-14T00:27:25+00:00,api/normal,0.74,0,1,none
2026-03-14T00:27:25+00:00,api/normal,0.72,0,1,none
2026-03-14T00:27:25+00:00,api/normal,0.66,0,1,none
2026-03-14T00:27:25+00:00,api/normal,0.66,0,1,none
2026-03-14T00:27:25+00:00,api/validate,2.19,1,1,UNKNOWN
2026-03-14T00:27:25+00:00,api/normal,0.68,0,1,none
2026-03-14T00:27:25+00:00,api/normal,0.65,0,1,none
2026-03-14T00:27:27+00:00,api/slow,1975.42,0,1,none
2026-03-14T00:27:27+00:00,api/normal,0.66,0,1,none
2026-03-14T00:27:27+00:00,api/normal,0.69,0,1,none
2026-03-14T00:27:27+00:00,api/normal,0.68,0,1,none
2026-03-14T00:27:27+00:00,api/normal,0.65,0,1,none
2026-03-14T00:27:27+00:00,api/normal,0.68,0,1,none
2026-03-14T00:27:34+00:00,api/slow,7007.22,0,1,TIMEOUT_ERROR
2026-03-14T00:27:34+00:00,api/normal,1.1,0,1,none
2026-03-14T00:27:41+00:00,api/slow,6001.21,0,1,TIMEOUT_ERROR
2026-03-14T00:27:41+00:00,api/normal,1.14,0,1,none
2026-03-14T00:27:41+00:00,api/db,3,0,1,none
2026-03-14T00:27:42+00:00,api/slow,1151.01,0,1,none
2026-03-14T00:27:42+00:00,api/normal,0.69,0,1,none
2026-03-14T00:27:42+00:00,api/normal,0.97,0,1,none
2026-03-14T00:27:42+00:00,api/error,3.56,1,1,SYSTEM_ERROR
2026-03-14T00:27:42+00:00,api/normal,0.76,0,1,none
2026-03-14T00:27:42+00:00,api/normal,0.76,0,1,none
2026-03-14T00:27:42+00:00,api/normal,0.65,0,1,none
2026-03-14T00:27:42+00:00,api/normal,0.67,0,1,none
2026-03-14T00:27:42+00:00,api/validate,1.51,1,1,UNKNOWN
2026-03-14T00:27:42+00:00,api/normal,0.64,0,1,none
2026-03-14T00:27:42+00:00,api/normal,0.67,0,1,none
2026-03-14T00:27:43+00:00,api/slow,1150.41,0,1,none
2026-03-14T00:27:43+00:00,api/normal,0.67,0,1,none
2026-03-14T00:27:43+00:00,api/normal,0.69,0,1,none
2026-03-14T00:27:43+00:00,api/normal,0.65,0,1,none
2026-03-14T00:27:43+00:00,api/normal,0.65,0,1,none
2026-03-14T00:27:49+00:00,api/slow,6015.66,0,1,TIMEOUT_ERROR
2026-03-14T00:27:49+00:00,api/normal,1.19,0,1,none
2026-03-14T00:27:51+00:00,api/slow,1602.04,0,1,none
2026-03-14T00:27:51+00:00,api/normal,0.67,0,1,none
2026-03-14T00:27:51+00:00,api/normal,0.67,0,1,none
2026-03-14T00:27:56+00:00,api/slow,5004.2,0,1,TIMEOUT_ERROR
2026-03-14T00:27:56+00:00,api/error,2.63,1,1,SYSTEM_ERROR
2026-03-14T00:27:56+00:00,api/error,1.52,1,1,SYSTEM_ERROR
2026-03-14T00:27:56+00:00,api/normal,0.65,0,1,none
2026-03-14T00:27:56+00:00,api/normal,0.65,0,1,none
2026-03-14T00:27:56+00:00,api/normal,1.03,0,1,none
2026-03-14T00:27:58+00:00,api/slow,1703.33,0,1,none
2026-03-14T00:27:58+00:00,api/normal,0.7,0,1,none
2026-03-14T00:28:04+00:00,api/slow,6008.83,0,1,TIMEOUT_ERROR
2026-03-14T00:28:04+00:00,api/normal,1.2,0,1,none
2026-03-14T00:28:04+00:00,api/error,1.96,1,1,SYSTEM_ERROR
2026-03-14T00:28:05+00:00,api/slow,1331.97,0,1,none
2026-03-14T00:28:05+00:00,api/normal,0.69,0,1,none
2026-03-14T00:28:05+00:00,api/normal,0.65,0,1,none
2026-03-14T00:28:05+00:00,api/normal,0.65,0,1,none
2026-03-14T00:28:06+00:00,api/slow,1099.78,0,1,none
2026-03-14T00:28:06+00:00,api/normal,0.71,0,1,none
2026-03-14T00:28:06+00:00,api/normal,0.75,0,1,none
2026-03-14T00:28:06+00:00,api/normal,0.67,0,1,none
2026-03-14T00:28:06+00:00,api/normal,0.74,0,1,none
2026-03-14T00:28:06+00:00,api/normal,0.78,0,1,none
2026-03-14T00:28:06+00:00,api/normal,0.8,0,1,none
2026-03-14T00:28:06+00:00,api/normal,0.76,0,1,none
2026-03-14T00:28:06+00:00,api/normal,0.65,0,1,none
2026-03-14T00:28:06+00:00,api/normal,0.81,0,1,none
2026-03-14T00:28:07+00:00,api/normal,0.99,0,1,none
2026-03-14T00:28:07+00:00,api/normal,1.11,0,1,none
2026-03-14T00:28:07+00:00,api/normal,0.66,0,1,none
2026-03-14T00:28:07+00:00,api/error,2.05,1,1,SYSTEM_ERROR
2026-03-14T00:28:07+00:00,api/normal,0.66,0,1,none
2026-03-14T00:28:07+00:00,api/db,17.11,0,1,none
2026-03-14T00:28:08+00:00,api/slow,1644.01,0,1,none
2026-03-14T00:28:08+00:00,api/normal,0.69,0,1,none
2026-03-14T00:28:08+00:00,api/error,1.82,1,1,SYSTEM_ERROR
2026-03-14T00:28:10+00:00,api/slow,1654.56,0,1,none
2026-03-14T00:28:10+00:00,api/normal,1.18,0,1,none
2026-03-14T00:28:16+00:00,api/slow,6007.33,0,1,TIMEOUT_ERROR
2026-03-14T00:28:16+00:00,api/normal,1.11,0,1,none
2026-03-14T00:28:16+00:00,api/normal,0.65,0,1,none
2026-03-14T00:28:16+00:00,api/normal,0.74,0,1,none
2026-03-14T00:28:16+00:00,api/normal,0.66,0,1,none
2026-03-14T00:28:18+00:00,api/slow,1576.07,0,1,none
2026-03-14T00:28:18+00:00,api/normal,0.72,0,1,none
2026-03-14T00:28:18+00:00,api/normal,0.64,0,1,none
2026-03-14T00:28:18+00:00,api/normal,0.67,0,1,none
2026-03-14T00:28:18+00:00,api/normal,0.64,0,1,none
2026-03-14T00:28:18+00:00,api/normal,0.67,0,1,none
2026-03-14T00:28:18+00:00,api/error,1.92,1,1,SYSTEM_ERROR
2026-03-14T00:28:18+00:00,api/normal,0.64,0,1,none
2026-03-14T00:28:18+00:00,api/normal,0.64,0,1,none
2026-03-14T00:28:18+00:00,api/normal,0.65,0,1,none
2026-03-14T00:28:18+00:00,api/db,2.44,0,1,none
2026-03-14T00:28:18+00:00,api/normal,0.68,0,1,none
2026-03-14T00:28:18+00:00,api/db,2.74,0,1,none
2026-03-14T00:28:18+00:00,api/normal,0.65,0,1,none
2026-03-14T00:28:20+00:00,api/slow,1708.75,0,1,none
2026-03-14T00:28:20+00:00,api/normal,1.42,0,1,none
2026-03-14T00:28:20+00:00,api/normal,0.92,0,1,none
2026-03-14T00:28:20+00:00,api/normal,0.71,0,1,none
2026-03-14T00:28:21+00:00,api/slow,1092.11,0,1,none
2026-03-14T00:28:21+00:00,api/normal,0.69,0,1,none
2026-03-14T00:28:21+00:00,api/normal,0.7,0,1,none
2026-03-14T00:28:21+00:00,api/normal,0.66,0,1,none
2026-03-14T00:28:21+00:00,api/normal,0.66,0,1,none
2026-03-14T00:28:21+00:00,api/normal,0.67,0,1,none
2026-03-14T00:28:21+00:00,api/normal,0.77,0,1,none
2026-03-14T00:28:21+00:00,api/normal,0.75,0,1,none
2026-03-14T00:28:21+00:00,api/normal,0.72,0,1,none
2026-03-14T00:28:21+00:00,api/error,1.8,1,1,SYSTEM_ERROR
2026-03-14T00:28:21+00:00,api/normal,0.65,0,1,none
2026-03-14T00:28:21+00:00,api/normal,0.66,0,1,none
2026-03-14T00:28:21+00:00,api/error,1.57,1,1,SYSTEM_ERROR
2026-03-14T00:28:21+00:00,api/normal,0.65,0,1,none
2026-03-14T00:28:21+00:00,api/normal,0.65,0,1,none
2026-03-14T00:28:21+00:00,api/normal,0.66,0,1,none
2026-03-14T00:28:21+00:00,api/normal,0.65,0,1,none
2026-03-14T00:28:21+00:00,api/normal,0.65,0,1,none
2026-03-14T00:28:21+00:00,api/normal,0.67,0,1,none
2026-03-14T00:28:23+00:00,api/slow,1607.42,0,1,none
2026-03-14T00:28:23+00:00,api/normal,1.12,0,1,none
2026-03-14T00:28:23+00:00,api/normal,0.64,0,1,none
2026-03-14T00:28:23+00:00,api/validate,1.53,1,1,UNKNOWN
2026-03-14T00:28:23+00:00,api/db,2.91,0,1,none
2026-03-14T00:28:23+00:00,api/normal,0.72,0,1,none
2026-03-14T00:28:24+00:00,api/slow,1154.14,0,1,none
2026-03-14T00:28:24+00:00,api/normal,0.65,0,1,none
2026-03-14T00:28:24+00:00,api/normal,0.65,0,1,none
2026-03-14T00:28:24+00:00,api/normal,0.77,0,1,none
2026-03-14T00:28:24+00:00,api/normal,0.71,0,1,none
2026-03-14T00:28:24+00:00,api/error,1.78,1,1,SYSTEM_ERROR
2026-03-14T00:28:24+00:00,api/normal,0.66,0,1,none
2026-03-14T00:28:24+00:00,api/validate,1.61,1,1,UNKNOWN
2026-03-14T00:28:24+00:00,api/normal,0.73,0,1,none
2026-03-14T00:28:26+00:00,api/slow,1346.37,0,1,none
2026-03-14T00:28:26+00:00,api/normal,1.36,0,1,none
2026-03-14T00:28:26+00:00,api/normal,0.64,0,1,none
2026-03-14T00:28:26+00:00,api/error,1.51,1,1,SYSTEM_ERROR
2026-03-14T00:28:26+00:00,api/normal,0.89,0,1,none
2026-03-14T00:28:26+00:00,api/normal,0.64,0,1,none
2026-03-14T00:28:26+00:00,api/normal,0.65,0,1,none
2026-03-14T00:28:26+00:00,api/normal,0.63,0,1,none
2026-03-14T00:28:26+00:00,api/normal,0.66,0,1,none
2026-03-14T00:28:27+00:00,api/slow,1376.01,0,1,none
2026-03-14T00:28:33+00:00,api/slow,6011.79,0,1,TIMEOUT_ERROR
2026-03-14T00:28:33+00:00,api/normal,1.12,0,1,none
2026-03-14T00:28:33+00:00,api/normal,0.64,0,1,none
2026-03-14T00:28:33+00:00,api/normal,0.65,0,1,none
2026-03-14T00:28:33+00:00,api/normal,0.66,0,1,none
2026-03-14T00:28:33+00:00,api/normal,0.65,0,1,none
2026-03-14T00:28:33+00:00,api/normal,0.68,0,1,none
2026-03-14T00:28:33+00:00,api/normal,0.69,0,1,none
2026-03-14T00:28:33+00:00,api/normal,0.7,0,1,none
2026-03-14T00:28:35+00:00,api/slow,1314.72,0,1,none
2026-03-14T00:28:35+00:00,api/normal,0.63,0,1,none
2026-03-14T00:28:35+00:00,api/normal,0.65,0,1,none
2026-03-14T00:28:35+00:00,api/normal,0.99,0,1,none
2026-03-14T00:28:40+00:00,api/slow,5008.47,0,1,TIMEOUT_ERROR
2026-03-14T00:28:40+00:00,api/normal,1.25,0,1,none
2026-03-14T00:28:46+00:00,api/slow,6003.15,0,1,TIMEOUT_ERROR
2026-03-14T00:28:46+00:00,api/normal,1.12,0,1,none
2026-03-14T00:28:47+00:00,api/slow,1604.56,0,1,none
2026-03-14T00:28:47+00:00,api/normal,0.68,0,1,none
2026-03-14T00:28:47+00:00,api/normal,0.65,0,1,none
2026-03-14T00:28:49+00:00,api/slow,1747.64,0,1,none
2026-03-14T00:28:49+00:00,api/normal,1.35,0,1,none
2026-03-14T00:28:49+00:00,api/normal,0.76,0,1,none
2026-03-14T00:28:49+00:00,api/normal,0.64,0,1,none
2026-03-14T00:28:49+00:00,api/db,2.78,0,1,none
2026-03-14T00:28:49+00:00,api/normal,0.68,0,1,none
2026-03-14T00:28:54+00:00,api/slow,5015.53,0,1,TIMEOUT_ERROR
2026-03-14T00:28:54+00:00,api/normal,1.12,0,1,none
2026-03-14T00:28:54+00:00,api/normal,0.8,0,1,none
2026-03-14T00:28:54+00:00,api/normal,0.66,0,1,none
2026-03-14T00:28:54+00:00,api/normal,0.67,0,1,none
2026-03-14T00:28:54+00:00,api/normal,0.65,0,1,none
2026-03-14T00:28:56+00:00,api/slow,1354.55,0,1,none
2026-03-14T00:28:56+00:00,api/normal,0.67,0,1,none
2026-03-14T00:29:02+00:00,api/slow,6010.1,0,1,TIMEOUT_ERROR
2026-03-14T00:29:04+00:00,api/slow,1968.55,0,1,none
2026-03-14T00:29:04+00:00,api/normal,0.65,0,1,none
2026-03-14T00:29:05+00:00,api/slow,1539.49,0,1,none
2026-03-14T00:29:07+00:00,api/slow,1771.73,0,1,none
2026-03-14T00:29:07+00:00,api/normal,0.79,0,1,none
2026-03-14T00:29:07+00:00,api/normal,0.8,0,1,none
2026-03-14T00:29:07+00:00,api/normal,0.75,0,1,none
2026-03-14T00:29:07+00:00,api/normal,0.84,0,1,none
2026-03-14T00:29:07+00:00,api/normal,0.66,0,1,none
2026-03-14T00:29:07+00:00,api/error,1.86,1,1,SYSTEM_ERROR
2026-03-14T00:29:07+00:00,api/normal,0.65,0,1,none
2026-03-14T00:29:09+00:00,api/slow,1721.06,0,1,none
2026-03-14T00:29:15+00:00,api/slow,6002.87,0,1,TIMEOUT_ERROR
2026-03-14T00:29:15+00:00,api/normal,1.17,0,1,none
2026-03-14T00:29:15+00:00,api/normal,0.65,0,1,none
2026-03-14T00:29:17+00:00,api/slow,1290.74,0,1,none
2026-03-14T00:29:17+00:00,api/normal,0.68,0,1,none
2026-03-14T00:29:17+00:00,api/normal,0.65,0,1,none
2026-03-14T00:29:17+00:00,api/normal,0.74,0,1,none
2026-03-14T00:29:17+00:00,api/normal,0.65,0,1,none
2026-03-14T00:29:17+00:00,api/normal,0.65,0,1,none
2026-03-14T00:29:17+00:00,api/validate,1.79,1,1,UNKNOWN
2026-03-14T00:29:17+00:00,api/normal,0.64,0,1,none
2026-03-14T00:29:17+00:00,api/normal,0.65,0,1,none
2026-03-14T00:29:17+00:00,api/normal,0.64,0,1,none
2026-03-14T00:29:19+00:00,api/slow,1922.41,0,1,none
2026-03-14T00:29:19+00:00,api/normal,1.12,0,1,none
2026-03-14T00:29:19+00:00,api/normal,0.68,0,1,none
2026-03-14T00:29:19+00:00,api/normal,0.68,0,1,none
2026-03-14T00:29:24+00:00,api/slow,5008.82,0,1,TIMEOUT_ERROR
2026-03-14T00:29:24+00:00,api/normal,1.19,0,1,none
2026-03-14T00:29:24+00:00,api/normal,0.67,0,1,none
2026-03-14T00:29:24+00:00,api/normal,0.69,0,1,none
2026-03-14T00:29:24+00:00,api/normal,0.64,0,1,none
2026-03-14T00:29:24+00:00,api/error,2.08,1,1,SYSTEM_ERROR
2026-03-14T00:29:24+00:00,api/normal,0.69,0,1,none
2026-03-14T00:29:24+00:00,api/normal,0.69,0,1,none
2026-03-14T00:29:24+00:00,api/normal,0.66,0,1,none
2026-03-14T00:29:25+00:00,api/slow,1522.18,0,1,none
2026-03-14T00:29:27+00:00,api/slow,1958.8,0,1,none
2026-03-14T00:29:27+00:00,api/normal,1.11,0,1,none
2026-03-14T00:29:27+00:00,api/normal,0.66,0,1,none
2026-03-14T00:29:27+00:00,api/normal,0.65,0,1,none
2026-03-14T00:29:29+00:00,api/slow,1215.95,0,1,none
2026-03-14T00:29:29+00:00,api/normal,0.74,0,1,none
2026-03-14T00:29:29+00:00,api/normal,0.64,0,1,none
2026-03-14T00:29:29+00:00,api/normal,0.69,0,1,none
2026-03-14T00:29:29+00:00,api/normal,0.74,0,1,none
2026-03-14T00:29:29+00:00,api/db,2.25,0,1,none
2026-03-14T00:29:29+00:00,api/normal,0.66,0,1,none
2026-03-14T00:29:29+00:00,api/error,1.91,1,1,SYSTEM_ERROR
2026-03-14T00:29:29+00:00,api/normal,0.68,0,1,none
2026-03-14T00:29:29+00:00,api/normal,0.72,0,1,none
2026-03-14T00:29:29+00:00,api/normal,0.79,0,1,none
2026-03-14T00:29:29+00:00,api/normal,0.74,0,1,none
2026-03-14T00:29:29+00:00,api/normal,0.65,0,1,none
2026-03-14T00:29:29+00:00,api/normal,0.65,0,1,none
2026-03-14T00:29:29+00:00,api/normal,0.66,0,1,none
2026-03-14T00:29:29+00:00,api/normal,0.65,0,1,none
2026-03-14T00:29:29+00:00,api/normal,0.68,0,1,none
2026-03-14T00:29:30+00:00,api/slow,1471.74,0,1,none
2026-03-14T00:29:30+00:00,api/normal,1.12,0,1,none
2026-03-14T00:29:30+00:00,api/error,1.75,1,1,SYSTEM_ERROR
2026-03-14T00:29:30+00:00,api/normal,0.64,0,1,none
2026-03-14T00:29:31+00:00,api/normal,0.66,0,1,none
2026-03-14T00:29:31+00:00,api/normal,0.66,0,1,none
2026-03-14T00:29:31+00:00,api/normal,0.64,0,1,none
2026-03-14T00:29:31+00:00,api/normal,0.64,0,1,none
2026-03-14T00:29:31+00:00,api/normal,0.73,0,1,none
2026-03-14T00:29:32+00:00,api/slow,1020.92,0,1,none
2026-03-14T00:29:32+00:00,api/normal,0.65,0,1,none
2026-03-14T00:29:32+00:00,api/normal,0.65,0,1,none
2026-03-14T00:29:32+00:00,api/normal,0.68,0,1,none
2026-03-14T00:29:32+00:00,api/normal,0.64,0,1,none
2026-03-14T00:29:32+00:00,api/normal,0.67,0,1,none
2026-03-14T00:29:32+00:00,api/normal,0.75,0,1,none
2026-03-14T00:29:32+00:00,api/normal,0.85,0,1,none
2026-03-14T00:29:32+00:00,api/normal,0.64,0,1,none
2026-03-14T00:29:32+00:00,api/normal,0.65,0,1,none
2026-03-14T00:29:38+00:00,api/slow,6002.03,0,1,TIMEOUT_ERROR
2026-03-14T00:29:38+00:00,api/normal,1.12,0,1,none
2026-03-14T00:29:38+00:00,api/normal,0.64,0,1,none
2026-03-14T00:29:38+00:00,api/normal,0.68,0,1,none
2026-03-14T00:29:38+00:00,api/normal,0.67,0,1,none
2026-03-14T00:29:38+00:00,api/normal,0.66,0,1,none
2026-03-14T00:29:38+00:00,api/normal,0.64,0,1,none
2026-03-14T00:29:39+00:00,api/slow,1243.38,0,1,none
2026-03-14T00:29:39+00:00,api/error,1.8,1,1,SYSTEM_ERROR
2026-03-14T00:29:39+00:00,api/normal,0.65,0,1,none
2026-03-14T00:29:39+00:00,api/normal,0.67,0,1,none
2026-03-14T00:29:39+00:00,api/normal,0.66,0,1,none
2026-03-14T00:29:46+00:00,api/slow,7014.61,0,1,TIMEOUT_ERROR
2026-03-14T00:29:46+00:00,api/normal,1.12,0,1,none
2026-03-14T00:29:48+00:00,api/slow,1490.64,0,1,none
2026-03-14T00:29:48+00:00,api/validate,3.64,1,1,UNKNOWN
2026-03-14T00:29:48+00:00,api/normal,0.73,0,1,none
2026-03-14T00:29:48+00:00,api/normal,0.68,0,1,none
2026-03-14T00:29:48+00:00,api/normal,0.7,0,1,none
2026-03-14T00:29:49+00:00,api/slow,1277.36,0,1,none
2026-03-14T00:29:51+00:00,api/slow,1530.78,0,1,none
2026-03-14T00:29:51+00:00,api/db,2.85,0,1,none
2026-03-14T00:29:51+00:00,api/validate,1.79,1,1,UNKNOWN
2026-03-14T00:29:51+00:00,api/normal,0.7,0,1,none
2026-03-14T00:29:51+00:00,api/normal,0.65,0,1,none
2026-03-14T00:29:51+00:00,api/normal,0.64,0,1,none
2026-03-14T00:29:52+00:00,api/slow,1040.02,0,1,none
2026-03-14T00:29:52+00:00,api/normal,1.13,0,1,none
2026-03-14T00:29:52+00:00,api/normal,0.64,0,1,none
2026-03-14T00:29:52+00:00,api/normal,0.65,0,1,none
2026-03-14T00:29:52+00:00,api/normal,0.84,0,1,none
2026-03-14T00:29:52+00:00,api/normal,0.67,0,1,none
2026-03-14T00:29:52+00:00,api/normal,0.67,0,1,none
2026-03-14T00:29:52+00:00,api/normal,0.67,0,1,none
2026-03-14T00:29:52+00:00,api/normal,0.66,0,1,none
2026-03-14T00:29:52+00:00,api/normal,0.66,0,1,none
2026-03-14T00:29:52+00:00,api/normal,0.85,0,1,none
2026-03-14T00:29:52+00:00,api/normal,0.65,0,1,none
2026-03-14T00:29:52+00:00,api/normal,0.65,0,1,none
2026-03-14T00:29:52+00:00,api/normal,0.66,0,1,none
2026-03-14T00:29:54+00:00,api/slow,1853.97,0,1,none
2026-03-14T00:29:54+00:00,api/normal,0.65,0,1,none
2026-03-14T00:29:56+00:00,api/slow,1545.1,0,1,none
2026-03-14T00:29:57+00:00,api/slow,1609.37,0,1,none
2026-03-14T00:30:02+00:00,api/slow,5012.42,0,1,TIMEOUT_ERROR
2026-03-14T00:30:02+00:00,api/normal,1.11,0,1,none
2026-03-14T00:30:02+00:00,api/normal,0.77,0,1,none
2026-03-14T00:30:04+00:00,api/slow,1589.4,0,1,none
2026-03-14T00:30:04+00:00,api/normal,0.67,0,1,none
2026-03-14T00:30:04+00:00,api/normal,0.66,0,1,none
2026-03-14T00:30:04+00:00,api/normal,0.64,0,1,none
2026-03-14T00:30:04+00:00,api/db,2.91,0,1,none
2026-03-14T00:30:06+00:00,api/slow,1654.6,0,1,none
2026-03-14T00:30:07+00:00,api/slow,1575.67,0,1,none
2026-03-14T00:30:07+00:00,api/normal,0.73,0,1,none
2026-03-14T00:30:07+00:00,api/normal,0.9,0,1,none
2026-03-14T00:30:07+00:00,api/normal,0.84,0,1,none
2026-03-14T00:30:07+00:00,api/normal,0.65,0,1,none
2026-03-14T00:30:09+00:00,api/slow,1323.02,0,1,none
2026-03-14T00:30:11+00:00,api/slow,1928.23,0,1,none
2026-03-14T00:30:12+00:00,api/slow,1131.65,0,1,none
2026-03-14T00:30:12+00:00,api/normal,1.27,0,1,none
2026-03-14T00:30:12+00:00,api/error,1.75,1,1,SYSTEM_ERROR
2026-03-14T00:30:12+00:00,api/normal,0.74,0,1,none
2026-03-14T00:30:12+00:00,api/normal,0.77,0,1,none
2026-03-14T00:30:14+00:00,api/slow,1661.03,0,1,none
2026-03-14T00:30:14+00:00,api/db,2.78,0,1,none
2026-03-14T00:30:14+00:00,api/error,1.54,1,1,SYSTEM_ERROR
2026-03-14T00:30:14+00:00,api/error,1.51,1,1,SYSTEM_ERROR
2026-03-14T00:30:15+00:00,api/slow,1157.2,0,1,none
2026-03-14T00:30:15+00:00,api/normal,1.22,0,1,none
2026-03-14T00:30:15+00:00,api/normal,0.93,0,1,none
2026-03-14T00:30:15+00:00,api/normal,0.77,0,1,none
2026-03-14T00:30:15+00:00,api/normal,0.73,0,1,none
2026-03-14T00:30:15+00:00,api/normal,0.79,0,1,none
2026-03-14T00:30:15+00:00,api/normal,0.79,0,1,none
2026-03-14T00:30:15+00:00,api/normal,0.67,0,1,none
2026-03-14T00:30:15+00:00,api/db,3.01,0,1,none
2026-03-14T00:30:17+00:00,api/slow,1831.71,0,1,none
2026-03-14T00:30:18+00:00,api/slow,1273.76,0,1,none
2026-03-14T00:30:18+00:00,api/normal,1.11,0,1,none
2026-03-14T00:30:18+00:00,api/normal,0.66,0,1,none
2026-03-14T00:30:18+00:00,api/normal,0.7,0,1,none
2026-03-14T00:30:20+00:00,api/slow,1677.61,0,1,none
2026-03-14T00:30:20+00:00,api/normal,0.73,0,1,none
2026-03-14T00:30:20+00:00,api/normal,0.65,0,1,none
2026-03-14T00:30:27+00:00,api/slow,7004.38,0,1,TIMEOUT_ERROR
2026-03-14T00:30:27+00:00,api/normal,1.39,0,1,none
2026-03-14T00:30:27+00:00,api/normal,0.64,0,1,none
2026-03-14T00:30:27+00:00,api/normal,0.64,0,1,none
2026-03-14T00:30:27+00:00,api/normal,0.74,0,1,none
2026-03-14T00:30:27+00:00,api/normal,0.68,0,1,none
2026-03-14T00:30:27+00:00,api/normal,0.76,0,1,none
2026-03-14T00:30:27+00:00,api/normal,0.66,0,1,none
2026-03-14T00:30:27+00:00,api/normal,0.64,0,1,none
2026-03-14T00:30:27+00:00,api/normal,0.65,0,1,none
2026-03-14T00:30:27+00:00,api/normal,0.64,0,1,none
2026-03-14T00:30:27+00:00,api/normal,0.8,0,1,none
2026-03-14T00:30:27+00:00,api/normal,1.51,0,1,none
2026-03-14T00:30:27+00:00,api/normal,0.65,0,1,none
2026-03-14T00:30:27+00:00,api/normal,0.65,0,1,none
2026-03-14T00:30:29+00:00,api/slow,1874.99,0,1,none
2026-03-14T00:30:29+00:00,api/normal,0.67,0,1,none
2026-03-14T00:30:29+00:00,api/normal,0.66,0,1,none
2026-03-14T00:30:29+00:00,api/normal,0.66,0,1,none
2026-03-14T00:30:29+00:00,api/normal,0.66,0,1,none
2026-03-14T00:30:29+00:00,api/normal,0.65,0,1,none
2026-03-14T00:30:29+00:00,api/normal,0.66,0,1,none
2026-03-14T00:30:29+00:00,api/normal,0.64,0,1,none
2026-03-14T00:30:29+00:00,api/db,2.84,0,1,none
2026-03-14T00:30:29+00:00,api/normal,0.67,0,1,none
2026-03-14T00:30:29+00:00,api/normal,0.69,0,1,none
2026-03-14T00:30:29+00:00,api/normal,0.65,0,1,none
2026-03-14T00:30:29+00:00,api/normal,1.3,0,1,none
2026-03-14T00:30:29+00:00,api/error,1.98,1,1,SYSTEM_ERROR
2026-03-14T00:30:29+00:00,api/normal,0.75,0,1,none
2026-03-14T00:30:29+00:00,api/normal,0.65,0,1,none
2026-03-14T00:30:34+00:00,api/slow,5005.02,0,1,TIMEOUT_ERROR
2026-03-14T00:30:36+00:00,api/slow,1634.27,0,1,none
2026-03-14T00:30:36+00:00,api/normal,0.8,0,1,none
2026-03-14T00:30:36+00:00,api/normal,0.78,0,1,none
2026-03-14T00:30:36+00:00,api/normal,0.68,0,1,none
2026-03-14T00:30:36+00:00,api/normal,0.67,0,1,none
2026-03-14T00:30:36+00:00,api/normal,0.64,0,1,none
2026-03-14T00:30:36+00:00,api/normal,0.66,0,1,none
2026-03-14T00:30:36+00:00,api/normal,0.76,0,1,none
2026-03-14T00:30:36+00:00,api/normal,0.8,0,1,none
2026-03-14T00:30:36+00:00,api/normal,0.63,0,1,none
2026-03-14T00:30:36+00:00,api/normal,0.66,0,1,none
2026-03-14T00:30:36+00:00,api/normal,0.64,0,1,none
2026-03-14T00:30:42+00:00,api/slow,6006.25,0,1,TIMEOUT_ERROR
2026-03-14T00:30:42+00:00,api/normal,1.24,0,1,none
2026-03-14T00:30:42+00:00,api/normal,0.65,0,1,none
2026-03-14T00:30:42+00:00,api/normal,0.67,0,1,none
2026-03-14T00:30:42+00:00,api/normal,0.7,0,1,none
2026-03-14T00:30:42+00:00,api/normal,0.65,0,1,none
2026-03-14T00:30:42+00:00,api/normal,0.64,0,1,none
2026-03-14T00:30:42+00:00,api/normal,0.75,0,1,none
2026-03-14T00:30:42+00:00,api/normal,0.66,0,1,none
2026-03-14T00:30:42+00:00,api/normal,0.66,0,1,none
2026-03-14T00:30:42+00:00,api/normal,0.75,0,1,none
2026-03-14T00:30:42+00:00,api/normal,0.69,0,1,none
2026-03-14T00:30:42+00:00,api/normal,0.66,0,1,none
2026-03-14T00:30:42+00:00,api/normal,0.65,0,1,none
2026-03-14T00:30:42+00:00,api/normal,0.65,0,1,none
2026-03-14T00:30:42+00:00,api/normal,0.65,0,1,none
2026-03-14T00:30:43+00:00,api/normal,0.65,0,1,none
2026-03-14T00:30:43+00:00,api/normal,0.67,0,1,none
2026-03-14T00:30:43+00:00,api/normal,0.77,0,1,none
2026-03-14T00:30:43+00:00,api/normal,0.8,0,1,none
2026-03-14T00:30:43+00:00,api/normal,0.65,0,1,none
2026-03-14T00:30:44+00:00,api/slow,1249.67,0,1,none
2026-03-14T00:30:44+00:00,api/normal,0.7,0,1,none
2026-03-14T00:30:44+00:00,api/normal,0.66,0,1,none
2026-03-14T00:30:44+00:00,api/normal,0.65,0,1,none
2026-03-14T00:30:44+00:00,api/normal,0.7,0,1,none
2026-03-14T00:30:44+00:00,api/normal,0.66,0,1,none
2026-03-14T00:30:44+00:00,api/normal,0.66,0,1,none
2026-03-14T00:30:44+00:00,api/normal,0.65,0,1,none
2026-03-14T00:30:44+00:00,api/normal,0.72,0,1,none
2026-03-14T00:30:44+00:00,api/normal,0.64,0,1,none
2026-03-14T00:30:44+00:00,api/normal,0.67,0,1,none
2026-03-14T00:30:44+00:00,api/normal,0.74,0,1,none
2026-03-14T00:30:44+00:00,api/normal,0.67,0,1,none
2026-03-14T00:30:44+00:00,api/normal,0.65,0,1,none
2026-03-14T00:30:44+00:00,api/normal,0.71,0,1,none
2026-03-14T00:30:44+00:00,api/normal,0.81,0,1,none
2026-03-14T00:30:46+00:00,api/slow,1827.03,0,1,none
2026-03-14T00:30:47+00:00,api/slow,1222.13,0,1,none
2026-03-14T00:30:47+00:00,api/normal,1.05,0,1,none
2026-03-14T00:30:47+00:00,api/normal,0.86,0,1,none
2026-03-14T00:30:47+00:00,api/normal,0.96,0,1,none
2026-03-14T00:30:47+00:00,api/normal,0.8,0,1,none
2026-03-14T00:30:53+00:00,api/slow,6014.06,0,1,TIMEOUT_ERROR
2026-03-14T00:30:53+00:00,api/normal,1.34,0,1,none
2026-03-14T00:30:53+00:00,api/normal,0.66,0,1,none
2026-03-14T00:30:53+00:00,api/normal,0.66,0,1,none
2026-03-14T00:30:55+00:00,api/slow,1388.85,0,1,none
2026-03-14T00:30:55+00:00,api/db,3.9,0,1,none
2026-03-14T00:30:55+00:00,api/error,2.07,1,1,SYSTEM_ERROR
2026-03-14T00:30:55+00:00,api/normal,0.64,0,1,none
2026-03-14T00:30:55+00:00,api/normal,0.65,0,1,none
2026-03-14T00:30:55+00:00,api/normal,0.66,0,1,none
2026-03-14T00:30:55+00:00,api/normal,0.64,0,1,none
2026-03-14T00:30:55+00:00,api/normal,0.65,0,1,none
2026-03-14T00:30:55+00:00,api/normal,0.68,0,1,none
2026-03-14T00:30:55+00:00,api/normal,0.65,0,1,none
2026-03-14T00:30:56+00:00,api/slow,1150.82,0,1,none
2026-03-14T00:30:56+00:00,api/normal,1.15,0,1,none
2026-03-14T00:30:57+00:00,api/slow,1101.75,0,1,none
2026-03-14T00:31:04+00:00,api/slow,7003.72,0,1,TIMEOUT_ERROR
2026-03-14T00:31:04+00:00,api/normal,1.1,0,1,none
2026-03-14T00:31:04+00:00,api/normal,0.66,0,1,none
2026-03-14T00:31:06+00:00,api/slow,1718.15,0,1,none
2026-03-14T00:31:06+00:00,api/normal,0.71,0,1,none
2026-03-14T00:31:06+00:00,api/normal,0.67,0,1,none
2026-03-14T00:31:06+00:00,api/error,1.83,1,1,SYSTEM_ERROR
2026-03-14T00:31:08+00:00,api/slow,1347.72,0,1,none
2026-03-14T00:31:08+00:00,api/normal,3.92,0,1,none
2026-03-14T00:31:08+00:00,api/normal,0.88,0,1,none
2026-03-14T00:31:08+00:00,api/normal,0.93,0,1,none
2026-03-14T00:31:08+00:00,api/normal,0.8,0,1,none
2026-03-14T00:31:08+00:00,api/normal,0.67,0,1,none
2026-03-14T00:31:08+00:00,api/normal,0.97,0,1,none
2026-03-14T00:31:08+00:00,api/normal,0.74,0,1,none
2026-03-14T00:31:08+00:00,api/normal,0.74,0,1,none
2026-03-14T00:31:09+00:00,api/slow,1328.67,0,1,none
2026-03-14T00:31:09+00:00,api/normal,0.74,0,1,none
2026-03-14T00:31:09+00:00,api/normal,0.84,0,1,none
2026-03-14T00:31:09+00:00,api/normal,0.71,0,1,none
2026-03-14T00:31:09+00:00,api/normal,0.72,0,1,none
2026-03-14T00:31:09+00:00,api/normal,0.73,0,1,none
2026-03-14T00:31:09+00:00,api/normal,0.65,0,1,none
2026-03-14T00:31:09+00:00,api/normal,0.67,0,1,none
2026-03-14T00:31:09+00:00,api/normal,0.66,0,1,none
2026-03-14T00:31:09+00:00,api/normal,0.65,0,1,none
2026-03-14T00:31:09+00:00,api/normal,0.64,0,1,none
2026-03-14T00:31:10+00:00,api/slow,1123.16,0,1,none
2026-03-14T00:31:10+00:00,api/normal,0.65,0,1,none
2026-03-14T00:31:10+00:00,api/normal,0.68,0,1,none
2026-03-14T00:31:10+00:00,api/normal,0.74,0,1,none
2026-03-14T00:31:10+00:00,api/error,1.9,1,1,SYSTEM_ERROR
2026-03-14T00:31:10+00:00,api/normal,0.66,0,1,none
2026-03-14T00:31:12+00:00,api/slow,1316.76,0,1,none
2026-03-14T00:31:14+00:00,api/slow,1770.88,0,1,none
2026-03-14T00:31:14+00:00,api/normal,0.78,0,1,none
2026-03-14T00:31:14+00:00,api/normal,0.67,0,1,none
2026-03-14T00:31:14+00:00,api/normal,0.69,0,1,none
2026-03-14T00:31:14+00:00,api/normal,0.64,0,1,none
2026-03-14T00:31:14+00:00,api/normal,0.66,0,1,none
2026-03-14T00:31:14+00:00,api/normal,0.65,0,1,none
2026-03-14T00:31:19+00:00,api/slow,5014.35,0,1,TIMEOUT_ERROR
2026-03-14T00:31:19+00:00,api/normal,1.26,0,1,none
2026-03-14T00:31:19+00:00,api/normal,0.72,0,1,none
2026-03-14T00:31:19+00:00,api/error,2.01,1,1,SYSTEM_ERROR
2026-03-14T00:31:19+00:00,api/normal,0.66,0,1,none
2026-03-14T00:31:19+00:00,api/error,1.66,1,1,SYSTEM_ERROR
2026-03-14T00:31:19+00:00,api/normal,0.97,0,1,none
2026-03-14T00:31:19+00:00,api/normal,0.74,0,1,none
2026-03-14T00:31:19+00:00,api/normal,0.68,0,1,none
2026-03-14T00:31:19+00:00,api/normal,0.72,0,1,none
2026-03-14T00:31:19+00:00,api/normal,0.77,0,1,none
2026-03-14T00:31:21+00:00,api/slow,1503.98,0,1,none
2026-03-14T00:31:21+00:00,api/normal,0.65,0,1,none
2026-03-14T00:31:21+00:00,api/normal,0.64,0,1,none
2026-03-14T00:31:27+00:00,api/slow,6001.26,0,1,TIMEOUT_ERROR
2026-03-14T00:31:27+00:00,api/normal,1.13,0,1,none
2026-03-14T00:31:28+00:00,api/slow,1120.86,0,1,none
2026-03-14T00:31:29+00:00,api/slow,1397.21,0,1,none
2026-03-14T00:31:29+00:00,api/normal,0.66,0,1,none
2026-03-14T00:31:29+00:00,api/normal,0.65,0,1,none
2026-03-14T00:31:31+00:00,api/slow,1700.77,0,1,none
2026-03-14T00:31:32+00:00,api/slow,1182.92,0,1,none
2026-03-14T00:31:32+00:00,api/normal,0.67,0,1,none
2026-03-14T00:31:32+00:00,api/normal,0.69,0,1,none
2026-03-14T00:31:32+00:00,api/normal,0.64,0,1,none
2026-03-14T00:31:32+00:00,api/normal,0.67,0,1,none
2026-03-14T00:31:32+00:00,api/normal,0.69,0,1,none
2026-03-14T00:31:32+00:00,api/normal,0.67,0,1,none
2026-03-14T00:31:32+00:00,api/error,1.88,1,1,SYSTEM_ERROR
2026-03-14T00:31:32+00:00,api/normal,0.7,0,1,none
2026-03-14T00:31:34+00:00,api/slow,1798.97,0,1,none
2026-03-14T00:31:34+00:00,api/normal,0.66,0,1,none
2026-03-14T00:31:34+00:00,api/normal,0.64,0,1,none
2026-03-14T00:31:34+00:00,api/normal,0.64,0,1,none
2026-03-14T00:31:34+00:00,api/normal,0.65,0,1,none
2026-03-14T00:31:34+00:00,api/normal,0.65,0,1,none
2026-03-14T00:31:34+00:00,api/normal,0.75,0,1,none
2026-03-14T00:31:34+00:00,api/normal,0.65,0,1,none
2026-03-14T00:31:34+00:00,api/normal,0.68,0,1,none
2026-03-14T00:31:35+00:00,api/slow,1191.7,0,1,none
2026-03-14T00:31:35+00:00,api/normal,0.71,0,1,none
2026-03-14T00:31:35+00:00,api/normal,0.67,0,1,none
2026-03-14T00:31:35+00:00,api/normal,0.73,0,1,none
2026-03-14T00:31:36+00:00,api/normal,0.75,0,1,none
2026-03-14T00:31:36+00:00,api/db,2.89,0,1,none
2026-03-14T00:31:36+00:00,api/normal,0.67,0,1,none
2026-03-14T00:31:36+00:00,api/normal,0.64,0,1,none
2026-03-14T00:31:37+00:00,api/slow,1208.37,0,1,none
2026-03-14T00:31:37+00:00,api/normal,1.15,0,1,none
2026-03-14T00:31:37+00:00,api/normal,0.64,0,1,none
2026-03-14T00:31:37+00:00,api/normal,0.67,0,1,none
2026-03-14T00:31:37+00:00,api/normal,0.63,0,1,none
2026-03-14T00:31:37+00:00,api/normal,0.68,0,1,none
2026-03-14T00:31:37+00:00,api/normal,0.73,0,1,none
2026-03-14T00:31:37+00:00,api/normal,0.68,0,1,none
2026-03-14T00:31:44+00:00,api/slow,7003.97,0,1,TIMEOUT_ERROR
2026-03-14T00:31:44+00:00,api/normal,1.13,0,1,none
2026-03-14T00:31:45+00:00,api/slow,1085.23,0,1,none
2026-03-14T00:31:45+00:00,api/normal,0.75,0,1,none
2026-03-14T00:31:46+00:00,api/slow,1261.74,0,1,none
2026-03-14T00:31:46+00:00,api/normal,0.69,0,1,none
2026-03-14T00:31:46+00:00,api/normal,0.67,0,1,none
2026-03-14T00:31:47+00:00,api/slow,1021.03,0,1,none
2026-03-14T00:31:47+00:00,api/normal,1.2,0,1,none
2026-03-14T00:31:47+00:00,api/normal,0.68,0,1,none
2026-03-14T00:31:53+00:00,api/slow,5011.95,0,1,TIMEOUT_ERROR
2026-03-14T00:31:53+00:00,api/normal,1.22,0,1,none
2026-03-14T00:31:53+00:00,api/normal,0.66,0,1,none
2026-03-14T00:31:55+00:00,api/slow,1967.03,0,1,none
2026-03-14T00:31:55+00:00,api/normal,0.67,0,1,none
2026-03-14T00:31:55+00:00,api/normal,0.65,0,1,none
2026-03-14T00:31:55+00:00,api/normal,0.65,0,1,none
2026-03-14T00:31:56+00:00,api/slow,1308.32,0,1,none
2026-03-14T00:31:56+00:00,api/normal,1.11,0,1,none
2026-03-14T00:31:56+00:00,api/normal,0.66,0,1,none
2026-03-14T00:31:56+00:00,api/normal,0.65,0,1,none
2026-03-14T00:31:56+00:00,api/normal,0.65,0,1,none
2026-03-14T00:31:56+00:00,api/db,3.19,0,1,none
2026-03-14T00:31:58+00:00,api/slow,1595.31,0,1,none
2026-03-14T00:31:58+00:00,api/normal,0.66,0,1,none
2026-03-14T00:31:58+00:00,api/normal,0.68,0,1,none
2026-03-14T00:31:58+00:00,api/validate,3.6,1,1,UNKNOWN
2026-03-14T00:31:58+00:00,api/normal,0.95,0,1,none
2026-03-14T00:31:58+00:00,api/normal,0.74,0,1,none
2026-03-14T00:31:59+00:00,api/slow,1686.91,0,1,none
2026-03-14T00:31:59+00:00,api/normal,1.17,0,1,none
2026-03-14T00:31:59+00:00,api/normal,0.65,0,1,none
2026-03-14T00:31:59+00:00,api/normal,0.65,0,1,none
2026-03-14T00:31:59+00:00,api/normal,0.65,0,1,none
2026-03-14T00:32:01+00:00,api/slow,1242.89,0,1,none
2026-03-14T00:32:01+00:00,api/normal,0.67,0,1,none
2026-03-14T00:32:02+00:00,api/slow,1531.87,0,1,none
2026-03-14T00:32:02+00:00,api/normal,1.11,0,1,none
2026-03-14T00:32:02+00:00,api/normal,0.66,0,1,none
2026-03-14T00:32:02+00:00,api/normal,0.75,0,1,none
2026-03-14T00:32:07+00:00,api/slow,5005.27,0,1,TIMEOUT_ERROR
2026-03-14T00:32:07+00:00,api/normal,1.21,0,1,none
2026-03-14T00:32:07+00:00,api/validate,2.29,1,1,UNKNOWN
2026-03-14T00:32:07+00:00,api/normal,0.74,0,1,none
2026-03-14T00:32:07+00:00,api/normal,0.83,0,1,none
2026-03-14T00:32:07+00:00,api/normal,0.71,0,1,none
2026-03-14T00:32:08+00:00,api/normal,0.63,0,1,none
2026-03-14T00:32:09+00:00,api/slow,1840.37,0,1,none
2026-03-14T00:32:09+00:00,api/normal,0.73,0,1,none
2026-03-14T00:32:09+00:00,api/normal,0.69,0,1,none
2026-03-14T00:32:15+00:00,api/slow,6004.61,0,1,TIMEOUT_ERROR
2026-03-14T00:32:15+00:00,api/validate,2.62,1,1,UNKNOWN
2026-03-14T00:32:15+00:00,api/normal,0.65,0,1,none
2026-03-14T00:32:16+00:00,api/normal,0.67,0,1,none
2026-03-14T00:32:17+00:00,api/slow,1888.92,0,1,none
2026-03-14T00:32:17+00:00,api/normal,0.66,0,1,none
2026-03-14T00:32:17+00:00,api/normal,0.68,0,1,none
2026-03-14T00:32:17+00:00,api/normal,0.75,0,1,none
2026-03-14T00:32:18+00:00,api/normal,0.89,0,1,none
2026-03-14T00:32:18+00:00,api/normal,1.14,0,1,none
2026-03-14T00:32:18+00:00,api/normal,0.65,0,1,none
2026-03-14T00:32:18+00:00,api/normal,0.64,0,1,none
2026-03-14T00:32:18+00:00,api/normal,0.65,0,1,none
2026-03-14T00:32:18+00:00,api/normal,0.66,0,1,none
2026-03-14T00:32:18+00:00,api/normal,0.66,0,1,none
2026-03-14T00:32:19+00:00,api/slow,1415.86,0,1,none
2026-03-14T00:32:24+00:00,api/slow,5016.46,0,1,TIMEOUT_ERROR
2026-03-14T00:32:24+00:00,api/normal,1.21,0,1,none
2026-03-14T00:32:24+00:00,api/normal,0.66,0,1,none
2026-03-14T00:32:24+00:00,api/normal,0.66,0,1,none
2026-03-14T00:32:24+00:00,api/normal,0.65,0,1,none
2026-03-14T00:32:24+00:00,api/normal,0.66,0,1,none
2026-03-14T00:32:24+00:00,api/normal,0.78,0,1,none
2026-03-14T00:32:26+00:00,api/slow,1951.09,0,1,none
2026-03-14T00:32:26+00:00,api/normal,0.65,0,1,none
2026-03-14T00:32:26+00:00,api/normal,0.65,0,1,none
2026-03-14T00:32:26+00:00,api/normal,0.8,0,1,none
2026-03-14T00:32:26+00:00,api/normal,0.65,0,1,none
2026-03-14T00:32:27+00:00,api/slow,1106.62,0,1,none
2026-03-14T00:32:27+00:00,api/normal,1.79,0,1,none
2026-03-14T00:32:27+00:00,api/normal,0.84,0,1,none
2026-03-14T00:32:27+00:00,api/normal,0.83,0,1,none
2026-03-14T00:32:27+00:00,api/normal,0.74,0,1,none
2026-03-14T00:32:27+00:00,api/normal,0.86,0,1,none
2026-03-14T00:32:29+00:00,api/slow,1464.61,0,1,none
2026-03-14T00:32:29+00:00,api/normal,0.65,0,1,none
2026-03-14T00:32:31+00:00,api/slow,1696.71,0,1,none
2026-03-14T00:32:31+00:00,api/normal,1.31,0,1,none
2026-03-14T00:32:31+00:00,api/normal,0.66,0,1,none
2026-03-14T00:32:31+00:00,api/normal,0.66,0,1,none
2026-03-14T00:32:31+00:00,api/db,2.96,0,1,none
2026-03-14T00:32:32+00:00,api/slow,1126.42,0,1,none
2026-03-14T00:32:32+00:00,api/normal,0.65,0,1,none
2026-03-14T00:32:32+00:00,api/normal,0.66,0,1,none
2026-03-14T00:32:32+00:00,api/normal,0.67,0,1,none
2026-03-14T00:32:32+00:00,api/normal,0.64,0,1,none
2026-03-14T00:32:32+00:00,api/normal,0.77,0,1,none
2026-03-14T00:32:32+00:00,api/normal,0.66,0,1,none
2026-03-14T00:32:32+00:00,api/normal,0.68,0,1,none
2026-03-14T00:32:32+00:00,api/normal,0.64,0,1,none
2026-03-14T00:32:32+00:00,api/normal,0.67,0,1,none
2026-03-14T00:32:32+00:00,api/normal,0.64,0,1,none
2026-03-14T00:32:32+00:00,api/normal,0.66,0,1,none
2026-03-14T00:32:32+00:00,api/normal,0.66,0,1,none
2026-03-14T00:32:32+00:00,api/normal,0.64,0,1,none
2026-03-14T00:32:34+00:00,api/slow,1725.3,0,1,none
2026-03-14T00:32:34+00:00,api/normal,1.13,0,1,none
2026-03-14T00:32:34+00:00,api/normal,0.65,0,1,none
2026-03-14T00:32:34+00:00,api/normal,0.64,0,1,none
2026-03-14T00:32:34+00:00,api/normal,0.71,0,1,none
2026-03-14T00:32:36+00:00,api/slow,1704.09,0,1,none
2026-03-14T00:32:36+00:00,api/normal,0.66,0,1,none
2026-03-14T00:32:36+00:00,api/normal,0.64,0,1,none
2026-03-14T00:32:43+00:00,api/slow,7011.95,0,1,TIMEOUT_ERROR
2026-03-14T00:32:43+00:00,api/normal,1.14,0,1,none
2026-03-14T00:32:43+00:00,api/normal,0.66,0,1,none
2026-03-14T00:32:44+00:00,api/slow,1673.31,0,1,none
2026-03-14T00:32:44+00:00,api/normal,0.65,0,1,none
2026-03-14T00:32:45+00:00,api/db,2.79,0,1,none
2026-03-14T00:32:45+00:00,api/normal,0.66,0,1,none
2026-03-14T00:32:46+00:00,api/slow,1457.03,0,1,none
2026-03-14T00:32:48+00:00,api/slow,1994.51,0,1,none
2026-03-14T00:32:48+00:00,api/normal,0.65,0,1,none
2026-03-14T00:32:48+00:00,api/normal,0.71,0,1,none
2026-03-14T00:32:48+00:00,api/normal,0.95,0,1,none
2026-03-14T00:32:48+00:00,api/normal,0.67,0,1,none
2026-03-14T00:32:48+00:00,api/normal,0.65,0,1,none
2026-03-14T00:32:48+00:00,api/normal,0.65,0,1,none
2026-03-14T00:32:48+00:00,api/normal,0.66,0,1,none
2026-03-14T00:32:48+00:00,api/normal,0.64,0,1,none
2026-03-14T00:32:48+00:00,api/normal,0.67,0,1,none
2026-03-14T00:32:48+00:00,api/normal,0.94,0,1,none
2026-03-14T00:32:48+00:00,api/normal,0.72,0,1,none
2026-03-14T00:32:48+00:00,api/normal,0.66,0,1,none
2026-03-14T00:32:48+00:00,api/normal,0.69,0,1,none
2026-03-14T00:32:48+00:00,api/normal,0.66,0,1,none
2026-03-14T00:32:48+00:00,api/normal,0.65,0,1,none
2026-03-14T00:32:48+00:00,api/normal,0.64,0,1,none
2026-03-14T00:32:48+00:00,api/normal,0.67,0,1,none
2026-03-14T00:32:48+00:00,api/normal,0.65,0,1,none
2026-03-14T00:32:48+00:00,api/normal,0.67,0,1,none
2026-03-14T00:32:48+00:00,api/normal,0.72,0,1,none
2026-03-14T00:32:50+00:00,api/slow,1398.54,0,1,none
2026-03-14T00:32:50+00:00,api/normal,1.55,0,1,none
2026-03-14T00:32:50+00:00,api/normal,0.75,0,1,none
2026-03-14T00:32:50+00:00,api/validate,1.96,1,1,UNKNOWN
2026-03-14T00:32:50+00:00,api/normal,0.65,0,1,none
2026-03-14T00:32:50+00:00,api/error,1.82,1,1,SYSTEM_ERROR
2026-03-14T00:32:50+00:00,api/normal,0.85,0,1,none
2026-03-14T00:32:50+00:00,api/normal,0.68,0,1,none
2026-03-14T00:32:50+00:00,api/normal,0.68,0,1,none
2026-03-14T00:32:50+00:00,api/normal,0.65,0,1,none
2026-03-14T00:32:52+00:00,api/slow,1871.92,0,1,none
2026-03-14T00:32:52+00:00,api/normal,0.68,0,1,none
2026-03-14T00:32:52+00:00,api/normal,0.65,0,1,none
2026-03-14T00:32:54+00:00,api/slow,1922.38,0,1,none
2026-03-14T00:32:54+00:00,api/normal,1.11,0,1,none
2026-03-14T00:32:54+00:00,api/normal,0.64,0,1,none
2026-03-14T00:32:54+00:00,api/normal,0.65,0,1,none
2026-03-14T00:32:54+00:00,api/normal,0.65,0,1,none
2026-03-14T00:32:55+00:00,api/slow,1094.26,0,1,none
2026-03-14T00:32:55+00:00,api/normal,0.64,0,1,none
2026-03-14T00:32:55+00:00,api/normal,0.66,0,1,none
2026-03-14T00:32:55+00:00,api/normal,0.67,0,1,none
2026-03-14T00:32:55+00:00,api/normal,0.7,0,1,none
2026-03-14T00:32:55+00:00,api/normal,0.66,0,1,none
2026-03-14T00:32:56+00:00,api/slow,1249.31,0,1,none
2026-03-14T00:32:58+00:00,api/slow,1355.87,0,1,none
2026-03-14T00:32:58+00:00,api/normal,1.11,0,1,none
2026-03-14T00:32:58+00:00,api/normal,0.66,0,1,none
2026-03-14T00:32:58+00:00,api/normal,0.8,0,1,none
2026-03-14T00:32:58+00:00,api/error,1.94,1,1,SYSTEM_ERROR
2026-03-14T00:32:58+00:00,api/normal,0.83,0,1,none
2026-03-14T00:32:58+00:00,api/normal,0.77,0,1,none
2026-03-14T00:33:00+00:00,api/slow,1651.12,0,1,none
2026-03-14T00:33:01+00:00,api/slow,1039.12,0,1,none
2026-03-14T00:33:01+00:00,api/normal,1.16,0,1,none
2026-03-14T00:33:01+00:00,api/error,1.77,1,1,SYSTEM_ERROR
2026-03-14T00:33:01+00:00,api/db,3.18,0,1,none
2026-03-14T00:33:01+00:00,api/normal,0.67,0,1,none
2026-03-14T00:33:01+00:00,api/normal,0.65,0,1,none
2026-03-14T00:33:01+00:00,api/normal,0.65,0,1,none
2026-03-14T00:33:01+00:00,api/normal,0.63,0,1,none
2026-03-14T00:33:01+00:00,api/normal,0.72,0,1,none
2026-03-14T00:33:01+00:00,api/error,1.52,1,1,SYSTEM_ERROR
2026-03-14T00:33:01+00:00,api/normal,0.66,0,1,none
2026-03-14T00:33:01+00:00,api/normal,0.65,0,1,none
2026-03-14T00:33:01+00:00,api/validate,1.48,1,1,UNKNOWN
2026-03-14T00:33:01+00:00,api/normal,0.65,0,1,none
2026-03-14T00:33:01+00:00,api/error,1.53,1,1,SYSTEM_ERROR
2026-03-14T00:33:01+00:00,api/normal,0.76,0,1,none
2026-03-14T00:33:02+00:00,api/slow,1544.9,0,1,none
2026-03-14T00:33:02+00:00,api/normal,0.65,0,1,none
2026-03-14T00:33:02+00:00,api/normal,0.69,0,1,none
2026-03-14T00:33:03+00:00,api/normal,0.67,0,1,none
2026-03-14T00:33:03+00:00,api/validate,1.64,1,1,UNKNOWN
2026-03-14T00:33:03+00:00,api/db,2.84,0,1,none
2026-03-14T00:33:04+00:00,api/slow,1170.17,0,1,none
2026-03-14T00:33:04+00:00,api/normal,1.14,0,1,none
2026-03-14T00:33:04+00:00,api/normal,0.65,0,1,none
2026-03-14T00:33:04+00:00,api/normal,0.67,0,1,none
2026-03-14T00:33:04+00:00,api/validate,1.77,1,1,UNKNOWN
2026-03-14T00:33:04+00:00,api/normal,0.65,0,1,none
2026-03-14T00:33:05+00:00,api/slow,1293.29,0,1,none
2026-03-14T00:33:05+00:00,api/normal,0.71,0,1,none
2026-03-14T00:33:05+00:00,api/normal,0.64,0,1,none
2026-03-14T00:33:05+00:00,api/db,2.88,0,1,none
2026-03-14T00:33:05+00:00,api/normal,0.64,0,1,none
2026-03-14T00:33:05+00:00,api/normal,0.64,0,1,none
2026-03-14T00:33:05+00:00,api/normal,0.64,0,1,none
2026-03-14T00:33:06+00:00,api/slow,1151.58,0,1,none
2026-03-14T00:33:06+00:00,api/normal,0.67,0,1,none
2026-03-14T00:33:08+00:00,api/slow,1914.28,0,1,none
2026-03-14T00:33:08+00:00,api/normal,1.15,0,1,none
2026-03-14T00:33:10+00:00,api/slow,1390.05,0,1,none
2026-03-14T00:33:11+00:00,api/slow,1563.5,0,1,none
2026-03-14T00:33:11+00:00,api/validate,6.31,1,1,UNKNOWN
2026-03-14T00:33:11+00:00,api/normal,0.74,0,1,none
2026-03-14T00:33:19+00:00,api/slow,7013.25,0,1,TIMEOUT_ERROR
2026-03-14T00:33:19+00:00,api/normal,1.21,0,1,none
2026-03-14T00:33:19+00:00,api/normal,0.67,0,1,none
2026-03-14T00:33:19+00:00,api/normal,0.65,0,1,none
2026-03-14T00:33:19+00:00,api/normal,0.64,0,1,none
2026-03-14T00:33:19+00:00,api/normal,0.65,0,1,none
2026-03-14T00:33:19+00:00,api/validate,2.07,1,1,UNKNOWN
2026-03-14T00:33:19+00:00,api/normal,0.64,0,1,none
2026-03-14T00:33:19+00:00,api/normal,0.65,0,1,none
2026-03-14T00:33:20+00:00,api/slow,1145.4,0,1,none
2026-03-14T00:33:20+00:00,api/normal,0.76,0,1,none
2026-03-14T00:33:20+00:00,api/db,2.82,0,1,none
2026-03-14T00:33:20+00:00,api/error,1.61,1,1,SYSTEM_ERROR
2026-03-14T00:33:20+00:00,api/normal,0.64,0,1,none
2026-03-14T00:33:20+00:00,api/validate,1.52,1,1,UNKNOWN
2026-03-14T00:33:20+00:00,api/normal,0.68,0,1,none
2026-03-14T00:33:20+00:00,api/normal,0.66,0,1,none
2026-03-14T00:33:20+00:00,api/normal,0.72,0,1,none
2026-03-14T00:33:20+00:00,api/normal,0.68,0,1,none
2026-03-14T00:33:20+00:00,api/normal,0.73,0,1,none
2026-03-14T00:33:21+00:00,api/slow,1366.17,0,1,none
2026-03-14T00:33:21+00:00,api/normal,0.66,0,1,none
2026-03-14T00:33:21+00:00,api/normal,0.67,0,1,none
2026-03-14T00:33:21+00:00,api/normal,0.65,0,1,none
2026-03-14T00:33:23+00:00,api/slow,1186.3,0,1,none
2026-03-14T00:33:23+00:00,api/normal,1.25,0,1,none
2026-03-14T00:33:23+00:00,api/normal,0.82,0,1,none
2026-03-14T00:33:25+00:00,api/slow,1885.16,0,1,none
2026-03-14T00:33:25+00:00,api/normal,0.68,0,1,none
2026-03-14T00:33:25+00:00,api/error,2.07,1,1,SYSTEM_ERROR
2026-03-14T00:33:26+00:00,api/slow,1515.09,0,1,none
2026-03-14T00:33:26+00:00,api/error,2.34,1,1,SYSTEM_ERROR
2026-03-14T00:33:26+00:00,api/normal,0.76,0,1,none
2026-03-14T00:33:26+00:00,api/normal,0.65,0,1,none
2026-03-14T00:33:26+00:00,api/normal,0.69,0,1,none
2026-03-14T00:33:28+00:00,api/slow,1817.77,0,1,none
2026-03-14T00:33:28+00:00,api/normal,0.67,0,1,none
2026-03-14T00:33:30+00:00,api/slow,1385.91,0,1,none
2026-03-14T00:33:30+00:00,api/normal,1.1,0,1,none
2026-03-14T00:33:30+00:00,api/normal,0.64,0,1,none
2026-03-14T00:33:30+00:00,api/normal,0.66,0,1,none
2026-03-14T00:33:30+00:00,api/db,2.75,0,1,none
2026-03-14T00:33:30+00:00,api/normal,0.73,0,1,none
2026-03-14T00:33:30+00:00,api/normal,0.81,0,1,none
2026-03-14T00:33:30+00:00,api/normal,0.74,0,1,none
2026-03-14T00:33:30+00:00,api/normal,0.74,0,1,none
2026-03-14T00:33:30+00:00,api/normal,0.66,0,1,none
2026-03-14T00:33:30+00:00,api/normal,0.71,0,1,none
2026-03-14T00:33:31+00:00,api/slow,1640.84,0,1,none
2026-03-14T00:33:31+00:00,api/normal,0.64,0,1,none
2026-03-14T00:33:31+00:00,api/normal,0.66,0,1,none
2026-03-14T00:33:33+00:00,api/slow,1072.78,0,1,none
2026-03-14T00:33:33+00:00,api/normal,1.11,0,1,none
2026-03-14T00:33:33+00:00,api/normal,0.68,0,1,none
2026-03-14T00:33:33+00:00,api/normal,0.65,0,1,none
2026-03-14T00:33:33+00:00,api/normal,0.79,0,1,none
2026-03-14T00:33:34+00:00,api/slow,1853.85,0,1,none
2026-03-14T00:33:36+00:00,api/slow,1396.15,0,1,none
2026-03-14T00:33:36+00:00,api/normal,1.12,0,1,none
2026-03-14T00:33:37+00:00,api/slow,1208.73,0,1,none
2026-03-14T00:33:37+00:00,api/normal,0.66,0,1,none
2026-03-14T00:33:37+00:00,api/normal,0.97,0,1,none
2026-03-14T00:33:37+00:00,api/normal,0.77,0,1,none
2026-03-14T00:33:42+00:00,api/slow,5011.52,0,1,TIMEOUT_ERROR
2026-03-14T00:33:44+00:00,api/slow,1337.12,0,1,none
2026-03-14T00:33:44+00:00,api/normal,0.67,0,1,none
2026-03-14T00:33:45+00:00,api/slow,1308.45,0,1,none
2026-03-14T00:33:50+00:00,api/slow,5009.65,0,1,TIMEOUT_ERROR
2026-03-14T00:33:51+00:00,api/slow,1459.66,0,1,none
2026-03-14T00:33:51+00:00,api/db,2.86,0,1,none
2026-03-14T00:33:51+00:00,api/normal,0.66,0,1,none
2026-03-14T00:33:51+00:00,api/normal,0.73,0,1,none
2026-03-14T00:33:51+00:00,api/normal,0.65,0,1,none
2026-03-14T00:33:52+00:00,api/error,2.22,1,1,SYSTEM_ERROR
2026-03-14T00:33:52+00:00,api/normal,0.83,0,1,none
2026-03-14T00:33:52+00:00,api/normal,0.75,0,1,none
2026-03-14T00:33:52+00:00,api/normal,0.73,0,1,none
2026-03-14T00:33:53+00:00,api/slow,1609.81,0,1,none
2026-03-14T00:33:53+00:00,api/normal,1.13,0,1,none
2026-03-14T00:33:53+00:00,api/normal,0.64,0,1,none
2026-03-14T00:33:55+00:00,api/slow,1586.6,0,1,none
2026-03-14T00:33:57+00:00,api/slow,1841.96,0,1,none
2026-03-14T00:34:02+00:00,api/slow,5017.4,0,1,TIMEOUT_ERROR
2026-03-14T00:34:03+00:00,api/slow,1575.41,0,1,none
2026-03-14T00:34:10+00:00,api/slow,7010.79,0,1,TIMEOUT_ERROR
2026-03-14T00:34:10+00:00,api/normal,1.26,0,1,none
2026-03-14T00:34:10+00:00,api/error,3.43,1,1,SYSTEM_ERROR
2026-03-14T00:34:17+00:00,api/slow,6011.6,0,1,TIMEOUT_ERROR
2026-03-14T00:34:17+00:00,api/normal,1.11,0,1,none
2026-03-14T00:34:18+00:00,api/slow,1906.14,0,1,none
2026-03-14T00:34:18+00:00,api/normal,0.7,0,1,none
2026-03-14T00:34:18+00:00,api/normal,0.76,0,1,none
2026-03-14T00:34:19+00:00,api/normal,0.68,0,1,none
2026-03-14T00:34:20+00:00,api/slow,1189.68,0,1,none
2026-03-14T00:34:20+00:00,api/normal,1.45,0,1,none
2026-03-14T00:34:20+00:00,api/error,2.02,1,1,SYSTEM_ERROR
2026-03-14T00:34:20+00:00,api/normal,0.74,0,1,none
2026-03-14T00:34:20+00:00,api/normal,1.59,0,1,none
2026-03-14T00:34:20+00:00,api/normal,0.75,0,1,none
2026-03-14T00:34:20+00:00,api/normal,0.68,0,1,none
2026-03-14T00:34:20+00:00,api/normal,0.78,0,1,none
2026-03-14T00:34:21+00:00,api/slow,1367.84,0,1,none
2026-03-14T00:34:21+00:00,api/normal,0.72,0,1,none
2026-03-14T00:34:21+00:00,api/normal,0.64,0,1,none
2026-03-14T00:34:21+00:00,api/validate,1.69,1,1,UNKNOWN
2026-03-14T00:34:21+00:00,api/normal,0.64,0,1,none
2026-03-14T00:34:21+00:00,api/normal,0.67,0,1,none
2026-03-14T00:34:23+00:00,api/slow,1311.7,0,1,none
2026-03-14T00:34:23+00:00,api/normal,1.11,0,1,none
2026-03-14T00:34:23+00:00,api/normal,0.64,0,1,none
2026-03-14T00:34:23+00:00,api/normal,0.64,0,1,none
2026-03-14T00:34:23+00:00,api/normal,0.67,0,1,none
2026-03-14T00:34:23+00:00,api/normal,0.86,0,1,none
2026-03-14T00:34:28+00:00,api/slow,5002.84,0,1,TIMEOUT_ERROR
2026-03-14T00:34:28+00:00,api/normal,1.26,0,1,none
2026-03-14T00:34:28+00:00,api/validate,2.55,1,1,UNKNOWN
2026-03-14T00:34:30+00:00,api/slow,1732.35,0,1,none
2026-03-14T00:34:30+00:00,api/normal,0.78,0,1,none
2026-03-14T00:34:36+00:00,api/slow,6003.45,0,1,TIMEOUT_ERROR
2026-03-14T00:34:36+00:00,api/normal,1.32,0,1,none
2026-03-14T00:34:42+00:00,api/slow,6009.7,0,1,TIMEOUT_ERROR
2026-03-14T00:34:42+00:00,api/error,2.55,1,1,SYSTEM_ERROR
2026-03-14T00:34:42+00:00,api/normal,0.68,0,1,none
2026-03-14T00:34:42+00:00,api/error,1.47,1,1,SYSTEM_ERROR
2026-03-14T00:34:42+00:00,api/normal,0.64,0,1,none
2026-03-14T00:34:42+00:00,api/normal,0.64,0,1,none
2026-03-14T00:34:42+00:00,api/validate,1.6,1,1,UNKNOWN
2026-03-14T00:34:42+00:00,api/error,1.75,1,1,SYSTEM_ERROR
2026-03-14T00:34:42+00:00,api/db,2.93,0,1,none
2026-03-14T00:34:42+00:00,api/normal,0.67,0,1,none
2026-03-14T00:34:42+00:00,api/normal,0.64,0,1,none
2026-03-14T00:34:44+00:00,api/slow,1723.19,0,1,none
2026-03-14T00:34:44+00:00,api/normal,0.64,0,1,none
2026-03-14T00:34:44+00:00,api/normal,0.64,0,1,none
2026-03-14T00:34:44+00:00,api/normal,0.65,0,1,none
2026-03-14T00:34:44+00:00,api/normal,0.67,0,1,none
2026-03-14T00:34:50+00:00,api/slow,6015.64,0,1,TIMEOUT_ERROR
2026-03-14T00:34:50+00:00,api/normal,1.28,0,1,none
2026-03-14T00:34:50+00:00,api/normal,0.7,0,1,none
2026-03-14T00:34:50+00:00,api/normal,0.74,0,1,none
2026-03-14T00:34:50+00:00,api/normal,0.68,0,1,none
2026-03-14T00:34:51+00:00,api/slow,1384.64,0,1,none
2026-03-14T00:34:51+00:00,api/db,2.8,0,1,none
2026-03-14T00:34:51+00:00,api/normal,0.66,0,1,none
2026-03-14T00:34:56+00:00,api/slow,5011.51,0,1,TIMEOUT_ERROR
2026-03-14T00:34:56+00:00,api/normal,1.15,0,1,none
2026-03-14T00:34:56+00:00,api/normal,0.65,0,1,none
2026-03-14T00:34:56+00:00,api/normal,0.64,0,1,none
2026-03-14T00:34:56+00:00,api/normal,0.67,0,1,none
2026-03-14T00:34:56+00:00,api/normal,0.65,0,1,none
2026-03-14T00:34:57+00:00,api/normal,0.68,0,1,none
2026-03-14T00:34:57+00:00,api/normal,0.65,0,1,none
2026-03-14T00:34:57+00:00,api/normal,0.65,0,1,none
2026-03-14T00:34:57+00:00,api/normal,0.64,0,1,none
2026-03-14T00:34:57+00:00,api/normal,0.64,0,1,none
2026-03-14T00:34:57+00:00,api/normal,0.73,0,1,none
2026-03-14T00:34:57+00:00,api/normal,0.66,0,1,none
2026-03-14T00:34:58+00:00,api/slow,1304.35,0,1,none
2026-03-14T00:34:58+00:00,api/normal,0.66,0,1,none
2026-03-14T00:34:58+00:00,api/validate,1.8,1,1,UNKNOWN
2026-03-14T00:34:58+00:00,api/normal,0.67,0,1,none
2026-03-14T00:34:58+00:00,api/normal,0.75,0,1,none
2026-03-14T00:34:58+00:00,api/validate,1.51,1,1,UNKNOWN
2026-03-14T00:35:04+00:00,api/slow,6013.77,0,1,TIMEOUT_ERROR
2026-03-14T00:35:04+00:00,api/normal,1.26,0,1,none
2026-03-14T00:35:04+00:00,api/normal,0.64,0,1,none
2026-03-14T00:35:04+00:00,api/normal,0.67,0,1,none
2026-03-14T00:35:04+00:00,api/normal,0.67,0,1,none
2026-03-14T00:35:04+00:00,api/normal,0.65,0,1,none
2026-03-14T00:35:04+00:00,api/normal,0.71,0,1,none
2026-03-14T00:35:04+00:00,api/normal,0.68,0,1,none
2026-03-14T00:35:06+00:00,api/slow,1890.05,0,1,none
2026-03-14T00:35:06+00:00,api/normal,0.68,0,1,none
2026-03-14T00:35:08+00:00,api/slow,1542.81,0,1,none
2026-03-14T00:35:08+00:00,api/validate,3.03,1,1,UNKNOWN
2026-03-14T00:35:09+00:00,api/slow,1311.48,0,1,none
2026-03-14T00:35:09+00:00,api/db,2.89,0,1,none
2026-03-14T00:35:09+00:00,api/normal,0.65,0,1,none
2026-03-14T00:35:09+00:00,api/normal,0.67,0,1,none
2026-03-14T00:35:09+00:00,api/normal,0.66,0,1,none
2026-03-14T00:35:09+00:00,api/validate,1.5,1,1,UNKNOWN
2026-03-14T00:35:09+00:00,api/normal,0.64,0,1,none
2026-03-14T00:35:09+00:00,api/validate,1.52,1,1,UNKNOWN
2026-03-14T00:35:09+00:00,api/error,1.56,1,1,SYSTEM_ERROR
2026-03-14T00:35:09+00:00,api/normal,1,0,1,none
2026-03-14T00:35:11+00:00,api/slow,1720.76,0,1,none
2026-03-14T00:35:17+00:00,api/slow,6018.9,0,1,TIMEOUT_ERROR
2026-03-14T00:35:18+00:00,api/slow,1405.96,0,1,none
2026-03-14T00:35:18+00:00,api/normal,0.68,0,1,none
2026-03-14T00:35:18+00:00,api/normal,0.7,0,1,none
2026-03-14T00:35:20+00:00,api/slow,1352.86,0,1,none
2026-03-14T00:35:20+00:00,api/normal,1.35,0,1,none
2026-03-14T00:35:20+00:00,api/normal,0.7,0,1,none
2026-03-14T00:35:20+00:00,api/normal,0.67,0,1,none
2026-03-14T00:35:20+00:00,api/normal,1.32,0,1,none
2026-03-14T00:35:21+00:00,api/slow,1054.48,0,1,none
2026-03-14T00:35:21+00:00,api/normal,0.71,0,1,none
2026-03-14T00:35:22+00:00,api/slow,1333.2,0,1,none
2026-03-14T00:35:22+00:00,api/normal,0.66,0,1,none
2026-03-14T00:35:22+00:00,api/normal,0.69,0,1,none
2026-03-14T00:35:24+00:00,api/slow,1923.73,0,1,none
2026-03-14T00:35:24+00:00,api/normal,0.68,0,1,none
2026-03-14T00:35:24+00:00,api/normal,0.53,0,1,none
2026-03-14T00:35:24+00:00,api/normal,0.45,0,1,none
2026-03-14T00:35:24+00:00,api/normal,0.45,0,1,none
2026-03-14T00:35:24+00:00,api/normal,0.45,0,1,none
2026-03-14T00:35:24+00:00,api/normal,0.42,0,1,none
2026-03-14T00:35:26+00:00,api/slow,1140.38,0,1,none
2026-03-14T00:35:27+00:00,api/slow,1066.16,0,1,none
2026-03-14T00:35:27+00:00,api/normal,1.15,0,1,none
2026-03-14T00:35:27+00:00,api/normal,0.76,0,1,none
2026-03-14T00:35:27+00:00,api/normal,0.77,0,1,none
2026-03-14T00:35:27+00:00,api/validate,2.06,1,1,UNKNOWN
2026-03-14T00:35:27+00:00,api/normal,0.7,0,1,none
2026-03-14T00:35:33+00:00,api/slow,6001.92,0,1,TIMEOUT_ERROR
2026-03-14T00:35:33+00:00,api/normal,1.18,0,1,none
2026-03-14T00:35:33+00:00,api/normal,0.68,0,1,none
2026-03-14T00:35:38+00:00,api/slow,5004.41,0,1,TIMEOUT_ERROR
2026-03-14T00:35:38+00:00,api/normal,1.29,0,1,none
2026-03-14T00:35:38+00:00,api/normal,2.19,0,1,none
2026-03-14T00:35:38+00:00,api/normal,1.08,0,1,none
2026-03-14T00:35:38+00:00,api/normal,0.67,0,1,none
2026-03-14T00:35:38+00:00,api/normal,0.67,0,1,none
2026-03-14T00:35:38+00:00,api/normal,0.87,0,1,none
2026-03-14T00:35:38+00:00,api/normal,0.68,0,1,none
2026-03-14T00:35:38+00:00,api/normal,0.68,0,1,none
2026-03-14T00:35:43+00:00,api/slow,5013.27,0,1,TIMEOUT_ERROR
2026-03-14T00:35:43+00:00,api/normal,1.16,0,1,none
2026-03-14T00:35:43+00:00,api/normal,0.78,0,1,none
2026-03-14T00:35:49+00:00,api/slow,6004.73,0,1,TIMEOUT_ERROR
2026-03-14T00:35:49+00:00,api/db,3.58,0,1,none
2026-03-14T00:35:49+00:00,api/normal,0.91,0,1,none
2026-03-14T00:35:49+00:00,api/normal,0.79,0,1,none
2026-03-14T00:35:49+00:00,api/normal,0.77,0,1,none
2026-03-14T00:35:49+00:00,api/normal,0.8,0,1,none
2026-03-14T00:35:54+00:00,api/slow,5015.31,0,1,TIMEOUT_ERROR
2026-03-14T00:35:54+00:00,api/db,2.81,0,1,none
2026-03-14T00:35:54+00:00,api/normal,0.65,0,1,none
2026-03-14T00:35:54+00:00,api/normal,0.69,0,1,none
2026-03-14T00:35:54+00:00,api/normal,0.83,0,1,none
2026-03-14T00:35:54+00:00,api/normal,0.65,0,1,none
2026-03-14T00:35:54+00:00,api/error,2.05,1,1,SYSTEM_ERROR
2026-03-14T00:35:54+00:00,api/normal,0.68,0,1,none
2026-03-14T00:35:56+00:00,api/slow,1656.51,0,1,none
2026-03-14T00:35:56+00:00,api/normal,0.82,0,1,none
2026-03-14T00:35:56+00:00,api/normal,0.79,0,1,none
2026-03-14T00:35:56+00:00,api/normal,0.66,0,1,none
2026-03-14T00:35:56+00:00,api/normal,0.77,0,1,none
2026-03-14T00:35:56+00:00,api/normal,0.65,0,1,none
2026-03-14T00:35:56+00:00,api/normal,0.71,0,1,none
2026-03-14T00:35:56+00:00,api/normal,0.65,0,1,none
2026-03-14T00:35:56+00:00,api/normal,0.69,0,1,none
2026-03-14T00:35:58+00:00,api/slow,1175.89,0,1,none
2026-03-14T00:35:59+00:00,api/slow,1566.73,0,1,none
2026-03-14T00:35:59+00:00,api/normal,0.7,0,1,none
2026-03-14T00:36:05+00:00,api/slow,6012.92,0,1,TIMEOUT_ERROR
2026-03-14T00:36:05+00:00,api/normal,1.13,0,1,none
2026-03-14T00:36:05+00:00,api/normal,0.64,0,1,none
2026-03-14T00:36:05+00:00,api/normal,0.64,0,1,none
2026-03-14T00:36:07+00:00,api/slow,1997.66,0,1,none
2026-03-14T00:36:07+00:00,api/normal,0.7,0,1,none
2026-03-14T00:36:07+00:00,api/db,2.93,0,1,none
2026-03-14T00:36:07+00:00,api/normal,0.71,0,1,none
2026-03-14T00:36:07+00:00,api/normal,0.83,0,1,none
2026-03-14T00:36:07+00:00,api/normal,0.69,0,1,none
2026-03-14T00:36:07+00:00,api/normal,0.7,0,1,none
2026-03-14T00:36:07+00:00,api/normal,0.72,0,1,none
2026-03-14T00:36:07+00:00,api/normal,0.71,0,1,none
2026-03-14T00:36:07+00:00,api/normal,0.72,0,1,none
2026-03-14T00:36:07+00:00,api/normal,0.85,0,1,none
2026-03-14T00:36:07+00:00,api/normal,0.69,0,1,none
2026-03-14T00:36:08+00:00,api/validate,2.55,1,1,UNKNOWN
2026-03-14T00:36:08+00:00,api/normal,1.56,0,1,none
2026-03-14T00:36:08+00:00,api/normal,0.87,0,1,none
2026-03-14T00:36:08+00:00,api/normal,0.79,0,1,none
2026-03-14T00:36:08+00:00,api/normal,0.78,0,1,none
2026-03-14T00:36:09+00:00,api/slow,1161.71,0,1,none
2026-03-14T00:36:09+00:00,api/error,1.68,1,1,SYSTEM_ERROR
2026-03-14T00:36:10+00:00,api/slow,1363.13,0,1,none
2026-03-14T00:36:10+00:00,api/normal,0.76,0,1,none
2026-03-14T00:36:11+00:00,api/slow,1163.23,0,1,none
2026-03-14T00:36:11+00:00,api/normal,1.24,0,1,none
2026-03-14T00:36:11+00:00,api/normal,0.71,0,1,none
2026-03-14T00:36:11+00:00,api/normal,0.72,0,1,none
2026-03-14T00:36:11+00:00,api/normal,0.66,0,1,none
2026-03-14T00:36:13+00:00,api/slow,1141.34,0,1,none
2026-03-14T00:36:14+00:00,api/slow,1378.81,0,1,none
2026-03-14T00:36:14+00:00,api/normal,1.27,0,1,none
2026-03-14T00:36:14+00:00,api/normal,2.49,0,1,none
2026-03-14T00:36:14+00:00,api/normal,0.73,0,1,none
2026-03-14T00:36:14+00:00,api/normal,0.69,0,1,none
2026-03-14T00:36:14+00:00,api/normal,0.77,0,1,none
2026-03-14T00:36:14+00:00,api/normal,0.68,0,1,none
2026-03-14T00:36:16+00:00,api/slow,1371.18,0,1,none
2026-03-14T00:36:16+00:00,api/normal,0.71,0,1,none
2026-03-14T00:36:16+00:00,api/normal,1.74,0,1,none
2026-03-14T00:36:16+00:00,api/normal,0.75,0,1,none
2026-03-14T00:36:16+00:00,api/normal,0.75,0,1,none
2026-03-14T00:36:16+00:00,api/normal,0.9,0,1,none
2026-03-14T00:36:16+00:00,api/normal,0.88,0,1,none
2026-03-14T00:36:16+00:00,api/normal,0.83,0,1,none
2026-03-14T00:36:16+00:00,api/normal,0.68,0,1,none
2026-03-14T00:36:17+00:00,api/slow,1349.56,0,1,none
2026-03-14T00:36:17+00:00,api/normal,1.26,0,1,none
2026-03-14T00:36:17+00:00,api/normal,0.72,0,1,none
2026-03-14T00:36:17+00:00,api/normal,0.74,0,1,none
2026-03-14T00:36:17+00:00,api/normal,0.69,0,1,none
2026-03-14T00:36:17+00:00,api/normal,0.71,0,1,none
2026-03-14T00:36:17+00:00,api/normal,0.66,0,1,none
2026-03-14T00:36:17+00:00,api/normal,1.28,0,1,none
2026-03-14T00:36:17+00:00,api/normal,0.69,0,1,none
2026-03-14T00:36:17+00:00,api/normal,0.69,0,1,none
2026-03-14T00:36:17+00:00,api/normal,0.71,0,1,none
2026-03-14T00:36:19+00:00,api/slow,1122.64,0,1,none
2026-03-14T00:36:19+00:00,api/normal,0.7,0,1,none
2026-03-14T00:36:20+00:00,api/slow,1417.07,0,1,none
2026-03-14T00:36:27+00:00,api/slow,7009.59,0,1,TIMEOUT_ERROR
2026-03-14T00:36:33+00:00,api/slow,6015.12,0,1,TIMEOUT_ERROR
2026-03-14T00:36:33+00:00,api/normal,1.43,0,1,none
2026-03-14T00:36:33+00:00,api/normal,0.88,0,1,none
2026-03-14T00:36:33+00:00,api/normal,0.79,0,1,none
2026-03-14T00:36:33+00:00,api/error,6.25,1,1,SYSTEM_ERROR
2026-03-14T00:36:35+00:00,api/slow,1848.41,0,1,none
2026-03-14T00:36:35+00:00,api/normal,0.74,0,1,none
2026-03-14T00:36:35+00:00,api/normal,1.85,0,1,none
2026-03-14T00:36:35+00:00,api/normal,0.72,0,1,none
2026-03-14T00:36:35+00:00,api/normal,0.71,0,1,none
2026-03-14T00:36:35+00:00,api/normal,0.81,0,1,none
2026-03-14T00:36:35+00:00,api/normal,1.3,0,1,none
2026-03-14T00:36:37+00:00,api/slow,1913.1,0,1,none
2026-03-14T00:36:38+00:00,api/slow,1126.84,0,1,none
2026-03-14T00:36:38+00:00,api/error,2.28,1,1,SYSTEM_ERROR
2026-03-14T00:36:45+00:00,api/slow,7009.7,0,1,TIMEOUT_ERROR
2026-03-14T00:36:45+00:00,api/normal,1.16,0,1,none
2026-03-14T00:36:45+00:00,api/normal,0.69,0,1,none
2026-03-14T00:36:45+00:00,api/normal,0.66,0,1,none
2026-03-14T00:36:45+00:00,api/normal,0.67,0,1,none
2026-03-14T00:36:46+00:00,api/error,2.19,1,1,SYSTEM_ERROR
2026-03-14T00:36:46+00:00,api/normal,0.8,0,1,none
2026-03-14T00:36:46+00:00,api/error,2.01,1,1,SYSTEM_ERROR
2026-03-14T00:36:46+00:00,api/db,3.17,0,1,none
2026-03-14T00:36:46+00:00,api/error,1.56,1,1,SYSTEM_ERROR
2026-03-14T00:36:46+00:00,api/normal,0.67,0,1,none
2026-03-14T00:36:47+00:00,api/slow,1596.15,0,1,none
2026-03-14T00:36:49+00:00,api/slow,1230.34,0,1,none
2026-03-14T00:36:49+00:00,api/normal,2.52,0,1,none
2026-03-14T00:36:49+00:00,api/normal,0.92,0,1,none
2026-03-14T00:36:50+00:00,api/slow,1663.76,0,1,none
2026-03-14T00:36:50+00:00,api/normal,0.65,0,1,none
2026-03-14T00:36:50+00:00,api/normal,0.64,0,1,none
2026-03-14T00:36:50+00:00,api/normal,0.79,0,1,none
2026-03-14T00:36:50+00:00,api/normal,0.65,0,1,none
2026-03-14T00:36:50+00:00,api/normal,0.65,0,1,none
2026-03-14T00:36:50+00:00,api/normal,0.64,0,1,none
2026-03-14T00:36:50+00:00,api/normal,0.64,0,1,none
2026-03-14T00:36:57+00:00,api/slow,7013.59,0,1,TIMEOUT_ERROR
2026-03-14T00:36:59+00:00,api/slow,1404.35,0,1,none
2026-03-14T00:36:59+00:00,api/normal,0.73,0,1,none
2026-03-14T00:36:59+00:00,api/normal,0.79,0,1,none
2026-03-14T00:36:59+00:00,api/error,4.63,1,1,SYSTEM_ERROR
2026-03-14T00:36:59+00:00,api/normal,0.81,0,1,none
2026-03-14T00:36:59+00:00,api/error,2.01,1,1,SYSTEM_ERROR
2026-03-14T00:36:59+00:00,api/normal,1.73,0,1,none
2026-03-14T00:36:59+00:00,api/normal,0.87,0,1,none
2026-03-14T00:36:59+00:00,api/normal,0.78,0,1,none
2026-03-14T00:36:59+00:00,api/normal,0.81,0,1,none
2026-03-14T00:36:59+00:00,api/normal,1.18,0,1,none
2026-03-14T00:36:59+00:00,api/normal,0.79,0,1,none
2026-03-14T00:36:59+00:00,api/normal,3.38,0,1,none
2026-03-14T00:36:59+00:00,api/normal,3.61,0,1,none
2026-03-14T00:36:59+00:00,api/normal,0.99,0,1,none
2026-03-14T00:36:59+00:00,api/normal,0.78,0,1,none
2026-03-14T00:37:01+00:00,api/slow,1658.28,0,1,none
2026-03-14T00:37:03+00:00,api/slow,1835.78,0,1,none
2026-03-14T00:37:03+00:00,api/normal,0.78,0,1,none
2026-03-14T00:37:05+00:00,api/slow,1679.85,0,1,none
2026-03-14T00:37:06+00:00,api/slow,1781.08,0,1,none
2026-03-14T00:37:06+00:00,api/normal,0.78,0,1,none
2026-03-14T00:37:06+00:00,api/normal,0.78,0,1,none
2026-03-14T00:37:06+00:00,api/db,3.65,0,1,none
2026-03-14T00:37:07+00:00,api/normal,0.72,0,1,none
2026-03-14T00:37:07+00:00,api/normal,0.92,0,1,none
2026-03-14T00:37:07+00:00,api/normal,0.72,0,1,none
2026-03-14T00:37:07+00:00,api/normal,0.86,0,1,none
2026-03-14T00:37:08+00:00,api/slow,1542.72,0,1,none
2026-03-14T00:37:08+00:00,api/normal,2.77,0,1,none
2026-03-14T00:37:08+00:00,api/normal,0.88,0,1,none
2026-03-14T00:37:08+00:00,api/normal,0.89,0,1,none
2026-03-14T00:37:09+00:00,api/slow,1078.56,0,1,none
2026-03-14T00:37:09+00:00,api/normal,0.76,0,1,none
2026-03-14T00:37:11+00:00,api/slow,1182.27,0,1,none
2026-03-14T00:37:11+00:00,api/normal,1.36,0,1,none
2026-03-14T00:37:11+00:00,api/normal,0.95,0,1,none
2026-03-14T00:37:11+00:00,api/normal,0.95,0,1,none
2026-03-14T00:37:12+00:00,api/slow,1529.9,0,1,none
2026-03-14T00:37:12+00:00,api/normal,0.71,0,1,none
2026-03-14T00:37:12+00:00,api/normal,1.04,0,1,none
2026-03-14T00:37:12+00:00,api/normal,0.78,0,1,none
2026-03-14T00:37:14+00:00,api/slow,1204.46,0,1,none
2026-03-14T00:37:14+00:00,api/normal,1.5,0,1,none
2026-03-14T00:37:14+00:00,api/normal,0.83,0,1,none
2026-03-14T00:37:14+00:00,api/normal,1.05,0,1,none
2026-03-14T00:37:14+00:00,api/normal,0.92,0,1,none
2026-03-14T00:37:14+00:00,api/normal,1.61,0,1,none
2026-03-14T00:37:14+00:00,api/validate,2.98,1,1,UNKNOWN
2026-03-14T00:37:14+00:00,api/normal,0.8,0,1,none
2026-03-14T00:37:21+00:00,api/slow,7010.17,0,1,TIMEOUT_ERROR
2026-03-14T00:37:21+00:00,api/normal,4.86,0,1,none
2026-03-14T00:37:21+00:00,api/normal,0.72,0,1,none
2026-03-14T00:37:21+00:00,api/db,10.35,0,1,none
2026-03-14T00:37:21+00:00,api/validate,6.84,1,1,UNKNOWN
2026-03-14T00:37:21+00:00,api/normal,0.89,0,1,none
2026-03-14T00:37:21+00:00,api/normal,0.78,0,1,none
2026-03-14T00:37:21+00:00,api/normal,0.75,0,1,none
2026-03-14T00:37:21+00:00,api/normal,0.97,0,1,none
2026-03-14T00:37:21+00:00,api/normal,0.73,0,1,none
2026-03-14T00:37:21+00:00,api/normal,0.74,0,1,none
2026-03-14T00:37:21+00:00,api/normal,0.7,0,1,none
2026-03-14T00:37:21+00:00,api/normal,0.77,0,1,none
2026-03-14T00:37:23+00:00,api/slow,1513.49,0,1,none
2026-03-14T00:37:23+00:00,api/normal,0.68,0,1,none
2026-03-14T00:37:23+00:00,api/normal,0.66,0,1,none
2026-03-14T00:37:23+00:00,api/normal,0.85,0,1,none
2026-03-14T00:37:23+00:00,api/normal,0.69,0,1,none
2026-03-14T00:37:23+00:00,api/normal,0.67,0,1,none
2026-03-14T00:37:25+00:00,api/slow,1822.16,0,1,none
2026-03-14T00:37:25+00:00,api/normal,1.77,0,1,none
2026-03-14T00:37:25+00:00,api/normal,0.94,0,1,none
2026-03-14T00:37:25+00:00,api/normal,0.73,0,1,none
2026-03-14T00:37:25+00:00,api/normal,0.69,0,1,none
2026-03-14T00:37:25+00:00,api/normal,0.69,0,1,none
2026-03-14T00:37:25+00:00,api/normal,0.79,0,1,none
2026-03-14T00:37:25+00:00,api/normal,0.68,0,1,none
2026-03-14T00:37:25+00:00,api/normal,0.65,0,1,none
2026-03-14T00:37:25+00:00,api/normal,1.11,0,1,none
2026-03-14T00:37:25+00:00,api/normal,1.18,0,1,none
2026-03-14T00:37:25+00:00,api/normal,0.65,0,1,none
2026-03-14T00:37:27+00:00,api/slow,1594.76,0,1,none
2026-03-14T00:37:27+00:00,api/normal,0.71,0,1,none
2026-03-14T00:37:27+00:00,api/normal,0.91,0,1,none
2026-03-14T00:37:27+00:00,api/normal,0.7,0,1,none
2026-03-14T00:37:27+00:00,api/normal,0.93,0,1,none
2026-03-14T00:37:27+00:00,api/validate,2.69,1,1,UNKNOWN
2026-03-14T00:37:27+00:00,api/normal,0.77,0,1,none
2026-03-14T00:37:28+00:00,api/slow,1339.6,0,1,none
2026-03-14T00:37:28+00:00,api/normal,1.85,0,1,none
2026-03-14T00:37:28+00:00,api/normal,1.02,0,1,none
2026-03-14T00:37:28+00:00,api/normal,0.75,0,1,none
2026-03-14T00:37:28+00:00,api/normal,0.75,0,1,none
2026-03-14T00:37:28+00:00,api/normal,0.7,0,1,none
2026-03-14T00:37:28+00:00,api/error,1.62,1,1,SYSTEM_ERROR
2026-03-14T00:37:28+00:00,api/normal,0.73,0,1,none
2026-03-14T00:37:28+00:00,api/normal,0.88,0,1,none
2026-03-14T00:37:28+00:00,api/normal,0.97,0,1,none
2026-03-14T00:37:35+00:00,api/slow,7016.28,0,1,TIMEOUT_ERROR
2026-03-14T00:37:35+00:00,api/normal,2.34,0,1,none
2026-03-14T00:37:35+00:00,api/normal,1.05,0,1,none
2026-03-14T00:37:35+00:00,api/normal,0.7,0,1,none
2026-03-14T00:37:35+00:00,api/error,2.71,1,1,SYSTEM_ERROR
2026-03-14T00:37:36+00:00,api/slow,1013.91,0,1,none
2026-03-14T00:37:37+00:00,api/normal,1.16,0,1,none
2026-03-14T00:37:44+00:00,api/slow,7012.71,0,1,TIMEOUT_ERROR
2026-03-14T00:37:44+00:00,api/normal,1.25,0,1,none
2026-03-14T00:37:44+00:00,api/db,3.47,0,1,none
2026-03-14T00:37:44+00:00,api/normal,0.76,0,1,none
2026-03-14T00:37:44+00:00,api/normal,0.78,0,1,none
2026-03-14T00:37:44+00:00,api/normal,0.74,0,1,none
2026-03-14T00:37:44+00:00,api/error,2.9,1,1,SYSTEM_ERROR
2026-03-14T00:37:44+00:00,api/normal,0.84,0,1,none
2026-03-14T00:37:44+00:00,api/db,3.58,0,1,none
2026-03-14T00:37:44+00:00,api/normal,0.72,0,1,none
2026-03-14T00:37:44+00:00,api/normal,0.75,0,1,none
2026-03-14T00:37:44+00:00,api/normal,0.79,0,1,none
2026-03-14T00:37:44+00:00,api/normal,0.81,0,1,none
2026-03-14T00:37:44+00:00,api/normal,0.72,0,1,none
2026-03-14T00:37:44+00:00,api/validate,1.67,1,1,UNKNOWN
2026-03-14T00:37:44+00:00,api/normal,0.75,0,1,none
2026-03-14T00:37:46+00:00,api/slow,1665.07,0,1,none
2026-03-14T00:37:46+00:00,api/normal,0.81,0,1,none
2026-03-14T00:37:47+00:00,api/slow,1232.08,0,1,none
2026-03-14T00:37:54+00:00,api/slow,7011.15,0,1,TIMEOUT_ERROR
2026-03-14T00:37:54+00:00,api/normal,2.1,0,1,none
2026-03-14T00:37:56+00:00,api/slow,1971.77,0,1,none
2026-03-14T00:37:58+00:00,api/slow,1579.59,0,1,none
2026-03-14T00:38:04+00:00,api/slow,6009.8,0,1,TIMEOUT_ERROR
2026-03-14T00:38:04+00:00,api/normal,1.79,0,1,none
2026-03-14T00:38:05+00:00,api/slow,1317.96,0,1,none
2026-03-14T00:38:05+00:00,api/normal,0.75,0,1,none
2026-03-14T00:38:05+00:00,api/normal,2.56,0,1,none
2026-03-14T00:38:05+00:00,api/normal,0.78,0,1,none
2026-03-14T00:38:05+00:00,api/normal,1.18,0,1,none
2026-03-14T00:38:05+00:00,api/normal,1.4,0,1,none
2026-03-14T00:38:05+00:00,api/normal,0.94,0,1,none
2026-03-14T00:38:05+00:00,api/normal,0.9,0,1,none
2026-03-14T00:38:05+00:00,api/normal,0.85,0,1,none
2026-03-14T00:38:05+00:00,api/normal,0.78,0,1,none
2026-03-14T00:38:05+00:00,api/normal,0.97,0,1,none
2026-03-14T00:38:07+00:00,api/slow,1949.65,0,1,none
2026-03-14T00:38:09+00:00,api/slow,1288.49,0,1,none
2026-03-14T00:38:09+00:00,api/normal,0.67,0,1,none
2026-03-14T00:38:09+00:00,api/normal,0.85,0,1,none
2026-03-14T00:38:09+00:00,api/normal,0.87,0,1,none
2026-03-14T00:38:09+00:00,api/normal,0.73,0,1,none
2026-03-14T00:38:11+00:00,api/slow,1996.38,0,1,none
2026-03-14T00:38:11+00:00,api/normal,1.33,0,1,none
2026-03-14T00:38:17+00:00,api/slow,6005.64,0,1,TIMEOUT_ERROR
2026-03-14T00:38:17+00:00,api/error,2.64,1,1,SYSTEM_ERROR
2026-03-14T00:38:17+00:00,api/normal,0.94,0,1,none
2026-03-14T00:38:17+00:00,api/normal,0.66,0,1,none
2026-03-14T00:38:17+00:00,api/normal,0.68,0,1,none
2026-03-14T00:38:17+00:00,api/normal,0.76,0,1,none
2026-03-14T00:38:17+00:00,api/normal,0.77,0,1,none
2026-03-14T00:38:17+00:00,api/normal,0.95,0,1,none
2026-03-14T00:38:17+00:00,api/validate,1.8,1,1,UNKNOWN
2026-03-14T00:38:17+00:00,api/normal,0.74,0,1,none
2026-03-14T00:38:17+00:00,api/normal,0.78,0,1,none
2026-03-14T00:38:17+00:00,api/normal,0.95,0,1,none
2026-03-14T00:38:17+00:00,api/normal,0.74,0,1,none
2026-03-14T00:38:17+00:00,api/normal,1,0,1,none
2026-03-14T00:38:17+00:00,api/normal,0.85,0,1,none
2026-03-14T00:38:17+00:00,api/normal,0.82,0,1,none
2026-03-14T00:38:17+00:00,api/normal,0.95,0,1,none
2026-03-14T00:38:17+00:00,api/normal,1.02,0,1,none
2026-03-14T00:38:17+00:00,api/normal,0.84,0,1,none
2026-03-14T00:38:17+00:00,api/normal,0.9,0,1,none
2026-03-14T00:38:22+00:00,api/slow,5013.17,0,1,TIMEOUT_ERROR
2026-03-14T00:38:23+00:00,api/slow,1079.73,0,1,none
2026-03-14T00:38:25+00:00,api/slow,1686.3,0,1,none
2026-03-14T00:38:25+00:00,api/error,3.25,1,1,SYSTEM_ERROR
2026-03-14T00:38:25+00:00,api/validate,1.82,1,1,UNKNOWN
2026-03-14T00:38:25+00:00,api/normal,1.59,0,1,none
2026-03-14T00:38:25+00:00,api/normal,0.88,0,1,none
2026-03-14T00:38:25+00:00,api/normal,0.78,0,1,none
2026-03-14T00:38:25+00:00,api/normal,0.78,0,1,none
2026-03-14T00:38:25+00:00,api/normal,1.72,0,1,none
2026-03-14T00:38:25+00:00,api/normal,0.81,0,1,none
2026-03-14T00:38:32+00:00,api/slow,7007.22,0,1,TIMEOUT_ERROR
2026-03-14T00:38:32+00:00,api/normal,1.17,0,1,none
2026-03-14T00:38:32+00:00,api/normal,0.7,0,1,none
2026-03-14T00:38:32+00:00,api/normal,0.73,0,1,none
2026-03-14T00:38:32+00:00,api/db,22.02,0,1,none
2026-03-14T00:38:32+00:00,api/error,1.85,1,1,SYSTEM_ERROR
2026-03-14T00:38:32+00:00,api/normal,0.74,0,1,none
2026-03-14T00:38:33+00:00,api/normal,1,0,1,none
2026-03-14T00:38:33+00:00,api/normal,0.76,0,1,none
2026-03-14T00:38:34+00:00,api/slow,1602.56,0,1,none
2026-03-14T00:38:34+00:00,api/normal,0.69,0,1,none
2026-03-14T00:38:34+00:00,api/normal,0.69,0,1,none
2026-03-14T00:38:35+00:00,api/slow,1137.74,0,1,none
2026-03-14T00:38:35+00:00,api/normal,1.22,0,1,none
2026-03-14T00:38:35+00:00,api/normal,0.66,0,1,none
2026-03-14T00:38:35+00:00,api/normal,5.64,0,1,none
2026-03-14T00:38:35+00:00,api/error,5.28,1,1,SYSTEM_ERROR
2026-03-14T00:38:35+00:00,api/normal,0.95,0,1,none
2026-03-14T00:38:37+00:00,api/slow,1437.11,0,1,none
2026-03-14T00:38:37+00:00,api/normal,0.71,0,1,none
2026-03-14T00:38:37+00:00,api/normal,0.67,0,1,none
2026-03-14T00:38:37+00:00,api/normal,0.69,0,1,none
2026-03-14T00:38:37+00:00,api/normal,0.73,0,1,none
2026-03-14T00:38:37+00:00,api/normal,0.75,0,1,none
2026-03-14T00:38:37+00:00,api/normal,1.35,0,1,none
2026-03-14T00:38:37+00:00,api/normal,0.7,0,1,none
2026-03-14T00:38:39+00:00,api/slow,1685.26,0,1,none
2026-03-14T00:38:40+00:00,api/slow,1248.87,0,1,none
2026-03-14T00:38:40+00:00,api/normal,0.84,0,1,none
2026-03-14T00:38:40+00:00,api/normal,0.84,0,1,none
2026-03-14T00:38:40+00:00,api/normal,0.74,0,1,none
2026-03-14T00:38:40+00:00,api/validate,3.49,1,1,UNKNOWN
2026-03-14T00:38:40+00:00,api/normal,0.79,0,1,none
2026-03-14T00:38:40+00:00,api/normal,1.29,0,1,none
2026-03-14T00:38:42+00:00,api/slow,1966.32,0,1,none
2026-03-14T00:38:42+00:00,api/normal,1.32,0,1,none
2026-03-14T00:38:42+00:00,api/normal,1.13,0,1,none
2026-03-14T00:38:42+00:00,api/normal,0.7,0,1,none
2026-03-14T00:38:48+00:00,api/slow,6002.91,0,1,TIMEOUT_ERROR
2026-03-14T00:38:48+00:00,api/normal,1.58,0,1,none
2026-03-14T00:38:50+00:00,api/slow,1384.46,0,1,none
2026-03-14T00:38:50+00:00,api/normal,1.09,0,1,none
2026-03-14T00:38:51+00:00,api/slow,1577.66,0,1,none
2026-03-14T00:38:51+00:00,api/normal,1.27,0,1,none
2026-03-14T00:38:51+00:00,api/db,17.98,0,1,none
2026-03-14T00:38:51+00:00,api/normal,0.95,0,1,none
2026-03-14T00:38:52+00:00,api/normal,0.72,0,1,none
2026-03-14T00:38:52+00:00,api/normal,1.27,0,1,none
2026-03-14T00:38:58+00:00,api/slow,6005.85,0,1,TIMEOUT_ERROR
2026-03-14T00:38:58+00:00,api/normal,1.16,0,1,none
2026-03-14T00:39:04+00:00,api/slow,6011.98,0,1,TIMEOUT_ERROR
2026-03-14T00:39:04+00:00,api/normal,1.25,0,1,none
2026-03-14T00:39:04+00:00,api/normal,0.67,0,1,none
2026-03-14T00:39:04+00:00,api/normal,0.72,0,1,none
2026-03-14T00:39:04+00:00,api/normal,0.72,0,1,none
2026-03-14T00:39:04+00:00,api/error,2.23,1,1,SYSTEM_ERROR
2026-03-14T00:39:04+00:00,api/normal,0.66,0,1,none
2026-03-14T00:39:04+00:00,api/normal,0.7,0,1,none
2026-03-14T00:39:04+00:00,api/normal,0.79,0,1,none
2026-03-14T00:39:11+00:00,api/slow,7010.56,0,1,TIMEOUT_ERROR
2026-03-14T00:39:11+00:00,api/normal,2.04,0,1,none
2026-03-14T00:39:11+00:00,api/normal,0.71,0,1,none
2026-03-14T00:39:11+00:00,api/normal,0.71,0,1,none
2026-03-14T00:39:11+00:00,api/normal,0.67,0,1,none
2026-03-14T00:39:11+00:00,api/normal,0.69,0,1,none
2026-03-14T00:39:11+00:00,api/normal,0.68,0,1,none
2026-03-14T00:39:11+00:00,api/normal,0.76,0,1,none
2026-03-14T00:39:13+00:00,api/slow,2008.99,0,1,none
2026-03-14T00:39:13+00:00,api/normal,0.66,0,1,none
2026-03-14T00:39:13+00:00,api/validate,2.21,1,1,UNKNOWN
2026-03-14T00:39:13+00:00,api/normal,0.68,0,1,none
2026-03-14T00:39:13+00:00,api/normal,0.93,0,1,none
2026-03-14T00:39:13+00:00,api/normal,0.65,0,1,none
2026-03-14T00:39:15+00:00,api/slow,1830.57,0,1,none
2026-03-14T00:39:20+00:00,api/slow,5004.14,0,1,TIMEOUT_ERROR
2026-03-14T00:39:20+00:00,api/normal,1.25,0,1,none
2026-03-14T00:39:20+00:00,api/normal,0.87,0,1,none
2026-03-14T00:39:20+00:00,api/normal,0.95,0,1,none
2026-03-14T00:39:20+00:00,api/normal,1.5,0,1,none
2026-03-14T00:39:21+00:00,api/slow,1021.82,0,1,none
2026-03-14T00:39:21+00:00,api/normal,0.68,0,1,none
2026-03-14T00:39:21+00:00,api/normal,0.67,0,1,none
2026-03-14T00:39:21+00:00,api/normal,0.8,0,1,none
2026-03-14T00:39:21+00:00,api/normal,0.72,0,1,none
2026-03-14T00:39:21+00:00,api/db,3.54,0,1,none
2026-03-14T00:39:21+00:00,api/normal,0.79,0,1,none
2026-03-14T00:39:21+00:00,api/normal,0.7,0,1,none
2026-03-14T00:39:21+00:00,api/normal,0.68,0,1,none
2026-03-14T00:39:21+00:00,api/normal,0.83,0,1,none
2026-03-14T00:39:21+00:00,api/normal,0.86,0,1,none
2026-03-14T00:39:21+00:00,api/normal,0.68,0,1,none
2026-03-14T00:39:21+00:00,api/normal,1.39,0,1,none
2026-03-14T00:39:21+00:00,api/normal,0.68,0,1,none
2026-03-14T00:39:21+00:00,api/normal,0.75,0,1,none
2026-03-14T00:39:21+00:00,api/normal,0.84,0,1,none
2026-03-14T00:39:22+00:00,api/normal,0.66,0,1,none
2026-03-14T00:39:22+00:00,api/error,2.47,1,1,SYSTEM_ERROR
2026-03-14T00:39:22+00:00,api/normal,0.71,0,1,none
2026-03-14T00:39:22+00:00,api/normal,0.66,0,1,none
2026-03-14T00:39:27+00:00,api/slow,5002.65,0,1,TIMEOUT_ERROR
2026-03-14T00:39:27+00:00,api/normal,4.38,0,1,none
2026-03-14T00:39:27+00:00,api/normal,0.67,0,1,none
2026-03-14T00:39:27+00:00,api/normal,0.78,0,1,none
2026-03-14T00:39:27+00:00,api/db,3.2,0,1,none
2026-03-14T00:39:27+00:00,api/normal,0.68,0,1,none
2026-03-14T00:39:27+00:00,api/normal,0.66,0,1,none
2026-03-14T00:39:27+00:00,api/normal,0.67,0,1,none
2026-03-14T00:39:27+00:00,api/normal,0.66,0,1,none
2026-03-14T00:39:27+00:00,api/normal,1.1,0,1,none
2026-03-14T00:39:27+00:00,api/error,2.26,1,1,SYSTEM_ERROR
2026-03-14T00:39:27+00:00,api/normal,0.79,0,1,none
2026-03-14T00:39:27+00:00,api/normal,0.68,0,1,none
2026-03-14T00:39:33+00:00,api/slow,6011.82,0,1,TIMEOUT_ERROR
2026-03-14T00:39:33+00:00,api/normal,1.23,0,1,none
2026-03-14T00:39:33+00:00,api/normal,0.68,0,1,none
2026-03-14T00:39:33+00:00,api/normal,0.7,0,1,none
2026-03-14T00:39:34+00:00,api/slow,1244.54,0,1,none
2026-03-14T00:39:34+00:00,api/normal,0.7,0,1,none
2026-03-14T00:39:40+00:00,api/slow,6012.07,0,1,TIMEOUT_ERROR
2026-03-14T00:39:40+00:00,api/normal,1.19,0,1,none
2026-03-14T00:39:40+00:00,api/normal,0.68,0,1,none
2026-03-14T00:39:40+00:00,api/normal,2.02,0,1,none
2026-03-14T00:39:40+00:00,api/normal,0.69,0,1,none
2026-03-14T00:39:40+00:00,api/db,25.91,0,1,none
2026-03-14T00:39:40+00:00,api/normal,0.86,0,1,none
2026-03-14T00:39:40+00:00,api/normal,0.75,0,1,none
2026-03-14T00:39:41+00:00,api/normal,1.58,0,1,none
2026-03-14T00:39:41+00:00,api/error,2.04,1,1,SYSTEM_ERROR
2026-03-14T00:39:41+00:00,api/normal,0.72,0,1,none
2026-03-14T00:39:41+00:00,api/normal,0.72,0,1,none
2026-03-14T00:39:41+00:00,api/normal,0.75,0,1,none
2026-03-14T00:39:41+00:00,api/error,1.67,1,1,SYSTEM_ERROR
2026-03-14T00:39:42+00:00,api/slow,1324.34,0,1,none
2026-03-14T00:39:42+00:00,api/normal,0.73,0,1,none
2026-03-14T00:39:42+00:00,api/normal,0.78,0,1,none
2026-03-14T00:39:42+00:00,api/normal,0.73,0,1,none
2026-03-14T00:39:42+00:00,api/normal,0.72,0,1,none
2026-03-14T00:39:42+00:00,api/normal,1.17,0,1,none
2026-03-14T00:39:42+00:00,api/normal,0.73,0,1,none
2026-03-14T00:39:42+00:00,api/error,1.89,1,1,SYSTEM_ERROR
2026-03-14T00:39:42+00:00,api/normal,0.72,0,1,none
2026-03-14T00:39:44+00:00,api/slow,1694.2,0,1,none
2026-03-14T00:39:44+00:00,api/normal,0.95,0,1,none
2026-03-14T00:39:45+00:00,api/slow,1215.83,0,1,none
2026-03-14T00:39:45+00:00,api/normal,0.76,0,1,none
2026-03-14T00:39:47+00:00,api/slow,1977.71,0,1,none
2026-03-14T00:39:47+00:00,api/normal,2.12,0,1,none
2026-03-14T00:39:47+00:00,api/error,2.72,1,1,SYSTEM_ERROR
2026-03-14T00:39:47+00:00,api/error,2.92,1,1,SYSTEM_ERROR
2026-03-14T00:39:47+00:00,api/normal,0.8,0,1,none
2026-03-14T00:39:49+00:00,api/slow,1463.37,0,1,none
2026-03-14T00:39:49+00:00,api/normal,0.67,0,1,none
2026-03-14T00:39:49+00:00,api/normal,0.9,0,1,none
2026-03-14T00:39:50+00:00,api/slow,1057.17,0,1,none
2026-03-14T00:39:50+00:00,api/normal,1.25,0,1,none
2026-03-14T00:39:50+00:00,api/normal,0.67,0,1,none
2026-03-14T00:39:55+00:00,api/slow,5014.36,0,1,TIMEOUT_ERROR
2026-03-14T00:39:55+00:00,api/normal,1.14,0,1,none
2026-03-14T00:39:57+00:00,api/slow,1982.97,0,1,none
2026-03-14T00:39:57+00:00,api/error,1.96,1,1,SYSTEM_ERROR
2026-03-14T00:39:57+00:00,api/normal,0.85,0,1,none
2026-03-14T00:39:57+00:00,api/normal,0.71,0,1,none
2026-03-14T00:39:57+00:00,api/normal,0.69,0,1,none
2026-03-14T00:39:57+00:00,api/normal,0.81,0,1,none
2026-03-14T00:39:59+00:00,api/slow,1658.77,0,1,none
2026-03-14T00:40:00+00:00,api/slow,1239.4,0,1,none
2026-03-14T00:40:00+00:00,api/normal,0.71,0,1,none
2026-03-14T00:40:00+00:00,api/normal,0.72,0,1,none
2026-03-14T00:40:00+00:00,api/normal,1.04,0,1,none
2026-03-14T00:40:02+00:00,api/slow,1819.84,0,1,none
2026-03-14T00:40:03+00:00,api/slow,1346,0,1,none
2026-03-14T00:40:03+00:00,api/normal,0.82,0,1,none
2026-03-14T00:40:03+00:00,api/normal,0.75,0,1,none
2026-03-14T00:40:05+00:00,api/slow,1149.6,0,1,none
2026-03-14T00:40:05+00:00,api/normal,1.43,0,1,none
2026-03-14T00:40:05+00:00,api/normal,0.69,0,1,none
2026-03-14T00:40:05+00:00,api/normal,0.69,0,1,none
2026-03-14T00:40:06+00:00,api/slow,1233.53,0,1,none
2026-03-14T00:40:06+00:00,api/error,1.92,1,1,SYSTEM_ERROR
2026-03-14T00:40:06+00:00,api/normal,0.65,0,1,none
2026-03-14T00:40:06+00:00,api/normal,0.75,0,1,none
2026-03-14T00:40:06+00:00,api/normal,0.78,0,1,none
2026-03-14T00:40:08+00:00,api/slow,1663.23,0,1,none
2026-03-14T00:40:08+00:00,api/normal,1.23,0,1,none
2026-03-14T00:40:09+00:00,api/slow,1434.27,0,1,none
2026-03-14T00:40:09+00:00,api/normal,0.7,0,1,none
2026-03-14T00:40:09+00:00,api/normal,0.71,0,1,none
2026-03-14T00:40:09+00:00,api/normal,0.75,0,1,none
2026-03-14T00:40:09+00:00,api/normal,1.03,0,1,none
2026-03-14T00:40:09+00:00,api/normal,0.68,0,1,none
2026-03-14T00:40:09+00:00,api/normal,0.77,0,1,none
2026-03-14T00:40:10+00:00,api/slow,1134.5,0,1,none
2026-03-14T00:40:17+00:00,api/slow,7003.58,0,1,TIMEOUT_ERROR
2026-03-14T00:40:23+00:00,api/slow,6006.95,0,1,TIMEOUT_ERROR
2026-03-14T00:40:23+00:00,api/error,2.64,1,1,SYSTEM_ERROR
2026-03-14T00:40:23+00:00,api/normal,0.7,0,1,none
2026-03-14T00:40:23+00:00,api/normal,0.68,0,1,none
2026-03-14T00:40:24+00:00,api/validate,1.58,1,1,UNKNOWN
2026-03-14T00:40:24+00:00,api/normal,0.68,0,1,none
2026-03-14T00:40:24+00:00,api/normal,0.68,0,1,none
2026-03-14T00:40:24+00:00,api/normal,0.7,0,1,none
2026-03-14T00:40:24+00:00,api/normal,0.68,0,1,none
2026-03-14T00:40:24+00:00,api/normal,0.67,0,1,none
2026-03-14T00:40:24+00:00,api/normal,0.71,0,1,none
2026-03-14T00:40:24+00:00,api/normal,0.84,0,1,none
2026-03-14T00:40:24+00:00,api/normal,0.72,0,1,none
2026-03-14T00:40:24+00:00,api/normal,1.17,0,1,none
2026-03-14T00:40:24+00:00,api/error,1.83,1,1,SYSTEM_ERROR
2026-03-14T00:40:25+00:00,api/slow,1669.61,0,1,none
2026-03-14T00:40:25+00:00,api/normal,0.68,0,1,none
2026-03-14T00:40:27+00:00,api/slow,1113.83,0,1,none
2026-03-14T00:40:27+00:00,api/normal,1.14,0,1,none
2026-03-14T00:40:27+00:00,api/normal,0.82,0,1,none
2026-03-14T00:40:28+00:00,api/slow,1549.54,0,1,none
2026-03-14T00:40:34+00:00,api/slow,6016.51,0,1,TIMEOUT_ERROR
2026-03-14T00:40:39+00:00,api/slow,5011.14,0,1,TIMEOUT_ERROR
2026-03-14T00:40:41+00:00,api/slow,1233.95,0,1,none
2026-03-14T00:40:41+00:00,api/normal,1.05,0,1,none
2026-03-14T00:40:41+00:00,api/normal,0.86,0,1,none
2026-03-14T00:40:41+00:00,api/normal,0.76,0,1,none
2026-03-14T00:40:41+00:00,api/normal,0.78,0,1,none
2026-03-14T00:40:41+00:00,api/normal,1.6,0,1,none
2026-03-14T00:40:41+00:00,api/normal,0.82,0,1,none
2026-03-14T00:40:43+00:00,api/slow,1895.89,0,1,none
2026-03-14T00:40:43+00:00,api/normal,0.74,0,1,none
2026-03-14T00:40:43+00:00,api/normal,0.75,0,1,none
2026-03-14T00:40:43+00:00,api/normal,0.68,0,1,none
2026-03-14T00:40:44+00:00,api/slow,1152.94,0,1,none
2026-03-14T00:40:44+00:00,api/normal,0.67,0,1,none
2026-03-14T00:40:44+00:00,api/normal,0.68,0,1,none
2026-03-14T00:40:51+00:00,api/slow,7016.52,0,1,TIMEOUT_ERROR
2026-03-14T00:40:51+00:00,api/normal,1.72,0,1,none
2026-03-14T00:40:51+00:00,api/validate,4.27,1,1,UNKNOWN
2026-03-14T00:40:53+00:00,api/slow,1981.91,0,1,none
2026-03-14T00:40:53+00:00,api/normal,0.8,0,1,none
2026-03-14T00:41:00+00:00,api/slow,7007.24,0,1,TIMEOUT_ERROR
2026-03-14T00:41:02+00:00,api/slow,1476.48,0,1,none
2026-03-14T00:41:02+00:00,api/normal,0.82,0,1,none
2026-03-14T00:41:02+00:00,api/validate,2.18,1,1,UNKNOWN
2026-03-14T00:41:02+00:00,api/normal,0.94,0,1,none
2026-03-14T00:41:02+00:00,api/db,16.19,0,1,none
2026-03-14T00:41:03+00:00,api/slow,1532.32,0,1,none
2026-03-14T00:41:03+00:00,api/normal,1.21,0,1,none
2026-03-14T00:41:03+00:00,api/db,3.31,0,1,none
2026-03-14T00:41:03+00:00,api/normal,0.75,0,1,none
2026-03-14T00:41:03+00:00,api/normal,0.72,0,1,none
2026-03-14T00:41:03+00:00,api/normal,0.66,0,1,none
2026-03-14T00:41:09+00:00,api/slow,6002.64,0,1,TIMEOUT_ERROR
2026-03-14T00:41:16+00:00,api/slow,7004.18,0,1,TIMEOUT_ERROR
2026-03-14T00:41:16+00:00,api/normal,1.55,0,1,none
2026-03-14T00:41:16+00:00,api/normal,1.38,0,1,none
2026-03-14T00:41:17+00:00,api/normal,0.76,0,1,none
2026-03-14T00:41:17+00:00,api/normal,0.72,0,1,none
2026-03-14T00:41:17+00:00,api/normal,0.69,0,1,none
2026-03-14T00:41:18+00:00,api/slow,1431.67,0,1,none
2026-03-14T00:41:18+00:00,api/error,3.8,1,1,SYSTEM_ERROR
2026-03-14T00:41:18+00:00,api/normal,1.11,0,1,none
2026-03-14T00:41:19+00:00,api/slow,1154.65,0,1,none
2026-03-14T00:41:19+00:00,api/error,2.92,1,1,SYSTEM_ERROR
2026-03-14T00:41:19+00:00,api/normal,0.81,0,1,none
2026-03-14T00:41:24+00:00,api/slow,5011.87,0,1,TIMEOUT_ERROR
2026-03-14T00:41:24+00:00,api/normal,1.18,0,1,none
2026-03-14T00:41:24+00:00,api/normal,1.46,0,1,none
2026-03-14T00:41:26+00:00,api/slow,1252.72,0,1,none
2026-03-14T00:41:26+00:00,api/normal,0.73,0,1,none
2026-03-14T00:41:26+00:00,api/normal,0.79,0,1,none
2026-03-14T00:41:26+00:00,api/normal,0.69,0,1,none
2026-03-14T00:41:33+00:00,api/slow,7010.58,0,1,TIMEOUT_ERROR
2026-03-14T00:41:33+00:00,api/normal,6.68,0,1,none
2026-03-14T00:41:33+00:00,api/normal,0.86,0,1,none
2026-03-14T00:41:33+00:00,api/normal,0.96,0,1,none
2026-03-14T00:41:33+00:00,api/normal,0.76,0,1,none
2026-03-14T00:41:33+00:00,api/db,3.65,0,1,none
2026-03-14T00:41:34+00:00,api/slow,1403.18,0,1,none
2026-03-14T00:41:34+00:00,api/normal,0.94,0,1,none
2026-03-14T00:41:35+00:00,api/normal,0.97,0,1,none
2026-03-14T00:41:35+00:00,api/normal,1.26,0,1,none
2026-03-14T00:41:35+00:00,api/normal,0.82,0,1,none
2026-03-14T00:41:35+00:00,api/normal,0.97,0,1,none
2026-03-14T00:41:35+00:00,api/normal,0.68,0,1,none
2026-03-14T00:41:35+00:00,api/normal,0.68,0,1,none
2026-03-14T00:41:42+00:00,api/slow,7003.12,0,1,TIMEOUT_ERROR
2026-03-14T00:41:42+00:00,api/error,3.07,1,1,SYSTEM_ERROR
2026-03-14T00:41:43+00:00,api/slow,1146.45,0,1,none
2026-03-14T00:41:43+00:00,api/normal,0.69,0,1,none
2026-03-14T00:41:43+00:00,api/normal,0.81,0,1,none
2026-03-14T00:41:43+00:00,api/normal,0.87,0,1,none
2026-03-14T00:41:43+00:00,api/normal,0.72,0,1,none
2026-03-14T00:41:44+00:00,api/slow,1217.55,0,1,none
2026-03-14T00:41:44+00:00,api/normal,0.74,0,1,none
2026-03-14T00:41:44+00:00,api/normal,0.92,0,1,none
2026-03-14T00:41:44+00:00,api/normal,0.84,0,1,none
2026-03-14T00:41:44+00:00,api/normal,1.21,0,1,none
2026-03-14T00:41:44+00:00,api/db,3.19,0,1,none
2026-03-14T00:41:44+00:00,api/normal,0.79,0,1,none
2026-03-14T00:41:46+00:00,api/slow,1986.18,0,1,none
2026-03-14T00:41:46+00:00,api/normal,1.3,0,1,none
2026-03-14T00:41:46+00:00,api/normal,0.76,0,1,none
2026-03-14T00:41:46+00:00,api/normal,0.79,0,1,none
2026-03-14T00:41:46+00:00,api/normal,2.7,0,1,none
2026-03-14T00:41:52+00:00,api/slow,5016.41,0,1,TIMEOUT_ERROR
2026-03-14T00:41:52+00:00,api/error,2.83,1,1,SYSTEM_ERROR
2026-03-14T00:41:52+00:00,api/normal,0.75,0,1,none
2026-03-14T00:41:52+00:00,api/normal,1.19,0,1,none
2026-03-14T00:41:52+00:00,api/db,3.22,0,1,none
2026-03-14T00:41:52+00:00,api/normal,0.8,0,1,none
2026-03-14T00:41:52+00:00,api/normal,0.99,0,1,none
2026-03-14T00:41:52+00:00,api/normal,0.92,0,1,none
2026-03-14T00:41:52+00:00,api/normal,0.99,0,1,none
2026-03-14T00:41:53+00:00,api/slow,1265.54,0,1,none
2026-03-14T00:41:53+00:00,api/normal,0.97,0,1,none
2026-03-14T00:41:59+00:00,api/slow,6012.24,0,1,TIMEOUT_ERROR
2026-03-14T00:41:59+00:00,api/normal,1.8,0,1,none
2026-03-14T00:41:59+00:00,api/normal,0.74,0,1,none
2026-03-14T00:41:59+00:00,api/normal,0.74,0,1,none
2026-03-14T00:41:59+00:00,api/normal,0.91,0,1,none
2026-03-14T00:41:59+00:00,api/normal,0.75,0,1,none
2026-03-14T00:41:59+00:00,api/normal,0.74,0,1,none
2026-03-14T00:41:59+00:00,api/normal,0.79,0,1,none
2026-03-14T00:42:00+00:00,api/slow,1113.81,0,1,none
2026-03-14T00:42:07+00:00,api/slow,7014.37,0,1,TIMEOUT_ERROR
2026-03-14T00:42:13+00:00,api/slow,6004.07,0,1,TIMEOUT_ERROR
2026-03-14T00:42:14+00:00,api/normal,1.26,0,1,none
2026-03-14T00:42:14+00:00,api/normal,0.84,0,1,none
2026-03-14T00:42:14+00:00,api/normal,0.84,0,1,none
2026-03-14T00:42:20+00:00,api/slow,6005.53,0,1,TIMEOUT_ERROR
2026-03-14T00:42:22+00:00,api/slow,1893.4,0,1,none
2026-03-14T00:42:22+00:00,api/normal,0.7,0,1,none
2026-03-14T00:42:23+00:00,api/slow,1876.38,0,1,none
2026-03-14T00:42:23+00:00,api/validate,3.52,1,1,UNKNOWN
2026-03-14T00:42:24+00:00,api/normal,0.86,0,1,none
2026-03-14T00:42:24+00:00,api/normal,1,0,1,none
2026-03-14T00:42:31+00:00,api/slow,7001.68,0,1,TIMEOUT_ERROR
2026-03-14T00:42:31+00:00,api/normal,1.2,0,1,none
2026-03-14T00:42:32+00:00,api/slow,1119.98,0,1,none
2026-03-14T00:42:32+00:00,api/normal,0.67,0,1,none
2026-03-14T00:42:32+00:00,api/normal,0.94,0,1,none
2026-03-14T00:42:33+00:00,api/slow,1525.18,0,1,none
2026-03-14T00:42:35+00:00,api/slow,1303.64,0,1,none
2026-03-14T00:42:35+00:00,api/error,4.05,1,1,SYSTEM_ERROR
2026-03-14T00:42:35+00:00,api/normal,0.73,0,1,none
2026-03-14T00:42:35+00:00,api/normal,0.9,0,1,none
2026-03-14T00:42:36+00:00,api/slow,1442.46,0,1,none
2026-03-14T00:42:36+00:00,api/normal,0.78,0,1,none
2026-03-14T00:42:36+00:00,api/normal,0.9,0,1,none
2026-03-14T00:42:36+00:00,api/normal,1.04,0,1,none
2026-03-14T00:42:36+00:00,api/normal,1.18,0,1,none
2026-03-14T00:42:37+00:00,api/slow,1123.63,0,1,none
2026-03-14T00:42:38+00:00,api/normal,0.78,0,1,none
2026-03-14T00:42:38+00:00,api/normal,1.37,0,1,none
2026-03-14T00:42:38+00:00,api/normal,0.72,0,1,none
2026-03-14T00:42:38+00:00,api/normal,1.28,0,1,none
2026-03-14T00:42:38+00:00,api/normal,1.54,0,1,none
2026-03-14T00:42:38+00:00,api/normal,0.8,0,1,none
2026-03-14T00:42:38+00:00,api/normal,0.77,0,1,none
2026-03-14T00:42:38+00:00,api/error,2.46,1,1,SYSTEM_ERROR
2026-03-14T00:42:38+00:00,api/normal,0.81,0,1,none
2026-03-14T00:42:38+00:00,api/normal,0.7,0,1,none
2026-03-14T00:42:38+00:00,api/error,2.21,1,1,SYSTEM_ERROR
2026-03-14T00:42:38+00:00,api/normal,0.76,0,1,none
2026-03-14T00:42:39+00:00,api/slow,1661.75,0,1,none
2026-03-14T00:42:40+00:00,api/normal,0.89,0,1,none
2026-03-14T00:42:40+00:00,api/error,3.49,1,1,SYSTEM_ERROR
2026-03-14T00:42:40+00:00,api/normal,0.91,0,1,none
2026-03-14T00:42:40+00:00,api/normal,0.84,0,1,none
2026-03-14T00:42:40+00:00,api/normal,0.79,0,1,none
2026-03-14T00:42:41+00:00,api/slow,1344.24,0,1,none
2026-03-14T00:42:41+00:00,api/normal,1.77,0,1,none
2026-03-14T00:42:42+00:00,api/slow,1385.78,0,1,none
2026-03-14T00:42:42+00:00,api/normal,0.81,0,1,none
2026-03-14T00:42:42+00:00,api/normal,0.82,0,1,none
2026-03-14T00:42:43+00:00,api/normal,0.75,0,1,none
2026-03-14T00:42:43+00:00,api/normal,0.84,0,1,none
2026-03-14T00:42:43+00:00,api/normal,0.79,0,1,none
2026-03-14T00:42:43+00:00,api/normal,0.73,0,1,none
2026-03-14T00:42:44+00:00,api/slow,1527.73,0,1,none
2026-03-14T00:42:44+00:00,api/normal,1.69,0,1,none
2026-03-14T00:42:44+00:00,api/normal,0.81,0,1,none
2026-03-14T00:42:44+00:00,api/normal,0.81,0,1,none
2026-03-14T00:42:44+00:00,api/normal,0.83,0,1,none
2026-03-14T00:42:44+00:00,api/normal,0.83,0,1,none
2026-03-14T00:42:44+00:00,api/normal,0.85,0,1,none
2026-03-14T00:42:44+00:00,api/normal,0.78,0,1,none
2026-03-14T00:42:46+00:00,api/slow,1372.8,0,1,none
2026-03-14T00:42:46+00:00,api/db,2.82,0,1,none
2026-03-14T00:42:47+00:00,api/slow,1029.94,0,1,none
2026-03-14T00:42:47+00:00,api/normal,1.5,0,1,none
2026-03-14T00:42:47+00:00,api/validate,2.28,1,1,UNKNOWN
2026-03-14T00:42:47+00:00,api/normal,0.75,0,1,none
2026-03-14T00:42:48+00:00,api/slow,1172.79,0,1,none
2026-03-14T00:42:50+00:00,api/slow,1763.82,0,1,none
2026-03-14T00:42:50+00:00,api/normal,1.35,0,1,none
2026-03-14T00:42:50+00:00,api/normal,2.07,0,1,none
2026-03-14T00:42:50+00:00,api/normal,0.76,0,1,none
2026-03-14T00:42:56+00:00,api/slow,6007.25,0,1,TIMEOUT_ERROR
2026-03-14T00:42:56+00:00,api/normal,2.98,0,1,none
2026-03-14T00:42:56+00:00,api/normal,0.9,0,1,none
2026-03-14T00:42:56+00:00,api/normal,0.83,0,1,none
2026-03-14T00:42:56+00:00,api/normal,0.9,0,1,none
2026-03-14T00:42:56+00:00,api/normal,2.09,0,1,none
2026-03-14T00:42:56+00:00,api/normal,0.92,0,1,none
2026-03-14T00:43:01+00:00,api/slow,5015.3,0,1,TIMEOUT_ERROR
2026-03-14T00:43:01+00:00,api/error,5.93,1,1,SYSTEM_ERROR
2026-03-14T00:43:01+00:00,api/normal,0.69,0,1,none
2026-03-14T00:43:01+00:00,api/normal,0.76,0,1,none
2026-03-14T00:43:01+00:00,api/normal,0.8,0,1,none
2026-03-14T00:43:01+00:00,api/db,2.88,0,1,none
2026-03-14T00:43:01+00:00,api/normal,0.74,0,1,none
2026-03-14T00:43:01+00:00,api/normal,0.78,0,1,none
2026-03-14T00:43:01+00:00,api/normal,0.83,0,1,none
2026-03-14T00:43:01+00:00,api/normal,0.75,0,1,none
2026-03-14T00:43:02+00:00,api/normal,0.77,0,1,none
2026-03-14T00:43:02+00:00,api/normal,0.9,0,1,none
2026-03-14T00:43:02+00:00,api/normal,1.21,0,1,none
2026-03-14T00:43:07+00:00,api/slow,5004,0,1,TIMEOUT_ERROR
2026-03-14T00:43:07+00:00,api/normal,1.47,0,1,none
2026-03-14T00:43:07+00:00,api/normal,0.76,0,1,none
2026-03-14T00:43:07+00:00,api/normal,0.83,0,1,none
2026-03-14T00:43:07+00:00,api/normal,0.94,0,1,none
2026-03-14T00:43:07+00:00,api/normal,0.93,0,1,none
2026-03-14T00:43:07+00:00,api/db,3.3,0,1,none
2026-03-14T00:43:12+00:00,api/slow,5013.95,0,1,TIMEOUT_ERROR
2026-03-14T00:43:12+00:00,api/normal,1.74,0,1,none
2026-03-14T00:43:12+00:00,api/normal,1.58,0,1,none
2026-03-14T00:43:12+00:00,api/normal,0.86,0,1,none
2026-03-14T00:43:12+00:00,api/db,24.72,0,1,none
2026-03-14T00:43:12+00:00,api/normal,2.97,0,1,none
2026-03-14T00:43:12+00:00,api/normal,0.97,0,1,none
2026-03-14T00:43:12+00:00,api/normal,1.76,0,1,none
2026-03-14T00:43:13+00:00,api/slow,1184.14,0,1,none
2026-03-14T00:43:13+00:00,api/normal,0.8,0,1,none
2026-03-14T00:43:13+00:00,api/error,2.45,1,1,SYSTEM_ERROR
2026-03-14T00:43:15+00:00,api/slow,1490.96,0,1,none
2026-03-14T00:43:15+00:00,api/normal,1.5,0,1,none
2026-03-14T00:43:15+00:00,api/normal,1.45,0,1,none
2026-03-14T00:43:15+00:00,api/normal,0.97,0,1,none
2026-03-14T00:43:15+00:00,api/validate,1.77,1,1,UNKNOWN
2026-03-14T00:43:15+00:00,api/normal,0.82,0,1,none
2026-03-14T00:43:15+00:00,api/normal,0.74,0,1,none
2026-03-14T00:43:15+00:00,api/normal,0.8,0,1,none
2026-03-14T00:43:15+00:00,api/normal,0.82,0,1,none
2026-03-14T00:43:15+00:00,api/normal,1.1,0,1,none
2026-03-14T00:43:15+00:00,api/normal,0.9,0,1,none
2026-03-14T00:43:15+00:00,api/normal,0.83,0,1,none
2026-03-14T00:43:17+00:00,api/slow,1399.87,0,1,none
2026-03-14T00:43:17+00:00,api/normal,1.6,0,1,none
2026-03-14T00:43:17+00:00,api/normal,1.79,0,1,none
2026-03-14T00:43:17+00:00,api/normal,0.74,0,1,none
2026-03-14T00:43:17+00:00,api/normal,0.77,0,1,none
2026-03-14T00:43:17+00:00,api/normal,1,0,1,none
2026-03-14T00:43:17+00:00,api/normal,0.7,0,1,none
2026-03-14T00:43:17+00:00,api/normal,0.85,0,1,none
2026-03-14T00:43:18+00:00,api/slow,1027.59,0,1,none
2026-03-14T00:43:18+00:00,api/normal,1.77,0,1,none
2026-03-14T00:43:18+00:00,api/normal,0.8,0,1,none
2026-03-14T00:43:18+00:00,api/normal,0.97,0,1,none
2026-03-14T00:43:18+00:00,api/validate,2.37,1,1,UNKNOWN
2026-03-14T00:43:18+00:00,api/normal,0.86,0,1,none
2026-03-14T00:43:18+00:00,api/db,4.57,0,1,none
2026-03-14T00:43:18+00:00,api/normal,1.28,0,1,none
2026-03-14T00:43:18+00:00,api/error,4.83,1,1,SYSTEM_ERROR
2026-03-14T00:43:18+00:00,api/normal,0.85,0,1,none
2026-03-14T00:43:18+00:00,api/normal,0.9,0,1,none
2026-03-14T00:43:18+00:00,api/normal,2.16,0,1,none
2026-03-14T00:43:18+00:00,api/normal,0.9,0,1,none
2026-03-14T00:43:18+00:00,api/validate,2.28,1,1,UNKNOWN
2026-03-14T00:43:18+00:00,api/normal,0.95,0,1,none
2026-03-14T00:43:18+00:00,api/normal,1.07,0,1,none
2026-03-14T00:43:23+00:00,api/slow,5003.14,0,1,TIMEOUT_ERROR
2026-03-14T00:43:23+00:00,api/normal,1.41,0,1,none
2026-03-14T00:43:23+00:00,api/normal,0.82,0,1,none
2026-03-14T00:43:23+00:00,api/normal,1.18,0,1,none
2026-03-14T00:43:25+00:00,api/slow,1923.75,0,1,none
2026-03-14T00:43:25+00:00,api/db,3.84,0,1,none
2026-03-14T00:43:25+00:00,api/normal,0.82,0,1,none
2026-03-14T00:43:25+00:00,api/normal,0.77,0,1,none
2026-03-14T00:43:25+00:00,api/normal,0.78,0,1,none
2026-03-14T00:43:31+00:00,api/slow,6013.84,0,1,TIMEOUT_ERROR
2026-03-14T00:43:32+00:00,api/normal,0.9,0,1,none
2026-03-14T00:43:32+00:00,api/normal,1.19,0,1,none
2026-03-14T00:43:33+00:00,api/slow,1322.04,0,1,none
2026-03-14T00:43:33+00:00,api/normal,0.95,0,1,none
2026-03-14T00:43:34+00:00,api/slow,1040.84,0,1,none
2026-03-14T00:43:39+00:00,api/slow,5015.37,0,1,TIMEOUT_ERROR
2026-03-14T00:43:39+00:00,api/normal,1.42,0,1,none
2026-03-14T00:43:39+00:00,api/normal,0.78,0,1,none
2026-03-14T00:43:39+00:00,api/normal,1.17,0,1,none
2026-03-14T00:43:39+00:00,api/normal,0.94,0,1,none
2026-03-14T00:43:39+00:00,api/normal,0.91,0,1,none
2026-03-14T00:43:39+00:00,api/error,2.51,1,1,SYSTEM_ERROR
2026-03-14T00:43:39+00:00,api/normal,0.88,0,1,none
2026-03-14T00:43:41+00:00,api/slow,1909.34,0,1,none
2026-03-14T00:43:41+00:00,api/normal,0.99,0,1,none
2026-03-14T00:43:41+00:00,api/normal,0.74,0,1,none
2026-03-14T00:43:41+00:00,api/error,2.27,1,1,SYSTEM_ERROR
2026-03-14T00:43:48+00:00,api/slow,7002.41,0,1,TIMEOUT_ERROR
2026-03-14T00:43:48+00:00,api/normal,2.24,0,1,none
2026-03-14T00:43:50+00:00,api/slow,1692.73,0,1,none
2026-03-14T00:43:50+00:00,api/normal,0.9,0,1,none
2026-03-14T00:43:50+00:00,api/normal,0.86,0,1,none
2026-03-14T00:43:50+00:00,api/normal,1.05,0,1,none
2026-03-14T00:43:50+00:00,api/normal,0.81,0,1,none
2026-03-14T00:43:50+00:00,api/normal,0.83,0,1,none
2026-03-14T00:43:50+00:00,api/normal,4.36,0,1,none
2026-03-14T00:43:50+00:00,api/normal,1.05,0,1,none
2026-03-14T00:43:50+00:00,api/normal,1.07,0,1,none
2026-03-14T00:43:50+00:00,api/normal,1.28,0,1,none
2026-03-14T00:43:51+00:00,api/slow,1037.56,0,1,none
2026-03-14T00:43:52+00:00,api/normal,1.46,0,1,none
2026-03-14T00:43:52+00:00,api/normal,0.84,0,1,none
2026-03-14T00:43:52+00:00,api/normal,0.94,0,1,none
2026-03-14T00:43:53+00:00,api/slow,1130.62,0,1,none
2026-03-14T00:43:53+00:00,api/error,2.72,1,1,SYSTEM_ERROR
2026-03-14T00:43:53+00:00,api/normal,0.85,0,1,none
2026-03-14T00:43:54+00:00,api/slow,1512.49,0,1,none
2026-03-14T00:43:54+00:00,api/normal,2.12,0,1,none
2026-03-14T00:43:59+00:00,api/slow,5002.42,0,1,TIMEOUT_ERROR
2026-03-14T00:43:59+00:00,api/normal,1.59,0,1,none
2026-03-14T00:43:59+00:00,api/normal,0.93,0,1,none
2026-03-14T00:43:59+00:00,api/normal,1.35,0,1,none
2026-03-14T00:44:00+00:00,api/normal,1.16,0,1,none
2026-03-14T00:44:00+00:00,api/db,5.79,0,1,none
2026-03-14T00:44:00+00:00,api/normal,0.91,0,1,none
2026-03-14T00:44:00+00:00,api/normal,0.93,0,1,none
2026-03-14T00:44:06+00:00,api/slow,6016,0,1,TIMEOUT_ERROR
2026-03-14T00:44:06+00:00,api/normal,1.73,0,1,none
2026-03-14T00:44:06+00:00,api/validate,2.61,1,1,UNKNOWN
2026-03-14T00:44:06+00:00,api/normal,0.96,0,1,none
2026-03-14T00:44:06+00:00,api/normal,0.99,0,1,none
2026-03-14T00:44:06+00:00,api/normal,1.15,0,1,none
2026-03-14T00:44:06+00:00,api/normal,0.95,0,1,none
2026-03-14T00:44:06+00:00,api/normal,0.91,0,1,none
2026-03-14T00:44:11+00:00,api/slow,5015.18,0,1,TIMEOUT_ERROR
2026-03-14T00:44:11+00:00,api/db,4.69,0,1,none
2026-03-14T00:44:11+00:00,api/normal,1.09,0,1,none
2026-03-14T00:44:11+00:00,api/normal,1.02,0,1,none
2026-03-14T00:44:11+00:00,api/normal,0.9,0,1,none
2026-03-14T00:44:11+00:00,api/normal,1.09,0,1,none
2026-03-14T00:44:13+00:00,api/slow,1328.95,0,1,none
2026-03-14T00:44:18+00:00,api/slow,5004.99,0,1,TIMEOUT_ERROR
2026-03-14T00:44:18+00:00,api/normal,1.45,0,1,none
2026-03-14T00:44:19+00:00,api/slow,1212.82,0,1,none
2026-03-14T00:44:19+00:00,api/normal,0.95,0,1,none
2026-03-14T00:44:19+00:00,api/normal,1.16,0,1,none
2026-03-14T00:44:19+00:00,api/normal,0.9,0,1,none
2026-03-14T00:44:19+00:00,api/normal,0.97,0,1,none
2026-03-14T00:44:19+00:00,api/error,3.38,1,1,SYSTEM_ERROR
2026-03-14T00:44:19+00:00,api/normal,0.92,0,1,none
2026-03-14T00:44:19+00:00,api/normal,0.88,0,1,none
2026-03-14T00:44:19+00:00,api/normal,1.03,0,1,none
2026-03-14T00:44:21+00:00,api/slow,1746.02,0,1,none
2026-03-14T00:44:21+00:00,api/error,4.72,1,1,SYSTEM_ERROR
2026-03-14T00:44:21+00:00,api/normal,1.27,0,1,none
2026-03-14T00:44:21+00:00,api/normal,1.4,0,1,none
2026-03-14T00:44:21+00:00,api/normal,1.34,0,1,none
2026-03-14T00:44:21+00:00,api/db,16.75,0,1,none
2026-03-14T00:44:21+00:00,api/normal,1.02,0,1,none
2026-03-14T00:44:21+00:00,api/normal,1.91,0,1,none
2026-03-14T00:44:21+00:00,api/normal,1.97,0,1,none
2026-03-14T00:44:21+00:00,api/normal,0.96,0,1,none
2026-03-14T00:44:21+00:00,api/normal,0.99,0,1,none
2026-03-14T00:44:21+00:00,api/normal,1.3,0,1,none
2026-03-14T00:44:21+00:00,api/normal,1.32,0,1,none
2026-03-14T00:44:21+00:00,api/normal,1.58,0,1,none
2026-03-14T00:44:22+00:00,api/normal,1.15,0,1,none
2026-03-14T00:44:22+00:00,api/normal,1.2,0,1,none
2026-03-14T00:44:22+00:00,api/normal,0.9,0,1,none
2026-03-14T00:44:24+00:00,api/slow,2000.29,0,1,none
2026-03-14T00:44:24+00:00,api/normal,1.97,0,1,none
2026-03-14T00:44:24+00:00,api/normal,1.45,0,1,none
2026-03-14T00:44:24+00:00,api/normal,1.08,0,1,none
2026-03-14T00:44:24+00:00,api/normal,1.28,0,1,none
2026-03-14T00:44:24+00:00,api/normal,1.35,0,1,none
2026-03-14T00:44:24+00:00,api/normal,0.92,0,1,none
2026-03-14T00:44:24+00:00,api/normal,2.44,0,1,none
2026-03-14T00:44:24+00:00,api/normal,0.95,0,1,none
2026-03-14T00:44:24+00:00,api/normal,0.99,0,1,none
2026-03-14T00:44:24+00:00,api/normal,1,0,1,none
2026-03-14T00:44:31+00:00,api/slow,7008.68,0,1,TIMEOUT_ERROR
2026-03-14T00:44:31+00:00,api/normal,4.35,0,1,none
2026-03-14T00:44:31+00:00,api/normal,2.19,0,1,none
2026-03-14T00:44:31+00:00,api/normal,1.82,0,1,none
2026-03-14T00:44:33+00:00,api/slow,1270.25,0,1,none
2026-03-14T00:44:33+00:00,api/normal,2.56,0,1,none
2026-03-14T00:44:33+00:00,api/normal,1.48,0,1,none
2026-03-14T00:44:33+00:00,api/db,3.87,0,1,none
2026-03-14T00:44:33+00:00,api/normal,1.36,0,1,none
2026-03-14T00:44:34+00:00,api/slow,1144.84,0,1,none
2026-03-14T00:44:34+00:00,api/normal,4.47,0,1,none
2026-03-14T00:44:36+00:00,api/slow,1860.85,0,1,none
2026-03-14T00:44:36+00:00,api/normal,1.79,0,1,none
2026-03-14T00:44:36+00:00,api/normal,1.48,0,1,none
2026-03-14T00:44:36+00:00,api/normal,2.37,0,1,none
2026-03-14T00:44:36+00:00,api/normal,1.48,0,1,none
2026-03-14T00:44:36+00:00,api/normal,0.86,0,1,none
2026-03-14T00:44:37+00:00,api/slow,1158.53,0,1,none
2026-03-14T00:44:39+00:00,api/slow,1934.53,0,1,none
2026-03-14T00:44:39+00:00,api/normal,1.1,0,1,none
2026-03-14T00:44:39+00:00,api/normal,1.93,0,1,none
2026-03-14T00:44:41+00:00,api/slow,1854.62,0,1,none
2026-03-14T00:44:43+00:00,api/slow,1806.91,0,1,none
2026-03-14T00:44:43+00:00,api/normal,1.16,0,1,none
2026-03-14T00:44:45+00:00,api/slow,1466.41,0,1,none
2026-03-14T00:44:50+00:00,api/slow,5012.73,0,1,TIMEOUT_ERROR
2026-03-14T00:44:50+00:00,api/normal,2.56,0,1,none
2026-03-14T00:44:50+00:00,api/normal,1.39,0,1,none
2026-03-14T00:44:50+00:00,api/normal,1.02,0,1,none
2026-03-14T00:44:51+00:00,api/slow,1511.21,0,1,none
2026-03-14T00:44:51+00:00,api/normal,1.75,0,1,none
2026-03-14T00:44:59+00:00,api/slow,7008.31,0,1,TIMEOUT_ERROR
2026-03-14T00:45:00+00:00,api/slow,1787.66,0,1,none
2026-03-14T00:45:00+00:00,api/normal,1,0,1,none
2026-03-14T00:45:01+00:00,api/normal,0.93,0,1,none
2026-03-14T00:45:01+00:00,api/normal,1.42,0,1,none
2026-03-14T00:45:01+00:00,api/error,3.82,1,1,SYSTEM_ERROR
2026-03-14T00:45:07+00:00,api/slow,6009.02,0,1,TIMEOUT_ERROR
2026-03-14T00:45:07+00:00,api/normal,6.81,0,1,none
2026-03-14T00:45:07+00:00,api/normal,1.02,0,1,none
2026-03-14T00:45:08+00:00,api/slow,1089.8,0,1,none
2026-03-14T00:45:08+00:00,api/normal,1.01,0,1,none
2026-03-14T00:45:08+00:00,api/normal,1.16,0,1,none
2026-03-14T00:45:09+00:00,api/slow,1130.15,0,1,none
2026-03-14T00:45:11+00:00,api/slow,1515.08,0,1,none
2026-03-14T00:45:11+00:00,api/normal,2.56,0,1,none
2026-03-14T00:45:11+00:00,api/normal,1.05,0,1,none
2026-03-14T00:45:11+00:00,api/normal,4.67,0,1,none
2026-03-14T00:45:11+00:00,api/normal,3.68,0,1,none
2026-03-14T00:45:11+00:00,api/normal,1.12,0,1,none
2026-03-14T00:45:11+00:00,api/normal,4.57,0,1,none
2026-03-14T00:45:11+00:00,api/normal,1.99,0,1,none
2026-03-14T00:45:11+00:00,api/normal,4.11,0,1,none
2026-03-14T00:45:11+00:00,api/normal,2.24,0,1,none
2026-03-14T00:45:12+00:00,api/normal,1.57,0,1,none
2026-03-14T00:45:12+00:00,api/normal,3.97,0,1,none
2026-03-14T00:45:12+00:00,api/normal,1.13,0,1,none
2026-03-14T00:45:12+00:00,api/normal,4.95,0,1,none
2026-03-14T00:45:14+00:00,api/slow,1913.05,0,1,none
2026-03-14T00:45:14+00:00,api/error,9.02,1,1,SYSTEM_ERROR
2026-03-14T00:45:14+00:00,api/normal,0.93,0,1,none
2026-03-14T00:45:14+00:00,api/normal,2.12,0,1,none
2026-03-14T00:45:19+00:00,api/slow,5012.57,0,1,TIMEOUT_ERROR
2026-03-14T00:45:21+00:00,api/slow,1754.23,0,1,none
2026-03-14T00:45:21+00:00,api/normal,1.14,0,1,none
2026-03-14T00:45:22+00:00,api/slow,1257.24,0,1,none
2026-03-14T00:45:22+00:00,api/normal,4.78,0,1,none
2026-03-14T00:45:22+00:00,api/normal,2.04,0,1,none
2026-03-14T00:45:29+00:00,api/slow,7016.81,0,1,TIMEOUT_ERROR
2026-03-14T00:45:29+00:00,api/normal,1.75,0,1,none
2026-03-14T00:45:31+00:00,api/slow,1532.66,0,1,none
2026-03-14T00:45:31+00:00,api/normal,1.01,0,1,none
2026-03-14T00:45:31+00:00,api/normal,1.08,0,1,none
2026-03-14T00:45:31+00:00,api/normal,1.02,0,1,none
2026-03-14T00:45:31+00:00,api/normal,2.06,0,1,none
2026-03-14T00:45:31+00:00,api/normal,1.63,0,1,none
2026-03-14T00:45:31+00:00,api/normal,1.25,0,1,none
2026-03-14T00:45:31+00:00,api/normal,4.42,0,1,none
2026-03-14T00:45:31+00:00,api/normal,3.71,0,1,none
2026-03-14T00:45:31+00:00,api/normal,1.18,0,1,none
2026-03-14T00:45:31+00:00,api/normal,0.92,0,1,none
2026-03-14T00:45:38+00:00,api/slow,7015.46,0,1,TIMEOUT_ERROR
2026-03-14T00:45:39+00:00,api/normal,2.66,0,1,none
2026-03-14T00:45:40+00:00,api/slow,1560.29,0,1,none
2026-03-14T00:45:40+00:00,api/normal,2.64,0,1,none
2026-03-14T00:45:40+00:00,api/normal,2.31,0,1,none
2026-03-14T00:45:40+00:00,api/normal,1.58,0,1,none
2026-03-14T00:45:40+00:00,api/normal,3.42,0,1,none
2026-03-14T00:45:41+00:00,api/db,12.24,0,1,none
2026-03-14T00:45:41+00:00,api/normal,11.09,0,1,none
2026-03-14T00:45:41+00:00,api/error,7.47,1,1,SYSTEM_ERROR
2026-03-14T00:45:47+00:00,api/slow,6009.21,0,1,TIMEOUT_ERROR
2026-03-14T00:45:47+00:00,api/normal,3.48,0,1,none
2026-03-14T00:45:47+00:00,api/normal,0.92,0,1,none
2026-03-14T00:45:47+00:00,api/db,25.69,0,1,none
2026-03-14T00:45:47+00:00,api/normal,0.94,0,1,none
2026-03-14T00:45:47+00:00,api/normal,0.93,0,1,none
2026-03-14T00:45:48+00:00,api/slow,1436.37,0,1,none
2026-03-14T00:45:49+00:00,api/normal,1.82,0,1,none
2026-03-14T00:45:50+00:00,api/slow,1923.91,0,1,none
2026-03-14T00:45:51+00:00,api/normal,5.68,0,1,none
2026-03-14T00:45:51+00:00,api/normal,0.94,0,1,none
2026-03-14T00:45:52+00:00,api/slow,1442.68,0,1,none
2026-03-14T00:45:59+00:00,api/slow,7006.8,0,1,TIMEOUT_ERROR
2026-03-14T00:45:59+00:00,api/normal,1.96,0,1,none
2026-03-14T00:46:01+00:00,api/slow,1383.19,0,1,none
2026-03-14T00:46:01+00:00,api/db,5.44,0,1,none
2026-03-14T00:46:01+00:00,api/normal,1.39,0,1,none
2026-03-14T00:46:02+00:00,api/slow,1024.63,0,1,none
2026-03-14T00:46:03+00:00,api/slow,1305.07,0,1,none
2026-03-14T00:46:05+00:00,api/slow,1866.98,0,1,none
2026-03-14T00:46:05+00:00,api/validate,4.13,1,1,UNKNOWN
2026-03-14T00:46:05+00:00,api/normal,1.08,0,1,none
2026-03-14T00:46:12+00:00,api/slow,7002.37,0,1,TIMEOUT_ERROR
2026-03-14T00:46:12+00:00,api/db,29.49,0,1,none
2026-03-14T00:46:12+00:00,api/normal,1.38,0,1,none
2026-03-14T00:46:13+00:00,api/slow,1062.31,0,1,none
2026-03-14T00:46:13+00:00,api/normal,0.96,0,1,none
2026-03-14T00:46:15+00:00,api/slow,1426.27,0,1,none
2026-03-14T00:46:15+00:00,api/normal,1.22,0,1,none
2026-03-14T00:46:15+00:00,api/normal,1.06,0,1,none
2026-03-14T00:46:15+00:00,api/normal,1.09,0,1,none
2026-03-14T00:46:17+00:00,api/slow,2006,0,1,none
2026-03-14T00:46:17+00:00,api/db,4.79,0,1,none
2026-03-14T00:46:19+00:00,api/slow,1280.33,0,1,none
2026-03-14T00:46:19+00:00,api/db,4.15,0,1,none
2026-03-14T00:46:19+00:00,api/normal,2.21,0,1,none
2026-03-14T00:46:19+00:00,api/normal,1.55,0,1,none
2026-03-14T00:46:19+00:00,api/normal,0.92,0,1,none
2026-03-14T00:46:19+00:00,api/normal,1.24,0,1,none
2026-03-14T00:46:19+00:00,api/normal,0.9,0,1,none
2026-03-14T00:46:25+00:00,api/slow,6003.95,0,1,TIMEOUT_ERROR
2026-03-14T00:46:25+00:00,api/normal,1.63,0,1,none
2026-03-14T00:46:25+00:00,api/normal,0.91,0,1,none
2026-03-14T00:46:25+00:00,api/normal,1.01,0,1,none
2026-03-14T00:46:27+00:00,api/slow,1737.12,0,1,none
2026-03-14T00:46:27+00:00,api/normal,0.85,0,1,none
2026-03-14T00:46:27+00:00,api/normal,1.24,0,1,none
2026-03-14T00:46:27+00:00,api/normal,1.46,0,1,none
2026-03-14T00:46:27+00:00,api/normal,1.26,0,1,none
2026-03-14T00:46:33+00:00,api/slow,6016.96,0,1,TIMEOUT_ERROR
2026-03-14T00:46:33+00:00,api/normal,0.95,0,1,none
2026-03-14T00:46:33+00:00,api/normal,0.89,0,1,none
2026-03-14T00:46:33+00:00,api/normal,0.88,0,1,none
2026-03-14T00:46:33+00:00,api/normal,0.93,0,1,none
2026-03-14T00:46:33+00:00,api/normal,1.06,0,1,none
2026-03-14T00:46:33+00:00,api/normal,0.83,0,1,none
2026-03-14T00:46:34+00:00,api/slow,1373.68,0,1,none
2026-03-14T00:46:36+00:00,api/slow,1397.63,0,1,none
2026-03-14T00:46:36+00:00,api/normal,1.89,0,1,none
2026-03-14T00:46:36+00:00,api/normal,0.87,0,1,none
2026-03-14T00:46:36+00:00,api/normal,2.13,0,1,none
2026-03-14T00:46:36+00:00,api/normal,1.79,0,1,none
2026-03-14T00:46:36+00:00,api/normal,1.43,0,1,none
2026-03-14T00:46:36+00:00,api/normal,0.99,0,1,none
2026-03-14T00:46:36+00:00,api/normal,0.95,0,1,none
2026-03-14T00:46:38+00:00,api/slow,2003.91,0,1,none
2026-03-14T00:46:40+00:00,api/slow,1314.53,0,1,none
2026-03-14T00:46:47+00:00,api/slow,7005.35,0,1,TIMEOUT_ERROR
2026-03-14T00:46:47+00:00,api/normal,1.44,0,1,none
2026-03-14T00:46:47+00:00,api/error,2.42,1,1,SYSTEM_ERROR
2026-03-14T00:46:47+00:00,api/normal,1.25,0,1,none
2026-03-14T00:46:49+00:00,api/slow,1883.94,0,1,none
2026-03-14T00:46:49+00:00,api/normal,1.12,0,1,none
2026-03-14T00:46:49+00:00,api/db,3.36,0,1,none
2026-03-14T00:46:51+00:00,api/slow,1802.28,0,1,none
2026-03-14T00:46:52+00:00,api/slow,1933.8,0,1,none
2026-03-14T00:46:53+00:00,api/normal,1.07,0,1,none
2026-03-14T00:46:53+00:00,api/normal,0.88,0,1,none
2026-03-14T00:46:53+00:00,api/normal,0.95,0,1,none
2026-03-14T00:46:53+00:00,api/normal,1.02,0,1,none
2026-03-14T00:46:53+00:00,api/error,2.98,1,1,SYSTEM_ERROR
2026-03-14T00:46:53+00:00,api/normal,0.95,0,1,none
2026-03-14T00:46:54+00:00,api/slow,1316.47,0,1,none
2026-03-14T00:46:59+00:00,api/slow,5005.5,0,1,TIMEOUT_ERROR
2026-03-14T00:46:59+00:00,api/normal,1.96,0,1,none
2026-03-14T00:47:04+00:00,api/slow,5008.13,0,1,TIMEOUT_ERROR
2026-03-14T00:47:04+00:00,api/db,4.85,0,1,none
2026-03-14T00:47:06+00:00,api/slow,1313.05,0,1,none
2026-03-14T00:47:07+00:00,api/slow,1344.44,0,1,none
2026-03-14T00:47:07+00:00,api/normal,2.83,0,1,none
2026-03-14T00:47:07+00:00,api/normal,0.93,0,1,none
2026-03-14T00:47:07+00:00,api/normal,1.06,0,1,none
2026-03-14T00:47:07+00:00,api/db,4.69,0,1,none
2026-03-14T00:47:07+00:00,api/normal,1.14,0,1,none
2026-03-14T00:47:07+00:00,api/normal,2.05,0,1,none
2026-03-14T00:47:07+00:00,api/normal,0.96,0,1,none
2026-03-14T00:47:07+00:00,api/normal,0.9,0,1,none
2026-03-14T00:47:07+00:00,api/normal,1.01,0,1,none
2026-03-14T00:47:07+00:00,api/normal,0.98,0,1,none
2026-03-14T00:47:07+00:00,api/normal,1.32,0,1,none
2026-03-14T00:47:07+00:00,api/normal,3.56,0,1,none
2026-03-14T00:47:07+00:00,api/normal,1.08,0,1,none
2026-03-14T00:47:07+00:00,api/normal,0.98,0,1,none
2026-03-14T00:47:09+00:00,api/slow,1998.97,0,1,none
2026-03-14T00:47:09+00:00,api/normal,1.1,0,1,none
2026-03-14T00:47:10+00:00,api/normal,1.55,0,1,none
2026-03-14T00:47:11+00:00,api/slow,1478.71,0,1,none
2026-03-14T00:47:11+00:00,api/normal,1.26,0,1,none
2026-03-14T00:47:11+00:00,api/normal,0.9,0,1,none
2026-03-14T00:47:12+00:00,api/slow,1165.48,0,1,none
2026-03-14T00:47:12+00:00,api/normal,1,0,1,none
2026-03-14T00:47:12+00:00,api/error,5.07,1,1,SYSTEM_ERROR
2026-03-14T00:47:12+00:00,api/normal,1.11,0,1,none
2026-03-14T00:47:12+00:00,api/normal,0.9,0,1,none
2026-03-14T00:47:12+00:00,api/normal,2.53,0,1,none
2026-03-14T00:47:12+00:00,api/normal,0.92,0,1,none
2026-03-14T00:47:13+00:00,api/normal,1.81,0,1,none
2026-03-14T00:47:13+00:00,api/normal,0.93,0,1,none
2026-03-14T00:47:19+00:00,api/slow,6011.7,0,1,TIMEOUT_ERROR
2026-03-14T00:47:19+00:00,api/normal,1.02,0,1,none
2026-03-14T00:47:19+00:00,api/normal,1.8,0,1,none
2026-03-14T00:47:19+00:00,api/normal,1.46,0,1,none
2026-03-14T00:47:19+00:00,api/normal,1.83,0,1,none
2026-03-14T00:47:19+00:00,api/normal,1.02,0,1,none
2026-03-14T00:47:21+00:00,api/slow,1951.91,0,1,none
2026-03-14T00:47:21+00:00,api/normal,1.02,0,1,none
2026-03-14T00:47:21+00:00,api/normal,3.09,0,1,none
2026-03-14T00:47:21+00:00,api/error,10.61,1,1,SYSTEM_ERROR
2026-03-14T00:47:21+00:00,api/normal,2.1,0,1,none
2026-03-14T00:47:21+00:00,api/normal,0.96,0,1,none
2026-03-14T00:47:21+00:00,api/normal,0.96,0,1,none
2026-03-14T00:47:23+00:00,api/slow,1621.04,0,1,none
2026-03-14T00:47:23+00:00,api/normal,2.03,0,1,none
2026-03-14T00:47:23+00:00,api/normal,1.08,0,1,none
2026-03-14T00:47:23+00:00,api/normal,2.35,0,1,none
2026-03-14T00:47:23+00:00,api/normal,2.3,0,1,none
2026-03-14T00:47:23+00:00,api/normal,1.06,0,1,none
2026-03-14T00:47:23+00:00,api/normal,0.93,0,1,none
2026-03-14T00:47:23+00:00,api/normal,3.43,0,1,none
2026-03-14T00:47:23+00:00,api/normal,3.34,0,1,none
2026-03-14T00:47:25+00:00,api/slow,1953.24,0,1,none
2026-03-14T00:47:25+00:00,api/normal,0.93,0,1,none
2026-03-14T00:47:25+00:00,api/normal,0.89,0,1,none
2026-03-14T00:47:25+00:00,api/normal,1,0,1,none
2026-03-14T00:47:25+00:00,api/normal,0.83,0,1,none
2026-03-14T00:47:25+00:00,api/normal,0.94,0,1,none
2026-03-14T00:47:25+00:00,api/normal,0.93,0,1,none
2026-03-14T00:47:25+00:00,api/validate,2.52,1,1,UNKNOWN
2026-03-14T00:47:25+00:00,api/normal,1.52,0,1,none
2026-03-14T00:47:25+00:00,api/normal,1.01,0,1,none
2026-03-14T00:47:26+00:00,api/normal,0.99,0,1,none
2026-03-14T00:47:27+00:00,api/slow,1027.85,0,1,none
2026-03-14T00:47:27+00:00,api/normal,0.81,0,1,none
2026-03-14T00:47:27+00:00,api/normal,0.86,0,1,none
2026-03-14T00:47:27+00:00,api/normal,0.94,0,1,none
2026-03-14T00:47:27+00:00,api/error,2.01,1,1,SYSTEM_ERROR
2026-03-14T00:47:27+00:00,api/error,2.26,1,1,SYSTEM_ERROR
2026-03-14T00:47:27+00:00,api/normal,0.91,0,1,none
2026-03-14T00:47:27+00:00,api/normal,1.4,0,1,none
2026-03-14T00:47:28+00:00,api/slow,1161.73,0,1,none
2026-03-14T00:47:28+00:00,api/normal,0.92,0,1,none
2026-03-14T00:47:28+00:00,api/normal,0.88,0,1,none
2026-03-14T00:47:33+00:00,api/slow,5003.59,0,1,TIMEOUT_ERROR
2026-03-14T00:47:33+00:00,api/normal,1.92,0,1,none
2026-03-14T00:47:35+00:00,api/slow,1487.63,0,1,none
2026-03-14T00:47:35+00:00,api/normal,0.96,0,1,none
2026-03-14T00:47:35+00:00,api/normal,0.84,0,1,none
2026-03-14T00:47:35+00:00,api/normal,0.81,0,1,none
2026-03-14T00:47:35+00:00,api/error,3.18,1,1,SYSTEM_ERROR
2026-03-14T00:47:35+00:00,api/normal,0.96,0,1,none
2026-03-14T00:47:35+00:00,api/normal,1.09,0,1,none
2026-03-14T00:47:35+00:00,api/normal,0.98,0,1,none
2026-03-14T00:47:35+00:00,api/error,3.77,1,1,SYSTEM_ERROR
2026-03-14T00:47:35+00:00,api/normal,0.96,0,1,none
2026-03-14T00:47:35+00:00,api/normal,0.91,0,1,none
2026-03-14T00:47:37+00:00,api/slow,1833.35,0,1,none
2026-03-14T00:47:37+00:00,api/normal,1.61,0,1,none
2026-03-14T00:47:42+00:00,api/slow,5011.54,0,1,TIMEOUT_ERROR
2026-03-14T00:47:43+00:00,api/slow,1176.99,0,1,none
2026-03-14T00:47:45+00:00,api/slow,1456.58,0,1,none
2026-03-14T00:47:45+00:00,api/normal,1.95,0,1,none
2026-03-14T00:47:47+00:00,api/slow,1887.86,0,1,none
2026-03-14T00:47:47+00:00,api/normal,0.95,0,1,none
2026-03-14T00:47:48+00:00,api/slow,1101.39,0,1,none
2026-03-14T00:47:48+00:00,api/normal,2.45,0,1,none
2026-03-14T00:47:48+00:00,api/normal,0.97,0,1,none
2026-03-14T00:47:48+00:00,api/normal,1,0,1,none
2026-03-14T00:47:48+00:00,api/normal,1.41,0,1,none
2026-03-14T00:47:48+00:00,api/normal,1.57,0,1,none
2026-03-14T00:47:48+00:00,api/normal,1.21,0,1,none
2026-03-14T00:47:48+00:00,api/normal,1.21,0,1,none
2026-03-14T00:47:48+00:00,api/normal,0.89,0,1,none
2026-03-14T00:47:48+00:00,api/normal,0.95,0,1,none
2026-03-14T00:47:48+00:00,api/normal,1.74,0,1,none
2026-03-14T00:47:50+00:00,api/slow,1624.41,0,1,none
2026-03-14T00:47:50+00:00,api/normal,1.71,0,1,none
2026-03-14T00:47:50+00:00,api/normal,1.1,0,1,none
2026-03-14T00:47:50+00:00,api/normal,1.45,0,1,none
2026-03-14T00:47:50+00:00,api/normal,1.4,0,1,none
2026-03-14T00:47:50+00:00,api/error,3.54,1,1,SYSTEM_ERROR
2026-03-14T00:47:50+00:00,api/normal,1.12,0,1,none
2026-03-14T00:47:50+00:00,api/normal,1.74,0,1,none
2026-03-14T00:47:50+00:00,api/normal,1.3,0,1,none
2026-03-14T00:47:50+00:00,api/normal,0.85,0,1,none
2026-03-14T00:47:50+00:00,api/normal,0.98,0,1,none
2026-03-14T00:47:50+00:00,api/error,6.99,1,1,SYSTEM_ERROR
2026-03-14T00:47:50+00:00,api/normal,2.71,0,1,none
2026-03-14T00:47:50+00:00,api/normal,2.66,0,1,none
2026-03-14T00:47:50+00:00,api/normal,1.79,0,1,none
2026-03-14T00:47:52+00:00,api/slow,1713.25,0,1,none
2026-03-14T00:47:57+00:00,api/slow,5002.98,0,1,TIMEOUT_ERROR
2026-03-14T00:47:57+00:00,api/normal,3.09,0,1,none
2026-03-14T00:47:57+00:00,api/normal,3.25,0,1,none
2026-03-14T00:47:57+00:00,api/normal,1.18,0,1,none
2026-03-14T00:47:57+00:00,api/normal,1.13,0,1,none
2026-03-14T00:47:57+00:00,api/normal,1,0,1,none
2026-03-14T00:47:59+00:00,api/slow,1238.88,0,1,none
2026-03-14T00:47:59+00:00,api/normal,1.01,0,1,none
2026-03-14T00:47:59+00:00,api/normal,1.02,0,1,none
2026-03-14T00:47:59+00:00,api/normal,1.11,0,1,none
2026-03-14T00:47:59+00:00,api/validate,3.33,1,1,UNKNOWN
2026-03-14T00:47:59+00:00,api/normal,1.13,0,1,none
2026-03-14T00:47:59+00:00,api/normal,1.16,0,1,none
2026-03-14T00:47:59+00:00,api/normal,1.11,0,1,none
2026-03-14T00:48:00+00:00,api/slow,1235.39,0,1,none
2026-03-14T00:48:00+00:00,api/normal,1.83,0,1,none
2026-03-14T00:48:00+00:00,api/normal,0.99,0,1,none
2026-03-14T00:48:00+00:00,api/normal,4.13,0,1,none
2026-03-14T00:48:00+00:00,api/normal,1.6,0,1,none
2026-03-14T00:48:00+00:00,api/normal,2.02,0,1,none
2026-03-14T00:48:00+00:00,api/normal,1.12,0,1,none
2026-03-14T00:48:01+00:00,api/normal,1.2,0,1,none
2026-03-14T00:48:01+00:00,api/normal,1.03,0,1,none
2026-03-14T00:48:01+00:00,api/db,4.53,0,1,none
2026-03-14T00:48:01+00:00,api/normal,1.13,0,1,none
2026-03-14T00:48:01+00:00,api/normal,1.12,0,1,none
2026-03-14T00:48:01+00:00,api/normal,1.25,0,1,none
2026-03-14T00:48:06+00:00,api/slow,5007.32,0,1,TIMEOUT_ERROR
2026-03-14T00:48:06+00:00,api/normal,1.67,0,1,none
2026-03-14T00:48:06+00:00,api/normal,1.03,0,1,none
2026-03-14T00:48:06+00:00,api/normal,1.45,0,1,none
2026-03-14T00:48:06+00:00,api/normal,1.29,0,1,none
2026-03-14T00:48:08+00:00,api/slow,1979.63,0,1,none
2026-03-14T00:48:08+00:00,api/normal,1.6,0,1,none
2026-03-14T00:48:08+00:00,api/normal,1.62,0,1,none
2026-03-14T00:48:08+00:00,api/normal,1.31,0,1,none
2026-03-14T00:48:08+00:00,api/normal,1.25,0,1,none
2026-03-14T00:48:08+00:00,api/normal,1.11,0,1,none
2026-03-14T00:48:08+00:00,api/normal,1.67,0,1,none
2026-03-14T00:48:08+00:00,api/error,2.75,1,1,SYSTEM_ERROR
2026-03-14T00:48:08+00:00,api/normal,2.3,0,1,none
2026-03-14T00:48:13+00:00,api/slow,5009.11,0,1,TIMEOUT_ERROR
2026-03-14T00:48:13+00:00,api/normal,2.55,0,1,none
2026-03-14T00:48:13+00:00,api/normal,1.29,0,1,none
2026-03-14T00:48:13+00:00,api/normal,1.05,0,1,none
2026-03-14T00:48:13+00:00,api/error,3.79,1,1,SYSTEM_ERROR
2026-03-14T00:48:18+00:00,api/slow,5012.68,0,1,TIMEOUT_ERROR
2026-03-14T00:48:18+00:00,api/normal,1.91,0,1,none
2026-03-14T00:48:19+00:00,api/normal,1.53,0,1,none
2026-03-14T00:48:19+00:00,api/normal,1.08,0,1,none
2026-03-14T00:48:19+00:00,api/normal,1.24,0,1,none
2026-03-14T00:48:19+00:00,api/normal,1.17,0,1,none
2026-03-14T00:48:19+00:00,api/normal,1.16,0,1,none
2026-03-14T00:48:24+00:00,api/slow,5007.92,0,1,TIMEOUT_ERROR
2026-03-14T00:48:24+00:00,api/normal,2.49,0,1,none
2026-03-14T00:48:24+00:00,api/normal,2.01,0,1,none
2026-03-14T00:48:24+00:00,api/normal,1.24,0,1,none
2026-03-14T00:48:25+00:00,api/slow,1433.97,0,1,none
2026-03-14T00:48:25+00:00,api/normal,1.17,0,1,none
2026-03-14T00:48:25+00:00,api/normal,1.49,0,1,none
2026-03-14T00:48:25+00:00,api/normal,1.06,0,1,none
2026-03-14T00:48:27+00:00,api/slow,1564.95,0,1,none
2026-03-14T00:48:27+00:00,api/normal,1.99,0,1,none
2026-03-14T00:48:29+00:00,api/slow,1600.82,0,1,none
2026-03-14T00:48:29+00:00,api/normal,0.97,0,1,none
2026-03-14T00:48:29+00:00,api/normal,2,0,1,none
2026-03-14T00:48:29+00:00,api/normal,1.17,0,1,none
2026-03-14T00:48:29+00:00,api/normal,1.15,0,1,none
2026-03-14T00:48:30+00:00,api/slow,1438.42,0,1,none
2026-03-14T00:48:30+00:00,api/normal,4.18,0,1,none
2026-03-14T00:48:31+00:00,api/normal,2.66,0,1,none
2026-03-14T00:48:37+00:00,api/slow,6008.2,0,1,TIMEOUT_ERROR
2026-03-14T00:48:37+00:00,api/normal,3.2,0,1,none
2026-03-14T00:48:37+00:00,api/normal,0.92,0,1,none
2026-03-14T00:48:44+00:00,api/slow,7011.61,0,1,TIMEOUT_ERROR
2026-03-14T00:48:45+00:00,api/slow,1102.57,0,1,none
2026-03-14T00:48:47+00:00,api/slow,1922.56,0,1,none
2026-03-14T00:48:47+00:00,api/normal,2.2,0,1,none
2026-03-14T00:48:47+00:00,api/normal,1.04,0,1,none
2026-03-14T00:48:47+00:00,api/normal,1.66,0,1,none
2026-03-14T00:48:47+00:00,api/normal,0.98,0,1,none
2026-03-14T00:48:47+00:00,api/validate,3,1,1,UNKNOWN
2026-03-14T00:48:47+00:00,api/normal,1.29,0,1,none
2026-03-14T00:48:47+00:00,api/normal,1.11,0,1,none
2026-03-14T00:48:47+00:00,api/normal,2.08,0,1,none
2026-03-14T00:48:47+00:00,api/normal,1.23,0,1,none
2026-03-14T00:48:47+00:00,api/error,3.32,1,1,SYSTEM_ERROR
2026-03-14T00:48:49+00:00,api/slow,1841.49,0,1,none
2026-03-14T00:48:49+00:00,api/normal,1.9,0,1,none
2026-03-14T00:48:56+00:00,api/slow,7005.26,0,1,TIMEOUT_ERROR
2026-03-14T00:48:56+00:00,api/normal,1.68,0,1,none
2026-03-14T00:48:58+00:00,api/slow,1766.94,0,1,none
2026-03-14T00:48:58+00:00,api/normal,1.62,0,1,none
2026-03-14T00:48:58+00:00,api/normal,2.8,0,1,none
2026-03-14T00:48:58+00:00,api/normal,1.08,0,1,none
2026-03-14T00:48:58+00:00,api/normal,4.81,0,1,none
2026-03-14T00:48:58+00:00,api/normal,4.45,0,1,none
2026-03-14T00:48:58+00:00,api/normal,1.38,0,1,none
2026-03-14T00:48:58+00:00,api/normal,1.8,0,1,none
2026-03-14T00:49:00+00:00,api/slow,1708.21,0,1,none
2026-03-14T00:49:00+00:00,api/normal,0.82,0,1,none
2026-03-14T00:49:00+00:00,api/normal,1.08,0,1,none
2026-03-14T00:49:02+00:00,api/slow,1890.09,0,1,none
2026-03-14T00:49:04+00:00,api/slow,1989.46,0,1,none
2026-03-14T00:49:04+00:00,api/normal,0.95,0,1,none
2026-03-14T00:49:04+00:00,api/normal,1.07,0,1,none
2026-03-14T00:49:04+00:00,api/normal,1.25,0,1,none
2026-03-14T00:49:04+00:00,api/normal,0.97,0,1,none
2026-03-14T00:49:04+00:00,api/normal,0.85,0,1,none
2026-03-14T00:49:04+00:00,api/normal,1.21,0,1,none
2026-03-14T00:49:10+00:00,api/slow,5004.02,0,1,TIMEOUT_ERROR
2026-03-14T00:49:10+00:00,api/normal,1.71,0,1,none
2026-03-14T00:49:10+00:00,api/normal,0.9,0,1,none
2026-03-14T00:49:11+00:00,api/slow,1315.79,0,1,none
2026-03-14T00:49:11+00:00,api/normal,0.94,0,1,none
2026-03-14T00:49:11+00:00,api/normal,0.93,0,1,none
2026-03-14T00:49:16+00:00,api/slow,5011.92,0,1,TIMEOUT_ERROR
2026-03-14T00:49:16+00:00,api/normal,2.11,0,1,none
2026-03-14T00:49:16+00:00,api/validate,4.52,1,1,UNKNOWN
2026-03-14T00:49:16+00:00,api/normal,0.88,0,1,none
2026-03-14T00:49:18+00:00,api/slow,1401.87,0,1,none
2026-03-14T00:49:18+00:00,api/normal,0.94,0,1,none
2026-03-14T00:49:24+00:00,api/slow,6013.64,0,1,TIMEOUT_ERROR
2026-03-14T00:49:25+00:00,api/slow,1132.4,0,1,none
2026-03-14T00:49:25+00:00,api/normal,0.97,0,1,none
2026-03-14T00:49:25+00:00,api/normal,0.98,0,1,none
2026-03-14T00:49:25+00:00,api/normal,1.49,0,1,none
2026-03-14T00:49:25+00:00,api/normal,1.59,0,1,none
2026-03-14T00:49:25+00:00,api/normal,0.93,0,1,none
2026-03-14T00:49:27+00:00,api/slow,1892,0,1,none
2026-03-14T00:49:27+00:00,api/normal,1.55,0,1,none
2026-03-14T00:49:27+00:00,api/validate,6.08,1,1,UNKNOWN
2026-03-14T00:49:29+00:00,api/slow,1486.59,0,1,none
2026-03-14T00:49:29+00:00,api/normal,0.96,0,1,none
2026-03-14T00:49:35+00:00,api/slow,6012.91,0,1,TIMEOUT_ERROR
2026-03-14T00:49:42+00:00,api/slow,7014.46,0,1,TIMEOUT_ERROR
2026-03-14T00:49:42+00:00,api/db,8.1,0,1,none
2026-03-14T00:49:42+00:00,api/normal,4.26,0,1,none
2026-03-14T00:49:42+00:00,api/normal,2.71,0,1,none
2026-03-14T00:49:42+00:00,api/normal,2.31,0,1,none
2026-03-14T00:49:42+00:00,api/normal,1.07,0,1,none
2026-03-14T00:49:42+00:00,api/normal,2.1,0,1,none
2026-03-14T00:49:42+00:00,api/normal,1.54,0,1,none
2026-03-14T00:49:42+00:00,api/normal,2.11,0,1,none
2026-03-14T00:49:42+00:00,api/normal,2.89,0,1,none
2026-03-14T00:49:42+00:00,api/normal,3.39,0,1,none
2026-03-14T00:49:49+00:00,api/slow,7002.55,0,1,TIMEOUT_ERROR
2026-03-14T00:49:49+00:00,api/normal,14.52,0,1,none
2026-03-14T00:49:50+00:00,api/validate,7.28,1,1,UNKNOWN
2026-03-14T00:49:56+00:00,api/slow,6009.43,0,1,TIMEOUT_ERROR
2026-03-14T00:49:57+00:00,api/slow,1242.39,0,1,none
2026-03-14T00:49:59+00:00,api/slow,1930.67,0,1,none
2026-03-14T00:50:06+00:00,api/slow,7017.31,0,1,TIMEOUT_ERROR
2026-03-14T00:50:06+00:00,api/normal,2.24,0,1,none
2026-03-14T00:50:06+00:00,api/normal,0.87,0,1,none
2026-03-14T00:50:08+00:00,api/slow,1983.27,0,1,none
2026-03-14T00:50:08+00:00,api/normal,1.16,0,1,none
2026-03-14T00:50:08+00:00,api/normal,2,0,1,none
2026-03-14T00:50:08+00:00,api/normal,0.91,0,1,none
2026-03-14T00:50:08+00:00,api/validate,3.39,1,1,UNKNOWN
2026-03-14T00:50:14+00:00,api/slow,6010.14,0,1,TIMEOUT_ERROR
2026-03-14T00:50:14+00:00,api/normal,2.04,0,1,none
2026-03-14T00:50:14+00:00,api/normal,1.41,0,1,none
2026-03-14T00:50:14+00:00,api/normal,1.91,0,1,none
2026-03-14T00:50:14+00:00,api/error,4.14,1,1,SYSTEM_ERROR
2026-03-14T00:50:14+00:00,api/normal,0.99,0,1,none
2026-03-14T00:50:15+00:00,api/normal,1.63,0,1,none
2026-03-14T00:50:15+00:00,api/normal,1.14,0,1,none
2026-03-14T00:50:15+00:00,api/validate,2.81,1,1,UNKNOWN
2026-03-14T00:50:15+00:00,api/error,3.63,1,1,SYSTEM_ERROR
2026-03-14T00:50:15+00:00,api/normal,2.91,0,1,none
2026-03-14T00:50:15+00:00,api/normal,6.19,0,1,none
2026-03-14T00:50:15+00:00,api/normal,1.04,0,1,none
2026-03-14T00:50:15+00:00,api/normal,1.03,0,1,none
2026-03-14T00:50:15+00:00,api/normal,0.95,0,1,none
2026-03-14T00:50:15+00:00,api/error,3.62,1,1,SYSTEM_ERROR
2026-03-14T00:50:15+00:00,api/normal,0.96,0,1,none
2026-03-14T00:50:15+00:00,api/normal,1.45,0,1,none
2026-03-14T00:50:21+00:00,api/slow,6022.85,0,1,TIMEOUT_ERROR
2026-03-14T00:50:21+00:00,api/normal,3.13,0,1,none
2026-03-14T00:50:21+00:00,api/normal,1.69,0,1,none
2026-03-14T00:50:21+00:00,api/validate,4.11,1,1,UNKNOWN
2026-03-14T00:50:28+00:00,api/slow,7006.39,0,1,TIMEOUT_ERROR
2026-03-14T00:50:29+00:00,api/normal,4.89,0,1,none
2026-03-14T00:50:29+00:00,api/normal,2.04,0,1,none
2026-03-14T00:50:29+00:00,api/normal,4.57,0,1,none
2026-03-14T00:50:31+00:00,api/slow,1942.57,0,1,none
2026-03-14T00:50:31+00:00,api/error,7.99,1,1,SYSTEM_ERROR
2026-03-14T00:50:31+00:00,api/normal,1.29,0,1,none
2026-03-14T00:50:31+00:00,api/normal,1.2,0,1,none
2026-03-14T00:50:32+00:00,api/slow,1515.04,0,1,none
2026-03-14T00:50:32+00:00,api/normal,1.67,0,1,none
2026-03-14T00:50:32+00:00,api/normal,1.31,0,1,none
2026-03-14T00:50:32+00:00,api/normal,1.89,0,1,none
2026-03-14T00:50:33+00:00,api/normal,4.16,0,1,none
2026-03-14T00:50:39+00:00,api/slow,6006.7,0,1,TIMEOUT_ERROR
2026-03-14T00:50:39+00:00,api/normal,6.82,0,1,none
2026-03-14T00:50:39+00:00,api/normal,1.49,0,1,none
2026-03-14T00:50:41+00:00,api/slow,2003.37,0,1,none
2026-03-14T00:50:41+00:00,api/db,6.94,0,1,none
2026-03-14T00:50:41+00:00,api/normal,1.69,0,1,none
2026-03-14T00:50:43+00:00,api/slow,1719.74,0,1,none
2026-03-14T00:50:45+00:00,api/slow,1756.1,0,1,none
2026-03-14T00:50:45+00:00,api/normal,1.54,0,1,none
2026-03-14T00:50:47+00:00,api/slow,1916.91,0,1,none
2026-03-14T00:50:47+00:00,api/normal,2.72,0,1,none
2026-03-14T00:50:47+00:00,api/normal,0.94,0,1,none
2026-03-14T00:50:47+00:00,api/normal,1.21,0,1,none
2026-03-14T00:50:47+00:00,api/normal,0.9,0,1,none
2026-03-14T00:50:47+00:00,api/normal,1.27,0,1,none
2026-03-14T00:50:47+00:00,api/normal,0.94,0,1,none
2026-03-14T00:50:47+00:00,api/db,29.02,0,1,none
2026-03-14T00:50:47+00:00,api/normal,1.46,0,1,none
2026-03-14T00:50:47+00:00,api/normal,0.89,0,1,none
2026-03-14T00:50:52+00:00,api/slow,5016.22,0,1,TIMEOUT_ERROR
2026-03-14T00:50:52+00:00,api/normal,1.66,0,1,none
2026-03-14T00:50:52+00:00,api/normal,1,0,1,none
2026-03-14T00:50:59+00:00,api/slow,7004.5,0,1,TIMEOUT_ERROR
2026-03-14T00:50:59+00:00,api/normal,1.93,0,1,none
2026-03-14T00:50:59+00:00,api/normal,1.62,0,1,none
2026-03-14T00:50:59+00:00,api/normal,0.89,0,1,none
2026-03-14T00:51:00+00:00,api/slow,1043.9,0,1,none
2026-03-14T00:51:00+00:00,api/error,3.99,1,1,SYSTEM_ERROR
2026-03-14T00:51:00+00:00,api/normal,1.37,0,1,none
2026-03-14T00:51:00+00:00,api/normal,1,0,1,none
2026-03-14T00:51:00+00:00,api/normal,1.04,0,1,none
2026-03-14T00:51:00+00:00,api/normal,0.97,0,1,none
2026-03-14T00:51:01+00:00,api/error,7.47,1,1,SYSTEM_ERROR
2026-03-14T00:51:02+00:00,api/slow,1764.07,0,1,none
2026-03-14T00:51:07+00:00,api/slow,5020.39,0,1,TIMEOUT_ERROR
2026-03-14T00:51:07+00:00,api/normal,3.4,0,1,none
2026-03-14T00:51:07+00:00,api/normal,1.3,0,1,none
2026-03-14T00:51:08+00:00,api/normal,1.54,0,1,none
2026-03-14T00:51:08+00:00,api/normal,1,0,1,none
2026-03-14T00:51:09+00:00,api/slow,1498.95,0,1,none
2026-03-14T00:51:09+00:00,api/db,4.12,0,1,none
2026-03-14T00:51:09+00:00,api/normal,0.83,0,1,none
2026-03-14T00:51:09+00:00,api/normal,0.88,0,1,none
2026-03-14T00:51:09+00:00,api/error,3.34,1,1,SYSTEM_ERROR
2026-03-14T00:51:09+00:00,api/normal,0.89,0,1,none
2026-03-14T00:51:09+00:00,api/normal,1.29,0,1,none
2026-03-14T00:51:09+00:00,api/normal,0.84,0,1,none
2026-03-14T00:51:16+00:00,api/slow,7016.29,0,1,TIMEOUT_ERROR
2026-03-14T00:51:16+00:00,api/normal,4.85,0,1,none
2026-03-14T00:51:18+00:00,api/slow,1973.39,0,1,none
2026-03-14T00:51:19+00:00,api/normal,2.11,0,1,none
2026-03-14T00:51:19+00:00,api/normal,2.18,0,1,none
2026-03-14T00:51:19+00:00,api/normal,2.49,0,1,none
2026-03-14T00:51:19+00:00,api/normal,2.39,0,1,none
2026-03-14T00:51:19+00:00,api/normal,1,0,1,none
2026-03-14T00:51:19+00:00,api/normal,0.9,0,1,none
2026-03-14T00:51:19+00:00,api/normal,1.03,0,1,none
2026-03-14T00:51:19+00:00,api/normal,2.06,0,1,none
2026-03-14T00:51:19+00:00,api/normal,1.14,0,1,none
2026-03-14T00:51:20+00:00,api/slow,1570.27,0,1,none
2026-03-14T00:51:21+00:00,api/normal,2.26,0,1,none
2026-03-14T00:51:21+00:00,api/normal,0.98,0,1,none
2026-03-14T00:51:21+00:00,api/normal,1.03,0,1,none
2026-03-14T00:51:21+00:00,api/normal,1.03,0,1,none
2026-03-14T00:51:21+00:00,api/validate,3.54,1,1,UNKNOWN
2026-03-14T00:51:21+00:00,api/normal,3.83,0,1,none
2026-03-14T00:51:21+00:00,api/normal,0.93,0,1,none
2026-03-14T00:51:21+00:00,api/error,3.14,1,1,SYSTEM_ERROR
2026-03-14T00:51:21+00:00,api/normal,4.73,0,1,none
2026-03-14T00:51:21+00:00,api/normal,0.87,0,1,none
2026-03-14T00:51:21+00:00,api/normal,1.19,0,1,none
2026-03-14T00:51:26+00:00,api/slow,5001.71,0,1,TIMEOUT_ERROR
2026-03-14T00:51:26+00:00,api/normal,1.38,0,1,none
2026-03-14T00:51:26+00:00,api/normal,0.97,0,1,none
2026-03-14T00:51:32+00:00,api/slow,6003.14,0,1,TIMEOUT_ERROR
2026-03-14T00:51:34+00:00,api/slow,1654.96,0,1,none
2026-03-14T00:51:34+00:00,api/normal,1.2,0,1,none
2026-03-14T00:51:34+00:00,api/error,5.88,1,1,SYSTEM_ERROR
2026-03-14T00:51:34+00:00,api/validate,2,1,1,UNKNOWN
2026-03-14T00:51:39+00:00,api/slow,5016.89,0,1,TIMEOUT_ERROR
2026-03-14T00:51:39+00:00,api/normal,1.77,0,1,none
2026-03-14T00:51:39+00:00,api/normal,1.02,0,1,none
2026-03-14T00:51:39+00:00,api/normal,1.05,0,1,none
2026-03-14T00:51:39+00:00,api/normal,1.05,0,1,none
2026-03-14T00:51:41+00:00,api/slow,1490.01,0,1,none
2026-03-14T00:51:41+00:00,api/error,2.95,1,1,SYSTEM_ERROR
2026-03-14T00:51:42+00:00,api/slow,1306.78,0,1,none
2026-03-14T00:51:44+00:00,api/slow,1851.84,0,1,none
2026-03-14T00:51:44+00:00,api/normal,1.43,0,1,none
2026-03-14T00:51:45+00:00,api/slow,1285.71,0,1,none
2026-03-14T00:51:45+00:00,api/validate,6.84,1,1,UNKNOWN
2026-03-14T00:51:47+00:00,api/slow,1585.94,0,1,none
2026-03-14T00:51:49+00:00,api/slow,1643.76,0,1,none
2026-03-14T00:51:49+00:00,api/normal,3.82,0,1,none
2026-03-14T00:51:50+00:00,api/slow,1418.28,0,1,none
2026-03-14T00:51:50+00:00,api/normal,1.19,0,1,none
2026-03-14T00:51:50+00:00,api/normal,1.04,0,1,none
2026-03-14T00:51:50+00:00,api/normal,1.01,0,1,none
2026-03-14T00:51:52+00:00,api/slow,1341.38,0,1,none
2026-03-14T00:51:52+00:00,api/normal,7.61,0,1,none
2026-03-14T00:51:52+00:00,api/normal,0.85,0,1,none
2026-03-14T00:51:52+00:00,api/normal,0.91,0,1,none
2026-03-14T00:51:52+00:00,api/normal,1.14,0,1,none
2026-03-14T00:51:53+00:00,api/slow,1553.05,0,1,none
2026-03-14T00:51:53+00:00,api/normal,3.08,0,1,none
2026-03-14T00:51:54+00:00,api/normal,0.94,0,1,none
2026-03-14T00:51:54+00:00,api/normal,1.02,0,1,none
2026-03-14T00:51:54+00:00,api/normal,1.06,0,1,none
2026-03-14T00:51:54+00:00,api/normal,1.25,0,1,none
2026-03-14T00:51:54+00:00,api/normal,0.87,0,1,none
2026-03-14T00:51:56+00:00,api/slow,1920.58,0,1,none
2026-03-14T00:51:56+00:00,api/normal,1.73,0,1,none
2026-03-14T00:51:56+00:00,api/normal,0.84,0,1,none
2026-03-14T00:51:56+00:00,api/normal,0.81,0,1,none
2026-03-14T00:51:56+00:00,api/normal,0.93,0,1,none
2026-03-14T00:51:56+00:00,api/normal,1.1,0,1,none
2026-03-14T00:51:56+00:00,api/normal,0.99,0,1,none
2026-03-14T00:51:57+00:00,api/slow,1137.16,0,1,none
2026-03-14T00:51:59+00:00,api/slow,1475.92,0,1,none
2026-03-14T00:51:59+00:00,api/normal,2.67,0,1,none
2026-03-14T00:51:59+00:00,api/normal,1.87,0,1,none
2026-03-14T00:51:59+00:00,api/normal,0.98,0,1,none
2026-03-14T00:52:06+00:00,api/slow,7005.91,0,1,TIMEOUT_ERROR
2026-03-14T00:52:06+00:00,api/normal,1.52,0,1,none
2026-03-14T00:52:06+00:00,api/normal,0.96,0,1,none
2026-03-14T00:52:06+00:00,api/normal,0.91,0,1,none
2026-03-14T00:52:06+00:00,api/normal,1.06,0,1,none
2026-03-14T00:52:06+00:00,api/normal,0.91,0,1,none
2026-03-14T00:52:06+00:00,api/normal,0.82,0,1,none
2026-03-14T00:52:06+00:00,api/normal,1.15,0,1,none
2026-03-14T00:52:06+00:00,api/normal,0.98,0,1,none
2026-03-14T00:52:06+00:00,api/normal,1.03,0,1,none
2026-03-14T00:52:08+00:00,api/slow,1601.32,0,1,none
2026-03-14T00:52:08+00:00,api/normal,0.97,0,1,none
2026-03-14T00:52:08+00:00,api/normal,1.08,0,1,none
2026-03-14T00:52:08+00:00,api/normal,0.99,0,1,none
2026-03-14T00:52:08+00:00,api/normal,1.05,0,1,none
2026-03-14T00:52:08+00:00,api/db,6.3,0,1,none
2026-03-14T00:52:08+00:00,api/normal,0.89,0,1,none
2026-03-14T00:52:09+00:00,api/slow,1159.09,0,1,none
2026-03-14T00:52:09+00:00,api/normal,1.54,0,1,none
2026-03-14T00:52:10+00:00,api/slow,1293.64,0,1,none
2026-03-14T00:52:10+00:00,api/normal,0.79,0,1,none
2026-03-14T00:52:10+00:00,api/normal,0.86,0,1,none
2026-03-14T00:52:10+00:00,api/normal,1.42,0,1,none
2026-03-14T00:52:11+00:00,api/normal,0.86,0,1,none
2026-03-14T00:52:12+00:00,api/slow,1590.76,0,1,none
2026-03-14T00:52:12+00:00,api/normal,2.24,0,1,none
2026-03-14T00:52:18+00:00,api/slow,6006.13,0,1,TIMEOUT_ERROR
2026-03-14T00:52:19+00:00,api/slow,1035.96,0,1,none
2026-03-14T00:52:19+00:00,api/error,3.22,1,1,SYSTEM_ERROR
2026-03-14T00:52:19+00:00,api/normal,1.99,0,1,none
2026-03-14T00:52:19+00:00,api/normal,1.29,0,1,none
2026-03-14T00:52:19+00:00,api/normal,1.09,0,1,none
2026-03-14T00:52:19+00:00,api/normal,1.17,0,1,none
2026-03-14T00:52:20+00:00,api/normal,1.13,0,1,none
2026-03-14T00:52:20+00:00,api/normal,0.93,0,1,none
2026-03-14T00:52:20+00:00,api/normal,1.16,0,1,none
2026-03-14T00:52:20+00:00,api/normal,1.05,0,1,none
2026-03-14T00:52:20+00:00,api/normal,0.93,0,1,none
2026-03-14T00:52:20+00:00,api/normal,1.04,0,1,none
2026-03-14T00:52:20+00:00,api/normal,0.88,0,1,none
2026-03-14T00:52:20+00:00,api/normal,0.99,0,1,none
2026-03-14T00:52:20+00:00,api/normal,0.91,0,1,none
2026-03-14T00:52:20+00:00,api/validate,3.14,1,1,UNKNOWN
2026-03-14T00:52:20+00:00,api/normal,0.95,0,1,none
2026-03-14T00:52:21+00:00,api/slow,1184.31,0,1,none
2026-03-14T00:52:21+00:00,api/normal,1.85,0,1,none
2026-03-14T00:52:23+00:00,api/slow,1625.67,0,1,none
2026-03-14T00:52:23+00:00,api/normal,0.99,0,1,none
2026-03-14T00:52:25+00:00,api/slow,1821.32,0,1,none
2026-03-14T00:52:25+00:00,api/normal,1.9,0,1,none
2026-03-14T00:52:26+00:00,api/slow,1157.84,0,1,none
2026-03-14T00:52:26+00:00,api/normal,0.81,0,1,none
2026-03-14T00:52:26+00:00,api/normal,0.9,0,1,none
2026-03-14T00:52:26+00:00,api/normal,1.05,0,1,none
2026-03-14T00:52:27+00:00,api/slow,1344.98,0,1,none
2026-03-14T00:52:27+00:00,api/normal,1.79,0,1,none
2026-03-14T00:52:27+00:00,api/normal,1.04,0,1,none
2026-03-14T00:52:28+00:00,api/normal,0.97,0,1,none
2026-03-14T00:52:28+00:00,api/normal,1.82,0,1,none
2026-03-14T00:52:29+00:00,api/slow,1514.94,0,1,none
2026-03-14T00:52:29+00:00,api/normal,1.51,0,1,none
2026-03-14T00:52:29+00:00,api/normal,0.92,0,1,none
2026-03-14T00:52:29+00:00,api/normal,0.99,0,1,none
2026-03-14T00:52:29+00:00,api/normal,1.05,0,1,none
2026-03-14T00:52:31+00:00,api/slow,1617.45,0,1,none
2026-03-14T00:52:31+00:00,api/normal,1.62,0,1,none
2026-03-14T00:52:31+00:00,api/normal,1.15,0,1,none
2026-03-14T00:52:38+00:00,api/slow,7015.74,0,1,TIMEOUT_ERROR
2026-03-14T00:52:38+00:00,api/normal,2.15,0,1,none
2026-03-14T00:52:38+00:00,api/normal,1,0,1,none
2026-03-14T00:52:38+00:00,api/normal,1.5,0,1,none
2026-03-14T00:52:38+00:00,api/normal,1.27,0,1,none
2026-03-14T00:52:38+00:00,api/normal,1.07,0,1,none
2026-03-14T00:52:38+00:00,api/normal,1,0,1,none
2026-03-14T00:52:38+00:00,api/normal,1.22,0,1,none
2026-03-14T00:52:40+00:00,api/slow,1986.07,0,1,none
2026-03-14T00:52:42+00:00,api/slow,1484.91,0,1,none
2026-03-14T00:52:42+00:00,api/normal,1.06,0,1,none
2026-03-14T00:52:42+00:00,api/normal,1.09,0,1,none
2026-03-14T00:52:48+00:00,api/slow,6012.38,0,1,TIMEOUT_ERROR
2026-03-14T00:52:48+00:00,api/normal,2.48,0,1,none
2026-03-14T00:52:48+00:00,api/normal,1.36,0,1,none
2026-03-14T00:52:48+00:00,api/normal,1.63,0,1,none
2026-03-14T00:52:48+00:00,api/normal,1.47,0,1,none
2026-03-14T00:52:48+00:00,api/normal,1.02,0,1,none
2026-03-14T00:52:48+00:00,api/normal,1.4,0,1,none
2026-03-14T00:52:48+00:00,api/normal,1.06,0,1,none
2026-03-14T00:52:48+00:00,api/normal,1.18,0,1,none
2026-03-14T00:52:48+00:00,api/normal,1.28,0,1,none
2026-03-14T00:52:53+00:00,api/slow,5014.7,0,1,TIMEOUT_ERROR
2026-03-14T00:52:53+00:00,api/normal,2.13,0,1,none
2026-03-14T00:52:55+00:00,api/slow,2013.84,0,1,none
2026-03-14T00:52:55+00:00,api/normal,1.03,0,1,none
2026-03-14T00:52:55+00:00,api/normal,1.11,0,1,none
2026-03-14T00:52:56+00:00,api/normal,0.93,0,1,none
2026-03-14T00:53:01+00:00,api/slow,5015.63,0,1,TIMEOUT_ERROR
2026-03-14T00:53:01+00:00,api/normal,2.59,0,1,none
2026-03-14T00:53:01+00:00,api/normal,1.66,0,1,none
2026-03-14T00:53:01+00:00,api/normal,3.09,0,1,none
2026-03-14T00:53:01+00:00,api/normal,0.97,0,1,none
2026-03-14T00:53:02+00:00,api/slow,1107.55,0,1,none
2026-03-14T00:53:03+00:00,api/slow,1411.79,0,1,none
2026-03-14T00:53:05+00:00,api/slow,1523.01,0,1,none
2026-03-14T00:53:05+00:00,api/normal,1.88,0,1,none
2026-03-14T00:53:05+00:00,api/normal,1.1,0,1,none
2026-03-14T00:53:06+00:00,api/slow,1239.77,0,1,none
2026-03-14T00:53:06+00:00,api/normal,0.88,0,1,none
2026-03-14T00:53:06+00:00,api/validate,3.7,1,1,UNKNOWN
2026-03-14T00:53:11+00:00,api/slow,5015.24,0,1,TIMEOUT_ERROR
2026-03-14T00:53:11+00:00,api/db,21.23,0,1,none
2026-03-14T00:53:12+00:00,api/normal,1.01,0,1,none
2026-03-14T00:53:12+00:00,api/normal,1.64,0,1,none
2026-03-14T00:53:12+00:00,api/normal,1.12,0,1,none
2026-03-14T00:53:12+00:00,api/normal,1.19,0,1,none
2026-03-14T00:53:12+00:00,api/normal,2.26,0,1,none
2026-03-14T00:53:12+00:00,api/normal,1.5,0,1,none
2026-03-14T00:53:13+00:00,api/slow,1159.03,0,1,none
2026-03-14T00:53:13+00:00,api/normal,1.3,0,1,none
2026-03-14T00:53:13+00:00,api/normal,1.18,0,1,none
2026-03-14T00:53:13+00:00,api/normal,1,0,1,none
2026-03-14T00:53:15+00:00,api/slow,1911.33,0,1,none
2026-03-14T00:53:15+00:00,api/normal,2.08,0,1,none
2026-03-14T00:53:15+00:00,api/normal,0.91,0,1,none
2026-03-14T00:53:15+00:00,api/normal,1.28,0,1,none
2026-03-14T00:53:16+00:00,api/slow,1051.79,0,1,none
2026-03-14T00:53:16+00:00,api/normal,0.85,0,1,none
2026-03-14T00:53:16+00:00,api/normal,1.21,0,1,none
2026-03-14T00:53:16+00:00,api/normal,1.14,0,1,none
2026-03-14T00:53:23+00:00,api/slow,7005.35,0,1,TIMEOUT_ERROR
2026-03-14T00:53:23+00:00,api/normal,2.62,0,1,none
2026-03-14T00:53:23+00:00,api/normal,1.12,0,1,none
2026-03-14T00:53:23+00:00,api/normal,1.45,0,1,none
2026-03-14T00:53:28+00:00,api/slow,5005.65,0,1,TIMEOUT_ERROR
2026-03-14T00:53:29+00:00,api/normal,3.54,0,1,none
2026-03-14T00:53:36+00:00,api/slow,7007.43,0,1,TIMEOUT_ERROR
2026-03-14T00:53:36+00:00,api/normal,1.96,0,1,none
2026-03-14T00:53:36+00:00,api/normal,1.93,0,1,none
2026-03-14T00:53:36+00:00,api/normal,1.41,0,1,none
2026-03-14T00:53:36+00:00,api/normal,1.37,0,1,none
2026-03-14T00:53:36+00:00,api/normal,1.42,0,1,none
2026-03-14T00:53:36+00:00,api/normal,1.1,0,1,none
2026-03-14T00:53:37+00:00,api/slow,1335.33,0,1,none
2026-03-14T00:53:37+00:00,api/normal,6.37,0,1,none
2026-03-14T00:53:37+00:00,api/normal,1.03,0,1,none
2026-03-14T00:53:37+00:00,api/normal,1.04,0,1,none
2026-03-14T00:53:37+00:00,api/normal,0.97,0,1,none
2026-03-14T00:53:39+00:00,api/slow,1901.96,0,1,none
2026-03-14T00:53:41+00:00,api/slow,1922.01,0,1,none
2026-03-14T00:53:41+00:00,api/normal,1.24,0,1,none
2026-03-14T00:53:41+00:00,api/normal,1.32,0,1,none
2026-03-14T00:53:41+00:00,api/normal,0.82,0,1,none
2026-03-14T00:53:41+00:00,api/normal,1.38,0,1,none
2026-03-14T00:53:41+00:00,api/normal,0.81,0,1,none
2026-03-14T00:53:41+00:00,api/normal,0.68,0,1,none
2026-03-14T00:53:41+00:00,api/normal,0.71,0,1,none
2026-03-14T00:53:41+00:00,api/normal,0.84,0,1,none
2026-03-14T00:53:41+00:00,api/validate,6.9,1,1,UNKNOWN
2026-03-14T00:53:41+00:00,api/normal,1.02,0,1,none
2026-03-14T00:53:41+00:00,api/db,3.66,0,1,none
2026-03-14T00:53:41+00:00,api/normal,0.66,0,1,none
2026-03-14T00:53:41+00:00,api/normal,0.99,0,1,none
2026-03-14T00:53:42+00:00,api/normal,1.66,0,1,none
2026-03-14T00:53:42+00:00,api/normal,1.81,0,1,none
2026-03-14T00:53:42+00:00,api/normal,1.38,0,1,none
2026-03-14T00:53:42+00:00,api/error,2.82,1,1,SYSTEM_ERROR
2026-03-14T00:53:44+00:00,api/slow,2006.74,0,1,none
2026-03-14T00:53:44+00:00,api/normal,0.68,0,1,none
2026-03-14T00:53:44+00:00,api/normal,1.01,0,1,none
2026-03-14T00:53:44+00:00,api/normal,0.86,0,1,none
2026-03-14T00:53:44+00:00,api/normal,1.07,0,1,none
2026-03-14T00:53:44+00:00,api/error,4.91,1,1,SYSTEM_ERROR
2026-03-14T00:53:44+00:00,api/normal,1.31,0,1,none
2026-03-14T00:53:44+00:00,api/normal,1.61,0,1,none
2026-03-14T00:53:44+00:00,api/normal,0.65,0,1,none
2026-03-14T00:53:44+00:00,api/normal,0.9,0,1,none
2026-03-14T00:53:44+00:00,api/normal,0.93,0,1,none
2026-03-14T00:53:46+00:00,api/slow,1622.81,0,1,none
2026-03-14T00:53:46+00:00,api/normal,2.8,0,1,none
2026-03-14T00:53:47+00:00,api/slow,1841.01,0,1,none
2026-03-14T00:53:47+00:00,api/normal,0.91,0,1,none
2026-03-14T00:53:48+00:00,api/normal,1.18,0,1,none
2026-03-14T00:53:49+00:00,api/slow,1515.66,0,1,none
2026-03-14T00:53:49+00:00,api/normal,1.96,0,1,none
2026-03-14T00:53:49+00:00,api/normal,0.96,0,1,none
2026-03-14T00:53:49+00:00,api/normal,1.05,0,1,none
2026-03-14T00:53:49+00:00,api/normal,1.01,0,1,none
2026-03-14T00:53:49+00:00,api/normal,0.79,0,1,none
2026-03-14T00:53:49+00:00,api/error,1.69,1,1,SYSTEM_ERROR
2026-03-14T00:53:51+00:00,api/slow,1664.46,0,1,none
2026-03-14T00:53:51+00:00,api/normal,1.15,0,1,none
2026-03-14T00:53:51+00:00,api/normal,0.85,0,1,none
2026-03-14T00:53:51+00:00,api/error,3.98,1,1,SYSTEM_ERROR
2026-03-14T00:53:51+00:00,api/normal,0.97,0,1,none
2026-03-14T00:53:56+00:00,api/slow,5006.1,0,1,TIMEOUT_ERROR
2026-03-14T00:53:56+00:00,api/normal,7.23,0,1,none
2026-03-14T00:53:56+00:00,api/normal,2.04,0,1,none
2026-03-14T00:53:56+00:00,api/normal,1.83,0,1,none
2026-03-14T00:53:58+00:00,api/slow,1663.91,0,1,none
2026-03-14T00:53:59+00:00,api/slow,1467.34,0,1,none
2026-03-14T00:54:01+00:00,api/slow,1945.39,0,1,none
2026-03-14T00:54:01+00:00,api/normal,1.14,0,1,none
2026-03-14T00:54:01+00:00,api/normal,0.57,0,1,none
2026-03-14T00:54:01+00:00,api/normal,1.01,0,1,none
2026-03-14T00:54:01+00:00,api/normal,1.66,0,1,none
2026-03-14T00:54:02+00:00,api/normal,1.74,0,1,none
2026-03-14T00:54:02+00:00,api/db,5.97,0,1,none
2026-03-14T00:54:02+00:00,api/normal,2.36,0,1,none
2026-03-14T00:54:03+00:00,api/slow,1401.96,0,1,none
2026-03-14T00:54:03+00:00,api/normal,0.83,0,1,none
2026-03-14T00:54:05+00:00,api/slow,1667.68,0,1,none
2026-03-14T00:54:05+00:00,api/normal,1.31,0,1,none
2026-03-14T00:54:05+00:00,api/normal,0.88,0,1,none
2026-03-14T00:54:05+00:00,api/error,3.05,1,1,SYSTEM_ERROR
2026-03-14T00:54:05+00:00,api/db,4.43,0,1,none
2026-03-14T00:54:05+00:00,api/normal,1.08,0,1,none
2026-03-14T00:54:05+00:00,api/normal,1.49,0,1,none
2026-03-14T00:54:06+00:00,api/slow,1233.93,0,1,none
2026-03-14T00:54:06+00:00,api/normal,1.12,0,1,none
2026-03-14T00:54:06+00:00,api/normal,1.33,0,1,none
2026-03-14T00:54:06+00:00,api/normal,1.85,0,1,none
2026-03-14T00:54:06+00:00,api/normal,0.74,0,1,none
2026-03-14T00:54:06+00:00,api/normal,1.12,0,1,none
2026-03-14T00:54:07+00:00,api/slow,1160.31,0,1,none
2026-03-14T00:54:07+00:00,api/normal,0.63,0,1,none
2026-03-14T00:54:08+00:00,api/normal,0.94,0,1,none
2026-03-14T00:54:08+00:00,api/normal,1.63,0,1,none
2026-03-14T00:54:08+00:00,api/normal,1.06,0,1,none
2026-03-14T00:54:08+00:00,api/normal,0.98,0,1,none
2026-03-14T00:54:08+00:00,api/normal,1.04,0,1,none
2026-03-14T00:54:08+00:00,api/normal,1.38,0,1,none
2026-03-14T00:54:08+00:00,api/normal,1.41,0,1,none
2026-03-14T00:54:08+00:00,api/normal,0.99,0,1,none
2026-03-14T00:54:09+00:00,api/slow,1311.88,0,1,none
2026-03-14T00:54:09+00:00,api/normal,1.18,0,1,none
2026-03-14T00:54:09+00:00,api/error,4.84,1,1,SYSTEM_ERROR
2026-03-14T00:54:09+00:00,api/normal,0.63,0,1,none
2026-03-14T00:54:09+00:00,api/normal,1.29,0,1,none
2026-03-14T00:54:09+00:00,api/normal,0.82,0,1,none
2026-03-14T00:54:09+00:00,api/normal,0.9,0,1,none
2026-03-14T00:54:09+00:00,api/normal,1.29,0,1,none
2026-03-14T00:54:09+00:00,api/normal,0.86,0,1,none
2026-03-14T00:54:09+00:00,api/normal,0.9,0,1,none
2026-03-14T00:54:09+00:00,api/normal,0.84,0,1,none
2026-03-14T00:54:14+00:00,api/slow,5014.73,0,1,TIMEOUT_ERROR
2026-03-14T00:54:19+00:00,api/slow,5004.53,0,1,TIMEOUT_ERROR
2026-03-14T00:54:20+00:00,api/normal,6.13,0,1,none
2026-03-14T00:54:20+00:00,api/normal,1.25,0,1,none
2026-03-14T00:54:20+00:00,api/normal,1.97,0,1,none
2026-03-14T00:54:20+00:00,api/normal,3.53,0,1,none
2026-03-14T00:54:27+00:00,api/slow,7005.34,0,1,TIMEOUT_ERROR
2026-03-14T00:54:27+00:00,api/normal,1.8,0,1,none
2026-03-14T00:54:27+00:00,api/normal,0.97,0,1,none
2026-03-14T00:54:27+00:00,api/normal,0.96,0,1,none
2026-03-14T00:54:27+00:00,api/db,5.44,0,1,none
2026-03-14T00:54:27+00:00,api/normal,1.98,0,1,none
2026-03-14T00:54:27+00:00,api/normal,1.26,0,1,none
2026-03-14T00:54:28+00:00,api/slow,1229,0,1,none
2026-03-14T00:54:28+00:00,api/normal,1.29,0,1,none
2026-03-14T00:54:34+00:00,api/slow,6001.94,0,1,TIMEOUT_ERROR
2026-03-14T00:54:36+00:00,api/slow,1661.25,0,1,none
2026-03-14T00:54:43+00:00,api/slow,7010.61,0,1,TIMEOUT_ERROR
2026-03-14T00:54:45+00:00,api/slow,1979.31,0,1,none
2026-03-14T00:54:45+00:00,api/normal,1.27,0,1,none
2026-03-14T00:54:45+00:00,api/normal,2.02,0,1,none
2026-03-14T00:54:45+00:00,api/normal,1.77,0,1,none
2026-03-14T00:54:45+00:00,api/normal,0.96,0,1,none
2026-03-14T00:54:45+00:00,api/normal,1.14,0,1,none
2026-03-14T00:54:45+00:00,api/normal,1.71,0,1,none
2026-03-14T00:54:45+00:00,api/normal,0.6,0,1,none
2026-03-14T00:54:45+00:00,api/normal,1.19,0,1,none
2026-03-14T00:54:45+00:00,api/normal,1.01,0,1,none
2026-03-14T00:54:45+00:00,api/normal,1.91,0,1,none
2026-03-14T00:54:45+00:00,api/normal,1.57,0,1,none
2026-03-14T00:54:45+00:00,api/normal,1.25,0,1,none
2026-03-14T00:54:45+00:00,api/normal,0.69,0,1,none
2026-03-14T00:54:45+00:00,api/error,3.88,1,1,SYSTEM_ERROR
2026-03-14T00:54:45+00:00,api/normal,1,0,1,none
2026-03-14T00:54:45+00:00,api/normal,1.23,0,1,none
2026-03-14T00:54:47+00:00,api/slow,1489.79,0,1,none
2026-03-14T00:54:47+00:00,api/normal,1.57,0,1,none
2026-03-14T00:54:49+00:00,api/slow,1974.03,0,1,none
2026-03-14T00:54:49+00:00,api/normal,1.04,0,1,none
2026-03-14T00:54:49+00:00,api/error,3.2,1,1,SYSTEM_ERROR
2026-03-14T00:54:51+00:00,api/slow,1631.17,0,1,none
2026-03-14T00:54:51+00:00,api/normal,6.11,0,1,none
2026-03-14T00:54:51+00:00,api/normal,0.9,0,1,none
2026-03-14T00:54:57+00:00,api/slow,6015.81,0,1,TIMEOUT_ERROR
2026-03-14T00:54:57+00:00,api/normal,1.3,0,1,none
2026-03-14T00:54:57+00:00,api/normal,1.76,0,1,none
2026-03-14T00:54:57+00:00,api/normal,1.14,0,1,none
2026-03-14T00:54:57+00:00,api/normal,1.05,0,1,none
2026-03-14T00:54:57+00:00,api/error,4.17,1,1,SYSTEM_ERROR
2026-03-14T00:54:57+00:00,api/db,4.14,0,1,none
2026-03-14T00:54:58+00:00,api/slow,1150.87,0,1,none
2026-03-14T00:54:58+00:00,api/normal,1.45,0,1,none
2026-03-14T00:54:58+00:00,api/normal,2.1,0,1,none
2026-03-14T00:55:00+00:00,api/slow,1382.74,0,1,none
2026-03-14T00:55:00+00:00,api/error,3.32,1,1,SYSTEM_ERROR
2026-03-14T00:55:00+00:00,api/normal,0.93,0,1,none
2026-03-14T00:55:00+00:00,api/normal,1.07,0,1,none
2026-03-14T00:55:00+00:00,api/normal,2.71,0,1,none
2026-03-14T00:55:02+00:00,api/slow,1628.06,0,1,none
2026-03-14T00:55:02+00:00,api/error,2.53,1,1,SYSTEM_ERROR
2026-03-14T00:55:02+00:00,api/error,5.67,1,1,SYSTEM_ERROR
2026-03-14T00:55:02+00:00,api/normal,1.77,0,1,none
2026-03-14T00:55:02+00:00,api/normal,0.99,0,1,none
2026-03-14T00:55:02+00:00,api/normal,0.92,0,1,none
2026-03-14T00:55:02+00:00,api/normal,1.19,0,1,none
2026-03-14T00:55:02+00:00,api/normal,0.97,0,1,none
2026-03-14T00:55:07+00:00,api/slow,5003.74,0,1,TIMEOUT_ERROR
2026-03-14T00:55:07+00:00,api/normal,2.76,0,1,none
2026-03-14T00:55:07+00:00,api/normal,0.96,0,1,none
2026-03-14T00:55:07+00:00,api/normal,0.94,0,1,none
2026-03-14T00:55:07+00:00,api/normal,2.02,0,1,none
2026-03-14T00:55:07+00:00,api/normal,0.85,0,1,none
2026-03-14T00:55:07+00:00,api/normal,1.71,0,1,none
2026-03-14T00:55:07+00:00,api/normal,1.44,0,1,none
2026-03-14T00:55:07+00:00,api/normal,1.05,0,1,none
2026-03-14T00:55:07+00:00,api/normal,0.81,0,1,none
2026-03-14T00:55:09+00:00,api/slow,1665.29,0,1,none
2026-03-14T00:55:09+00:00,api/normal,0.9,0,1,none
2026-03-14T00:55:09+00:00,api/normal,1.14,0,1,none
2026-03-14T00:55:11+00:00,api/slow,1845.87,0,1,none
2026-03-14T00:55:11+00:00,api/normal,2.02,0,1,none
2026-03-14T00:55:11+00:00,api/normal,0.86,0,1,none
2026-03-14T00:55:11+00:00,api/normal,1.02,0,1,none
2026-03-14T00:55:11+00:00,api/normal,1.34,0,1,none
2026-03-14T00:55:11+00:00,api/normal,1.33,0,1,none
2026-03-14T00:55:11+00:00,api/db,7.31,0,1,none
2026-03-14T00:55:11+00:00,api/error,2.85,1,1,SYSTEM_ERROR
2026-03-14T00:55:11+00:00,api/normal,1.14,0,1,none
2026-03-14T00:55:11+00:00,api/normal,0.94,0,1,none
2026-03-14T00:55:11+00:00,api/normal,0.93,0,1,none
2026-03-14T00:55:11+00:00,api/normal,0.72,0,1,none
2026-03-14T00:55:11+00:00,api/normal,1.69,0,1,none
2026-03-14T00:55:11+00:00,api/normal,1.54,0,1,none
2026-03-14T00:55:11+00:00,api/normal,2.05,0,1,none
2026-03-14T00:55:11+00:00,api/normal,1.7,0,1,none
2026-03-14T00:55:11+00:00,api/error,1.98,1,1,SYSTEM_ERROR
2026-03-14T00:55:11+00:00,api/normal,1.19,0,1,none
2026-03-14T00:55:11+00:00,api/normal,0.88,0,1,none
2026-03-14T00:55:11+00:00,api/normal,1.39,0,1,none
2026-03-14T00:55:11+00:00,api/normal,2.32,0,1,none
2026-03-14T00:55:13+00:00,api/slow,1275.62,0,1,none
2026-03-14T00:55:14+00:00,api/slow,1725.98,0,1,none
2026-03-14T00:55:15+00:00,api/normal,2.83,0,1,none
2026-03-14T00:55:15+00:00,api/normal,1.48,0,1,none
2026-03-14T00:55:15+00:00,api/normal,1.37,0,1,none
2026-03-14T00:55:15+00:00,api/normal,1.31,0,1,none
2026-03-14T00:55:15+00:00,api/normal,1.34,0,1,none
2026-03-14T00:55:15+00:00,api/normal,1.3,0,1,none
2026-03-14T00:55:15+00:00,api/normal,0.8,0,1,none
2026-03-14T00:55:15+00:00,api/normal,1.9,0,1,none
2026-03-14T00:55:15+00:00,api/normal,1.61,0,1,none
2026-03-14T00:55:15+00:00,api/normal,0.87,0,1,none
2026-03-14T00:55:17+00:00,api/slow,1738.72,0,1,none
2026-03-14T00:55:17+00:00,api/normal,2.16,0,1,none
2026-03-14T00:55:18+00:00,api/slow,1401.7,0,1,none
2026-03-14T00:55:20+00:00,api/slow,1504.07,0,1,none
2026-03-14T00:55:20+00:00,api/normal,2.85,0,1,none
2026-03-14T00:55:20+00:00,api/normal,0.64,0,1,none
2026-03-14T00:55:20+00:00,api/normal,1.3,0,1,none
2026-03-14T00:55:20+00:00,api/normal,1.16,0,1,none
2026-03-14T00:55:21+00:00,api/slow,1694.25,0,1,none
2026-03-14T00:55:21+00:00,api/normal,1.12,0,1,none
2026-03-14T00:55:21+00:00,api/normal,0.93,0,1,none
2026-03-14T00:55:21+00:00,api/normal,1,0,1,none
2026-03-14T00:55:21+00:00,api/normal,0.89,0,1,none
2026-03-14T00:55:22+00:00,api/normal,1.32,0,1,none
2026-03-14T00:55:23+00:00,api/slow,1676.05,0,1,none
2026-03-14T00:55:23+00:00,api/normal,2.07,0,1,none
2026-03-14T00:55:23+00:00,api/error,2.99,1,1,SYSTEM_ERROR
2026-03-14T00:55:23+00:00,api/normal,2.41,0,1,none
2026-03-14T00:55:23+00:00,api/error,2.38,1,1,SYSTEM_ERROR
2026-03-14T00:55:23+00:00,api/normal,0.88,0,1,none
2026-03-14T00:55:23+00:00,api/normal,1.89,0,1,none
2026-03-14T00:55:23+00:00,api/normal,0.89,0,1,none
2026-03-14T00:55:25+00:00,api/slow,1396.67,0,1,none
2026-03-14T00:55:25+00:00,api/normal,1.91,0,1,none
2026-03-14T00:55:26+00:00,api/slow,1250.18,0,1,none
2026-03-14T00:55:26+00:00,api/normal,1.86,0,1,none
2026-03-14T00:55:31+00:00,api/slow,5014,0,1,TIMEOUT_ERROR
2026-03-14T00:55:31+00:00,api/normal,1.71,0,1,none
2026-03-14T00:55:31+00:00,api/normal,0.85,0,1,none
2026-03-14T00:55:32+00:00,api/slow,1089.18,0,1,none
2026-03-14T00:55:32+00:00,api/normal,2.71,0,1,none
2026-03-14T00:55:33+00:00,api/normal,1.69,0,1,none
2026-03-14T00:55:33+00:00,api/normal,1.91,0,1,none
2026-03-14T00:55:33+00:00,api/db,3.61,0,1,none
2026-03-14T00:55:33+00:00,api/normal,1.71,0,1,none
2026-03-14T00:55:33+00:00,api/normal,1.5,0,1,none
2026-03-14T00:55:33+00:00,api/normal,1.36,0,1,none
2026-03-14T00:55:33+00:00,api/normal,1.43,0,1,none
2026-03-14T00:55:34+00:00,api/slow,1681.08,0,1,none
2026-03-14T00:55:34+00:00,api/error,3.5,1,1,SYSTEM_ERROR
2026-03-14T00:55:34+00:00,api/normal,1.9,0,1,none
2026-03-14T00:55:35+00:00,api/normal,1.49,0,1,none
2026-03-14T00:55:42+00:00,api/slow,7015.28,0,1,TIMEOUT_ERROR
2026-03-14T00:55:42+00:00,api/error,4.55,1,1,SYSTEM_ERROR
2026-03-14T00:55:42+00:00,api/normal,0.83,0,1,none
2026-03-14T00:55:48+00:00,api/slow,6010.62,0,1,TIMEOUT_ERROR
2026-03-14T00:55:48+00:00,api/normal,1.01,0,1,none
2026-03-14T00:55:48+00:00,api/normal,1.56,0,1,none
2026-03-14T00:55:48+00:00,api/normal,1.74,0,1,none
2026-03-14T00:55:50+00:00,api/slow,1906.69,0,1,none
2026-03-14T00:55:50+00:00,api/normal,1.39,0,1,none
2026-03-14T00:55:56+00:00,api/slow,6012.48,0,1,TIMEOUT_ERROR
2026-03-14T00:55:56+00:00,api/normal,1.18,0,1,none
2026-03-14T00:55:56+00:00,api/normal,0.9,0,1,none
2026-03-14T00:55:56+00:00,api/db,3.96,0,1,none
2026-03-14T00:55:56+00:00,api/normal,1.3,0,1,none
2026-03-14T00:55:56+00:00,api/normal,0.96,0,1,none
2026-03-14T00:56:01+00:00,api/slow,5012.09,0,1,TIMEOUT_ERROR
2026-03-14T00:56:03+00:00,api/slow,1673.9,0,1,none
2026-03-14T00:56:04+00:00,api/slow,1424.47,0,1,none
2026-03-14T00:56:04+00:00,api/error,6.34,1,1,SYSTEM_ERROR
2026-03-14T00:56:04+00:00,api/error,4.46,1,1,SYSTEM_ERROR
2026-03-14T00:56:04+00:00,api/normal,1.17,0,1,none
2026-03-14T00:56:04+00:00,api/normal,0.92,0,1,none
2026-03-14T00:56:04+00:00,api/normal,0.74,0,1,none
2026-03-14T00:56:04+00:00,api/normal,1.33,0,1,none
2026-03-14T00:56:04+00:00,api/db,4.71,0,1,none
2026-03-14T00:56:04+00:00,api/normal,1.06,0,1,none
2026-03-14T00:56:06+00:00,api/slow,1377.28,0,1,none
2026-03-14T00:56:07+00:00,api/slow,1607.96,0,1,none
2026-03-14T00:56:07+00:00,api/normal,1.27,0,1,none
2026-03-14T00:56:07+00:00,api/normal,0.87,0,1,none
2026-03-14T00:56:07+00:00,api/db,4.41,0,1,none
2026-03-14T00:56:08+00:00,api/normal,1.56,0,1,none
2026-03-14T00:56:08+00:00,api/normal,0.91,0,1,none
2026-03-14T00:56:08+00:00,api/normal,1.92,0,1,none
2026-03-14T00:56:08+00:00,api/normal,2.15,0,1,none
2026-03-14T00:56:08+00:00,api/normal,1.82,0,1,none
2026-03-14T00:56:08+00:00,api/normal,1.17,0,1,none
2026-03-14T00:56:08+00:00,api/normal,1.81,0,1,none
2026-03-14T00:56:08+00:00,api/normal,1.77,0,1,none
2026-03-14T00:56:08+00:00,api/normal,1.64,0,1,none
2026-03-14T00:56:08+00:00,api/error,3.99,1,1,SYSTEM_ERROR
2026-03-14T00:56:08+00:00,api/normal,1.3,0,1,none
2026-03-14T00:56:08+00:00,api/db,4.73,0,1,none
2026-03-14T00:56:09+00:00,api/slow,1304.37,0,1,none
2026-03-14T00:56:09+00:00,api/validate,2.04,1,1,UNKNOWN
2026-03-14T00:56:09+00:00,api/normal,1.11,0,1,none
2026-03-14T00:56:09+00:00,api/normal,1.11,0,1,none
2026-03-14T00:56:09+00:00,api/normal,1.42,0,1,none
2026-03-14T00:56:09+00:00,api/db,3.02,0,1,none
2026-03-14T00:56:09+00:00,api/normal,0.94,0,1,none
2026-03-14T00:56:09+00:00,api/normal,1.21,0,1,none
2026-03-14T00:56:09+00:00,api/normal,0.89,0,1,none
2026-03-14T00:56:09+00:00,api/normal,1.24,0,1,none
2026-03-14T00:56:09+00:00,api/normal,1.66,0,1,none
2026-03-14T00:56:11+00:00,api/slow,1570.73,0,1,none
2026-03-14T00:56:11+00:00,api/normal,2.04,0,1,none
2026-03-14T00:56:11+00:00,api/error,3.14,1,1,SYSTEM_ERROR
2026-03-14T00:56:11+00:00,api/db,3.42,0,1,none
2026-03-14T00:56:11+00:00,api/normal,0.87,0,1,none
2026-03-14T00:56:11+00:00,api/normal,1.35,0,1,none
2026-03-14T00:56:11+00:00,api/error,2.1,1,1,SYSTEM_ERROR
2026-03-14T00:56:11+00:00,api/normal,0.95,0,1,none
2026-03-14T00:56:11+00:00,api/error,2.37,1,1,SYSTEM_ERROR
2026-03-14T00:56:11+00:00,api/normal,1.78,0,1,none
2026-03-14T00:56:12+00:00,api/slow,1247.76,0,1,none
2026-03-14T00:56:13+00:00,api/normal,1.69,0,1,none
2026-03-14T00:56:13+00:00,api/normal,0.85,0,1,none
2026-03-14T00:56:13+00:00,api/normal,0.9,0,1,none
2026-03-14T00:56:13+00:00,api/normal,1.01,0,1,none
2026-03-14T00:56:13+00:00,api/normal,1.18,0,1,none
2026-03-14T00:56:13+00:00,api/normal,1.23,0,1,none
2026-03-14T00:56:13+00:00,api/normal,1.19,0,1,none
2026-03-14T00:56:13+00:00,api/db,3.63,0,1,none
2026-03-14T00:56:13+00:00,api/normal,0.95,0,1,none
2026-03-14T00:56:13+00:00,api/normal,1.47,0,1,none
2026-03-14T00:56:13+00:00,api/normal,1.13,0,1,none
2026-03-14T00:56:14+00:00,api/slow,1583.52,0,1,none
2026-03-14T00:56:14+00:00,api/normal,1.45,0,1,none
2026-03-14T00:56:14+00:00,api/normal,0.88,0,1,none
2026-03-14T00:56:15+00:00,api/normal,1.05,0,1,none
2026-03-14T00:56:15+00:00,api/normal,0.67,0,1,none
2026-03-14T00:56:20+00:00,api/slow,5011.22,0,1,TIMEOUT_ERROR
2026-03-14T00:56:27+00:00,api/slow,7014.65,0,1,TIMEOUT_ERROR
2026-03-14T00:56:27+00:00,api/normal,1.44,0,1,none
2026-03-14T00:56:27+00:00,api/normal,1.49,0,1,none
2026-03-14T00:56:27+00:00,api/normal,1.16,0,1,none
2026-03-14T00:56:27+00:00,api/error,3.65,1,1,SYSTEM_ERROR
2026-03-14T00:56:27+00:00,api/normal,0.63,0,1,none
2026-03-14T00:56:27+00:00,api/normal,0.9,0,1,none
2026-03-14T00:56:29+00:00,api/slow,1879.67,0,1,none
2026-03-14T00:56:29+00:00,api/normal,3.74,0,1,none
2026-03-14T00:56:30+00:00,api/slow,1576.45,0,1,none
2026-03-14T00:56:30+00:00,api/normal,1,0,1,none
2026-03-14T00:56:30+00:00,api/normal,1.28,0,1,none
2026-03-14T00:56:37+00:00,api/slow,7002.03,0,1,TIMEOUT_ERROR
2026-03-14T00:56:37+00:00,api/error,2.29,1,1,SYSTEM_ERROR
2026-03-14T00:56:39+00:00,api/slow,1971.01,0,1,none
2026-03-14T00:56:39+00:00,api/normal,0.76,0,1,none
2026-03-14T00:56:41+00:00,api/slow,1740.2,0,1,none
2026-03-14T00:56:41+00:00,api/error,3.37,1,1,SYSTEM_ERROR
2026-03-14T00:56:41+00:00,api/normal,0.55,0,1,none
2026-03-14T00:56:41+00:00,api/error,2.37,1,1,SYSTEM_ERROR
2026-03-14T00:56:41+00:00,api/normal,0.88,0,1,none
2026-03-14T00:56:41+00:00,api/normal,1.04,0,1,none
2026-03-14T00:56:41+00:00,api/normal,1.14,0,1,none
2026-03-14T00:56:41+00:00,api/normal,0.83,0,1,none
2026-03-14T00:56:41+00:00,api/normal,1.01,0,1,none
2026-03-14T00:56:41+00:00,api/normal,0.98,0,1,none
2026-03-14T00:56:41+00:00,api/normal,0.83,0,1,none
2026-03-14T00:56:41+00:00,api/normal,0.8,0,1,none
2026-03-14T00:56:43+00:00,api/slow,1988.57,0,1,none
2026-03-14T00:56:44+00:00,api/normal,1.03,0,1,none
2026-03-14T00:56:44+00:00,api/normal,1.33,0,1,none
2026-03-14T00:56:44+00:00,api/normal,1.32,0,1,none
2026-03-14T00:56:45+00:00,api/slow,1889.4,0,1,none
2026-03-14T00:56:45+00:00,api/normal,1,0,1,none
2026-03-14T00:56:46+00:00,api/normal,1.01,0,1,none
2026-03-14T00:56:46+00:00,api/normal,0.94,0,1,none
2026-03-14T00:56:46+00:00,api/normal,0.84,0,1,none
2026-03-14T00:56:46+00:00,api/error,3.1,1,1,SYSTEM_ERROR
2026-03-14T00:56:46+00:00,api/normal,0.98,0,1,none
2026-03-14T00:56:53+00:00,api/slow,7005.26,0,1,TIMEOUT_ERROR
2026-03-14T00:56:53+00:00,api/error,4.25,1,1,SYSTEM_ERROR
2026-03-14T00:56:54+00:00,api/slow,1304.74,0,1,none
2026-03-14T00:56:56+00:00,api/slow,1925.21,0,1,none
2026-03-14T00:56:56+00:00,api/normal,1.84,0,1,none
2026-03-14T00:56:56+00:00,api/normal,1.06,0,1,none
2026-03-14T00:56:58+00:00,api/slow,1722.13,0,1,none
2026-03-14T00:56:58+00:00,api/normal,0.81,0,1,none
2026-03-14T00:56:58+00:00,api/normal,0.68,0,1,none
2026-03-14T00:56:58+00:00,api/normal,0.82,0,1,none
2026-03-14T00:56:58+00:00,api/normal,0.9,0,1,none
2026-03-14T00:56:58+00:00,api/normal,0.74,0,1,none
2026-03-14T00:56:58+00:00,api/normal,0.74,0,1,none
2026-03-14T00:56:58+00:00,api/normal,1.15,0,1,none
2026-03-14T00:56:59+00:00,api/slow,1341.99,0,1,none
2026-03-14T00:56:59+00:00,api/normal,2.4,0,1,none
2026-03-14T00:57:05+00:00,api/slow,6011.09,0,1,TIMEOUT_ERROR
2026-03-14T00:57:05+00:00,api/normal,1.95,0,1,none
2026-03-14T00:57:05+00:00,api/normal,1.28,0,1,none
2026-03-14T00:57:05+00:00,api/normal,1.22,0,1,none
2026-03-14T00:57:05+00:00,api/db,5.99,0,1,none
2026-03-14T00:57:06+00:00,api/normal,1.59,0,1,none
2026-03-14T00:57:06+00:00,api/normal,0.85,0,1,none
2026-03-14T00:57:06+00:00,api/normal,0.97,0,1,none
2026-03-14T00:57:06+00:00,api/normal,1.04,0,1,none
2026-03-14T00:57:07+00:00,api/slow,1688.15,0,1,none
2026-03-14T00:57:09+00:00,api/slow,1575.57,0,1,none
2026-03-14T00:57:10+00:00,api/slow,1089.89,0,1,none
2026-03-14T00:57:10+00:00,api/normal,1.05,0,1,none
2026-03-14T00:57:10+00:00,api/normal,1.25,0,1,none
2026-03-14T00:57:10+00:00,api/normal,1.46,0,1,none
2026-03-14T00:57:10+00:00,api/normal,2.41,0,1,none
2026-03-14T00:57:10+00:00,api/validate,8.3,1,1,UNKNOWN
2026-03-14T00:57:10+00:00,api/normal,1.02,0,1,none
2026-03-14T00:57:17+00:00,api/slow,6017.3,0,1,TIMEOUT_ERROR
2026-03-14T00:57:17+00:00,api/normal,1.76,0,1,none
2026-03-14T00:57:23+00:00,api/slow,6003.3,0,1,TIMEOUT_ERROR
2026-03-14T00:57:23+00:00,api/normal,1.94,0,1,none
2026-03-14T00:57:23+00:00,api/normal,1,0,1,none
2026-03-14T00:57:23+00:00,api/normal,1.1,0,1,none
2026-03-14T00:57:23+00:00,api/normal,1.89,0,1,none
2026-03-14T00:57:23+00:00,api/normal,1.16,0,1,none
2026-03-14T00:57:23+00:00,api/normal,1.13,0,1,none
2026-03-14T00:57:23+00:00,api/error,4.01,1,1,SYSTEM_ERROR
2026-03-14T00:57:23+00:00,api/normal,1.16,0,1,none
2026-03-14T00:57:23+00:00,api/normal,1.35,0,1,none
2026-03-14T00:57:23+00:00,api/error,4.27,1,1,SYSTEM_ERROR
2026-03-14T00:57:23+00:00,api/normal,0.91,0,1,none
2026-03-14T00:57:23+00:00,api/normal,1.24,0,1,none
2026-03-14T00:57:23+00:00,api/db,4.06,0,1,none
2026-03-14T00:57:23+00:00,api/normal,0.96,0,1,none
2026-03-14T00:57:23+00:00,api/normal,1.26,0,1,none
2026-03-14T00:57:23+00:00,api/normal,1.31,0,1,none
2026-03-14T00:57:23+00:00,api/normal,0.94,0,1,none
2026-03-14T00:57:23+00:00,api/normal,0.94,0,1,none
2026-03-14T00:57:23+00:00,api/normal,1.19,0,1,none
2026-03-14T00:57:23+00:00,api/normal,1.25,0,1,none
2026-03-14T00:57:23+00:00,api/normal,1.44,0,1,none
2026-03-14T00:57:23+00:00,api/db,4.56,0,1,none
2026-03-14T00:57:24+00:00,api/normal,1.32,0,1,none
2026-03-14T00:57:24+00:00,api/normal,0.96,0,1,none
2026-03-14T00:57:24+00:00,api/normal,1.19,0,1,none
2026-03-14T00:57:24+00:00,api/error,3.51,1,1,SYSTEM_ERROR
2026-03-14T00:57:25+00:00,api/slow,1309.2,0,1,none
2026-03-14T00:57:25+00:00,api/normal,1.2,0,1,none
2026-03-14T00:57:25+00:00,api/normal,1.25,0,1,none
2026-03-14T00:57:25+00:00,api/normal,1,0,1,none
2026-03-14T00:57:25+00:00,api/normal,2.72,0,1,none
2026-03-14T00:57:25+00:00,api/normal,1.27,0,1,none
2026-03-14T00:57:25+00:00,api/normal,1.08,0,1,none
2026-03-14T00:57:32+00:00,api/slow,7013.33,0,1,TIMEOUT_ERROR
2026-03-14T00:57:32+00:00,api/normal,4.6,0,1,none
2026-03-14T00:57:33+00:00,api/slow,1086.55,0,1,none
2026-03-14T00:57:34+00:00,api/normal,0.97,0,1,none
2026-03-14T00:57:34+00:00,api/normal,1.52,0,1,none
2026-03-14T00:57:34+00:00,api/error,4.74,1,1,SYSTEM_ERROR
2026-03-14T00:57:34+00:00,api/normal,1.27,0,1,none
2026-03-14T00:57:35+00:00,api/slow,1671.17,0,1,none
2026-03-14T00:57:35+00:00,api/normal,0.78,0,1,none
2026-03-14T00:57:37+00:00,api/slow,1927.61,0,1,none
2026-03-14T00:57:42+00:00,api/slow,5014.76,0,1,TIMEOUT_ERROR
2026-03-14T00:57:42+00:00,api/normal,1.76,0,1,none
2026-03-14T00:57:42+00:00,api/normal,0.9,0,1,none
2026-03-14T00:57:42+00:00,api/normal,1.27,0,1,none
2026-03-14T00:57:43+00:00,api/slow,1043.39,0,1,none
2026-03-14T00:57:44+00:00,api/normal,0.87,0,1,none
2026-03-14T00:57:44+00:00,api/normal,1.03,0,1,none
2026-03-14T00:57:44+00:00,api/db,4.53,0,1,none
2026-03-14T00:57:44+00:00,api/normal,1.02,0,1,none
2026-03-14T00:57:45+00:00,api/slow,1335.72,0,1,none
2026-03-14T00:57:45+00:00,api/normal,1.25,0,1,none
2026-03-14T00:57:45+00:00,api/normal,0.96,0,1,none
2026-03-14T00:57:45+00:00,api/error,5.88,1,1,SYSTEM_ERROR
2026-03-14T00:57:45+00:00,api/normal,0.96,0,1,none
2026-03-14T00:57:47+00:00,api/slow,1440.56,0,1,none
2026-03-14T00:57:47+00:00,api/normal,0.98,0,1,none
2026-03-14T00:57:47+00:00,api/normal,1.38,0,1,none
2026-03-14T00:57:47+00:00,api/error,2.3,1,1,SYSTEM_ERROR
2026-03-14T00:57:49+00:00,api/slow,1900.25,0,1,none
2026-03-14T00:57:49+00:00,api/normal,1.32,0,1,none
2026-03-14T00:57:54+00:00,api/slow,5002.35,0,1,TIMEOUT_ERROR
2026-03-14T00:57:54+00:00,api/normal,1.46,0,1,none
2026-03-14T00:57:56+00:00,api/slow,1904.15,0,1,none
2026-03-14T00:57:56+00:00,api/normal,0.95,0,1,none
2026-03-14T00:57:56+00:00,api/normal,2.28,0,1,none
2026-03-14T00:58:03+00:00,api/slow,7008.5,0,1,TIMEOUT_ERROR
2026-03-14T00:58:03+00:00,api/normal,3.05,0,1,none
2026-03-14T00:58:04+00:00,api/slow,1179.43,0,1,none
2026-03-14T00:58:05+00:00,api/slow,1395.1,0,1,none
2026-03-14T00:58:07+00:00,api/slow,1146.72,0,1,none
2026-03-14T00:58:08+00:00,api/slow,1775.86,0,1,none
2026-03-14T00:58:08+00:00,api/normal,0.99,0,1,none
2026-03-14T00:58:08+00:00,api/normal,0.68,0,1,none
2026-03-14T00:58:08+00:00,api/normal,0.97,0,1,none
2026-03-14T00:58:09+00:00,api/normal,1.34,0,1,none
2026-03-14T00:58:09+00:00,api/normal,1.17,0,1,none
2026-03-14T00:58:10+00:00,api/slow,1278.51,0,1,none
2026-03-14T00:58:10+00:00,api/normal,2.07,0,1,none
2026-03-14T00:58:12+00:00,api/slow,1756.46,0,1,none
2026-03-14T00:58:12+00:00,api/normal,0.67,0,1,none
2026-03-14T00:58:12+00:00,api/normal,1.87,0,1,none
2026-03-14T00:58:18+00:00,api/slow,6004.51,0,1,TIMEOUT_ERROR
2026-03-14T00:58:25+00:00,api/slow,7014.34,0,1,TIMEOUT_ERROR
2026-03-14T00:58:25+00:00,api/normal,2.48,0,1,none
2026-03-14T00:58:25+00:00,api/normal,0.68,0,1,none
2026-03-14T00:58:25+00:00,api/normal,0.69,0,1,none
2026-03-14T00:58:26+00:00,api/slow,1242.78,0,1,none
2026-03-14T00:58:26+00:00,api/normal,1.29,0,1,none
2026-03-14T00:58:28+00:00,api/slow,1946.61,0,1,none
2026-03-14T00:58:28+00:00,api/normal,1.12,0,1,none
2026-03-14T00:58:28+00:00,api/normal,0.85,0,1,none
2026-03-14T00:58:35+00:00,api/slow,7009.42,0,1,TIMEOUT_ERROR
2026-03-14T00:58:35+00:00,api/normal,1.7,0,1,none
2026-03-14T00:58:35+00:00,api/normal,0.85,0,1,none
2026-03-14T00:58:35+00:00,api/normal,0.83,0,1,none
2026-03-14T00:58:35+00:00,api/normal,0.94,0,1,none
2026-03-14T00:58:37+00:00,api/slow,1552.45,0,1,none
2026-03-14T00:58:37+00:00,api/normal,1.16,0,1,none
2026-03-14T00:58:37+00:00,api/normal,1.46,0,1,none
2026-03-14T00:58:42+00:00,api/slow,5003.8,0,1,TIMEOUT_ERROR
2026-03-14T00:58:42+00:00,api/normal,1.56,0,1,none
2026-03-14T00:58:42+00:00,api/normal,2.48,0,1,none
2026-03-14T00:58:42+00:00,api/validate,5.97,1,1,UNKNOWN
2026-03-14T00:58:44+00:00,api/slow,1491.89,0,1,none
2026-03-14T00:58:44+00:00,api/normal,1.01,0,1,none
2026-03-14T00:58:44+00:00,api/normal,3.27,0,1,none
2026-03-14T00:58:44+00:00,api/normal,0.95,0,1,none
2026-03-14T00:58:44+00:00,api/validate,5.41,1,1,UNKNOWN
2026-03-14T00:58:44+00:00,api/normal,3.42,0,1,none
2026-03-14T00:58:44+00:00,api/normal,1.45,0,1,none
2026-03-14T00:58:44+00:00,api/normal,2.36,0,1,none
2026-03-14T00:58:46+00:00,api/slow,1957.76,0,1,none
2026-03-14T00:58:46+00:00,api/normal,1.01,0,1,none
2026-03-14T00:58:46+00:00,api/normal,1.01,0,1,none
2026-03-14T00:58:46+00:00,api/normal,1.68,0,1,none
2026-03-14T00:58:48+00:00,api/slow,1538.39,0,1,none
2026-03-14T00:58:49+00:00,api/slow,1015.46,0,1,none
2026-03-14T00:58:49+00:00,api/normal,4.98,0,1,none
2026-03-14T00:58:49+00:00,api/normal,1.33,0,1,none
2026-03-14T00:58:49+00:00,api/normal,2.52,0,1,none
2026-03-14T00:58:50+00:00,api/slow,1104.71,0,1,none
2026-03-14T00:58:50+00:00,api/error,3,1,1,SYSTEM_ERROR
2026-03-14T00:58:50+00:00,api/normal,1.63,0,1,none
2026-03-14T00:58:50+00:00,api/normal,0.89,0,1,none
2026-03-14T00:58:50+00:00,api/normal,1.42,0,1,none
2026-03-14T00:58:50+00:00,api/normal,1.08,0,1,none
2026-03-14T00:58:50+00:00,api/normal,1.02,0,1,none
2026-03-14T00:58:50+00:00,api/normal,2.06,0,1,none
2026-03-14T00:58:50+00:00,api/normal,1.14,0,1,none
2026-03-14T00:58:56+00:00,api/slow,6014.73,0,1,TIMEOUT_ERROR
2026-03-14T00:58:56+00:00,api/normal,3.6,0,1,none
2026-03-14T00:58:58+00:00,api/slow,1943.46,0,1,none
2026-03-14T00:59:00+00:00,api/slow,1354.66,0,1,none
2026-03-14T00:59:00+00:00,api/validate,3.96,1,1,UNKNOWN
2026-03-14T00:59:00+00:00,api/normal,0.87,0,1,none
2026-03-14T00:59:00+00:00,api/normal,0.97,0,1,none
2026-03-14T00:59:00+00:00,api/normal,0.92,0,1,none
2026-03-14T00:59:00+00:00,api/normal,2.88,0,1,none
2026-03-14T00:59:00+00:00,api/validate,3.46,1,1,UNKNOWN
2026-03-14T00:59:00+00:00,api/normal,0.95,0,1,none
2026-03-14T00:59:00+00:00,api/normal,0.63,0,1,none
2026-03-14T00:59:00+00:00,api/normal,0.88,0,1,none
2026-03-14T00:59:00+00:00,api/normal,1.18,0,1,none
2026-03-14T00:59:00+00:00,api/normal,1.14,0,1,none
2026-03-14T00:59:00+00:00,api/normal,0.87,0,1,none
2026-03-14T00:59:02+00:00,api/slow,1387.58,0,1,none
2026-03-14T00:59:02+00:00,api/normal,2.08,0,1,none
2026-03-14T00:59:02+00:00,api/normal,2.03,0,1,none
2026-03-14T00:59:03+00:00,api/slow,1146.27,0,1,none
2026-03-14T00:59:03+00:00,api/normal,3.15,0,1,none
2026-03-14T00:59:03+00:00,api/error,2.93,1,1,SYSTEM_ERROR
2026-03-14T00:59:03+00:00,api/normal,0.86,0,1,none
2026-03-14T00:59:03+00:00,api/normal,0.71,0,1,none
2026-03-14T00:59:03+00:00,api/normal,1.78,0,1,none
2026-03-14T00:59:03+00:00,api/normal,1.31,0,1,none
2026-03-14T00:59:03+00:00,api/validate,3.31,1,1,UNKNOWN
2026-03-14T00:59:03+00:00,api/normal,2.47,0,1,none
2026-03-14T00:59:05+00:00,api/slow,1686.75,0,1,none
2026-03-14T00:59:05+00:00,api/normal,1.15,0,1,none
2026-03-14T00:59:06+00:00,api/slow,1621.12,0,1,none
2026-03-14T00:59:07+00:00,api/normal,3.04,0,1,none
2026-03-14T00:59:07+00:00,api/normal,2.29,0,1,none
2026-03-14T00:59:07+00:00,api/error,8.31,1,1,SYSTEM_ERROR
2026-03-14T00:59:07+00:00,api/normal,2.1,0,1,none
2026-03-14T00:59:07+00:00,api/normal,1.77,0,1,none
2026-03-14T00:59:07+00:00,api/validate,3.62,1,1,UNKNOWN
2026-03-14T00:59:07+00:00,api/normal,0.89,0,1,none
2026-03-14T00:59:07+00:00,api/normal,1.29,0,1,none
2026-03-14T00:59:07+00:00,api/normal,2.71,0,1,none
2026-03-14T00:59:07+00:00,api/normal,0.85,0,1,none
2026-03-14T00:59:07+00:00,api/db,5.33,0,1,none
2026-03-14T00:59:07+00:00,api/normal,0.89,0,1,none
2026-03-14T00:59:07+00:00,api/normal,0.84,0,1,none
2026-03-14T00:59:07+00:00,api/normal,1.65,0,1,none
2026-03-14T00:59:07+00:00,api/db,4.17,0,1,none
2026-03-14T00:59:09+00:00,api/slow,1539.45,0,1,none
2026-03-14T00:59:09+00:00,api/normal,2.02,0,1,none
2026-03-14T00:59:09+00:00,api/normal,0.96,0,1,none
2026-03-14T00:59:09+00:00,api/normal,2.16,0,1,none
2026-03-14T00:59:09+00:00,api/normal,3.32,0,1,none
2026-03-14T00:59:09+00:00,api/normal,1.29,0,1,none
2026-03-14T00:59:09+00:00,api/normal,2.33,0,1,none
2026-03-14T00:59:09+00:00,api/error,2.34,1,1,SYSTEM_ERROR
2026-03-14T00:59:09+00:00,api/normal,3.47,0,1,none
2026-03-14T00:59:09+00:00,api/normal,0.73,0,1,none
2026-03-14T00:59:09+00:00,api/normal,0.7,0,1,none
2026-03-14T00:59:09+00:00,api/normal,2.88,0,1,none
2026-03-14T00:59:11+00:00,api/slow,1501.86,0,1,none
2026-03-14T00:59:11+00:00,api/normal,0.97,0,1,none
2026-03-14T00:59:11+00:00,api/normal,1.31,0,1,none
2026-03-14T00:59:18+00:00,api/slow,7012.43,0,1,TIMEOUT_ERROR
2026-03-14T00:59:24+00:00,api/slow,6017.54,0,1,TIMEOUT_ERROR
2026-03-14T00:59:24+00:00,api/normal,2.02,0,1,none
2026-03-14T00:59:24+00:00,api/normal,1.73,0,1,none
2026-03-14T00:59:24+00:00,api/normal,1.68,0,1,none
2026-03-14T00:59:31+00:00,api/slow,7012.03,0,1,TIMEOUT_ERROR
2026-03-14T00:59:31+00:00,api/normal,3.33,0,1,none
2026-03-14T00:59:31+00:00,api/normal,1.21,0,1,none
2026-03-14T00:59:31+00:00,api/normal,2.1,0,1,none
2026-03-14T00:59:31+00:00,api/normal,1.25,0,1,none
2026-03-14T00:59:31+00:00,api/normal,1.02,0,1,none
2026-03-14T00:59:31+00:00,api/normal,0.98,0,1,none
2026-03-14T00:59:31+00:00,api/normal,1.33,0,1,none
2026-03-14T00:59:31+00:00,api/normal,1.01,0,1,none
2026-03-14T00:59:31+00:00,api/normal,0.84,0,1,none
2026-03-14T00:59:31+00:00,api/normal,0.85,0,1,none
2026-03-14T00:59:37+00:00,api/slow,6007.63,0,1,TIMEOUT_ERROR
2026-03-14T00:59:37+00:00,api/normal,2.14,0,1,none
2026-03-14T00:59:37+00:00,api/error,5.07,1,1,SYSTEM_ERROR
2026-03-14T00:59:37+00:00,api/normal,0.67,0,1,none
2026-03-14T00:59:37+00:00,api/normal,1.26,0,1,none
2026-03-14T00:59:37+00:00,api/normal,1.32,0,1,none
2026-03-14T00:59:37+00:00,api/normal,0.85,0,1,none
2026-03-14T00:59:37+00:00,api/normal,0.94,0,1,none
2026-03-14T00:59:37+00:00,api/normal,0.8,0,1,none
2026-03-14T00:59:38+00:00,api/normal,1.49,0,1,none
2026-03-14T00:59:38+00:00,api/normal,0.94,0,1,none
2026-03-14T00:59:40+00:00,api/slow,1950.93,0,1,none
2026-03-14T00:59:41+00:00,api/slow,1178.03,0,1,none
2026-03-14T00:59:41+00:00,api/normal,0.64,0,1,none
2026-03-14T00:59:41+00:00,api/normal,1.42,0,1,none
2026-03-14T00:59:41+00:00,api/normal,1.42,0,1,none
2026-03-14T00:59:42+00:00,api/slow,1128.29,0,1,none
2026-03-14T00:59:42+00:00,api/normal,1.01,0,1,none
2026-03-14T00:59:42+00:00,api/error,2.16,1,1,SYSTEM_ERROR
2026-03-14T00:59:42+00:00,api/normal,1.68,0,1,none
2026-03-14T00:59:42+00:00,api/normal,0.92,0,1,none
2026-03-14T00:59:42+00:00,api/normal,0.73,0,1,none
2026-03-14T00:59:42+00:00,api/normal,1.09,0,1,none
2026-03-14T00:59:47+00:00,api/slow,5014.29,0,1,TIMEOUT_ERROR
2026-03-14T00:59:47+00:00,api/normal,1.66,0,1,none
2026-03-14T00:59:47+00:00,api/normal,2.08,0,1,none
2026-03-14T00:59:47+00:00,api/normal,1.2,0,1,none
2026-03-14T00:59:53+00:00,api/slow,6016.46,0,1,TIMEOUT_ERROR
2026-03-14T00:59:53+00:00,api/db,4.95,0,1,none
2026-03-14T01:00:00+00:00,api/slow,7002.03,0,1,TIMEOUT_ERROR
2026-03-14T01:00:00+00:00,api/normal,3.07,0,1,none
2026-03-14T01:00:01+00:00,api/normal,1.58,0,1,none
2026-03-14T01:00:01+00:00,api/normal,1.47,0,1,none
2026-03-14T01:00:01+00:00,api/normal,2.08,0,1,none
2026-03-14T01:00:01+00:00,api/normal,0.81,0,1,none
2026-03-14T01:00:01+00:00,api/normal,0.83,0,1,none
2026-03-14T01:00:01+00:00,api/normal,1,0,1,none
2026-03-14T01:00:01+00:00,api/normal,0.85,0,1,none
2026-03-14T01:00:02+00:00,api/slow,1625.79,0,1,none
2026-03-14T01:00:02+00:00,api/normal,1.15,0,1,none
2026-03-14T01:00:02+00:00,api/normal,1.09,0,1,none
2026-03-14T01:00:02+00:00,api/normal,1.25,0,1,none
2026-03-14T01:00:02+00:00,api/db,4.98,0,1,none
2026-03-14T01:00:03+00:00,api/normal,2.05,0,1,none
2026-03-14T01:00:03+00:00,api/db,4.71,0,1,none
2026-03-14T01:00:03+00:00,api/normal,1.36,0,1,none
2026-03-14T01:00:03+00:00,api/normal,1.26,0,1,none
2026-03-14T01:00:08+00:00,api/slow,5013.42,0,1,TIMEOUT_ERROR
2026-03-14T01:00:08+00:00,api/error,4.47,1,1,SYSTEM_ERROR
2026-03-14T01:00:08+00:00,api/normal,1.32,0,1,none
2026-03-14T01:00:10+00:00,api/slow,1819.9,0,1,none
2026-03-14T01:00:15+00:00,api/slow,5009.63,0,1,TIMEOUT_ERROR
2026-03-14T01:00:15+00:00,api/normal,3.12,0,1,none
2026-03-14T01:00:15+00:00,api/normal,2,0,1,none
2026-03-14T01:00:15+00:00,api/normal,1.11,0,1,none
2026-03-14T01:00:15+00:00,api/normal,0.91,0,1,none
2026-03-14T01:00:15+00:00,api/normal,1,0,1,none
2026-03-14T01:00:16+00:00,api/slow,1559.2,0,1,none
2026-03-14T01:00:16+00:00,api/normal,1.43,0,1,none
2026-03-14T01:00:16+00:00,api/normal,1.06,0,1,none
2026-03-14T01:00:16+00:00,api/normal,2.24,0,1,none
2026-03-14T01:00:17+00:00,api/normal,1,0,1,none
2026-03-14T01:00:17+00:00,api/normal,1.68,0,1,none
2026-03-14T01:00:17+00:00,api/normal,0.83,0,1,none
2026-03-14T01:00:18+00:00,api/slow,1079.95,0,1,none
2026-03-14T01:00:18+00:00,api/error,5.26,1,1,SYSTEM_ERROR
2026-03-14T01:00:18+00:00,api/normal,0.87,0,1,none
2026-03-14T01:00:23+00:00,api/slow,5014.77,0,1,TIMEOUT_ERROR
2026-03-14T01:00:24+00:00,api/slow,1420.51,0,1,none
2026-03-14T01:00:24+00:00,api/normal,0.88,0,1,none
2026-03-14T01:00:24+00:00,api/normal,0.89,0,1,none
2026-03-14T01:00:24+00:00,api/normal,3.24,0,1,none
2026-03-14T01:00:31+00:00,api/slow,7012.94,0,1,TIMEOUT_ERROR
2026-03-14T01:00:32+00:00,api/normal,2.18,0,1,none
2026-03-14T01:00:32+00:00,api/normal,1.01,0,1,none
2026-03-14T01:00:32+00:00,api/normal,0.92,0,1,none
2026-03-14T01:00:32+00:00,api/normal,0.96,0,1,none
2026-03-14T01:00:32+00:00,api/validate,3.7,1,1,UNKNOWN
2026-03-14T01:00:32+00:00,api/normal,0.86,0,1,none
2026-03-14T01:00:32+00:00,api/normal,0.69,0,1,none
2026-03-14T01:00:32+00:00,api/normal,0.66,0,1,none
2026-03-14T01:00:32+00:00,api/normal,0.87,0,1,none
2026-03-14T01:00:32+00:00,api/normal,1.32,0,1,none
2026-03-14T01:00:32+00:00,api/normal,1.49,0,1,none
2026-03-14T01:00:38+00:00,api/slow,6008.95,0,1,TIMEOUT_ERROR
2026-03-14T01:00:38+00:00,api/normal,2.31,0,1,none
2026-03-14T01:00:38+00:00,api/normal,0.96,0,1,none
2026-03-14T01:00:38+00:00,api/normal,1.16,0,1,none
2026-03-14T01:00:39+00:00,api/slow,1448.18,0,1,none
2026-03-14T01:00:39+00:00,api/normal,0.83,0,1,none
2026-03-14T01:00:39+00:00,api/normal,0.88,0,1,none
2026-03-14T01:00:39+00:00,api/normal,0.99,0,1,none
2026-03-14T01:00:40+00:00,api/normal,1.09,0,1,none
2026-03-14T01:00:40+00:00,api/normal,0.87,0,1,none
2026-03-14T01:00:40+00:00,api/normal,1.61,0,1,none
2026-03-14T01:00:40+00:00,api/normal,1.11,0,1,none
2026-03-14T01:00:40+00:00,api/normal,1.49,0,1,none
2026-03-14T01:00:40+00:00,api/normal,1.5,0,1,none
2026-03-14T01:00:40+00:00,api/normal,0.84,0,1,none
2026-03-14T01:00:40+00:00,api/normal,1.1,0,1,none
2026-03-14T01:00:40+00:00,api/error,3.08,1,1,SYSTEM_ERROR
2026-03-14T01:00:40+00:00,api/error,1.97,1,1,SYSTEM_ERROR
2026-03-14T01:00:40+00:00,api/normal,1.96,0,1,none
2026-03-14T01:00:42+00:00,api/slow,1978.71,0,1,none
2026-03-14T01:00:42+00:00,api/error,4.27,1,1,SYSTEM_ERROR
2026-03-14T01:00:42+00:00,api/db,3.92,0,1,none
2026-03-14T01:00:42+00:00,api/error,2.62,1,1,SYSTEM_ERROR
2026-03-14T01:00:42+00:00,api/normal,0.96,0,1,none
2026-03-14T01:00:42+00:00,api/normal,2.49,0,1,none
2026-03-14T01:00:42+00:00,api/normal,1.11,0,1,none
2026-03-14T01:00:42+00:00,api/normal,2.16,0,1,none
2026-03-14T01:00:42+00:00,api/normal,1.43,0,1,none
2026-03-14T01:00:42+00:00,api/normal,1.17,0,1,none
2026-03-14T01:00:42+00:00,api/validate,2.05,1,1,UNKNOWN
2026-03-14T01:00:43+00:00,api/slow,1090.58,0,1,none
2026-03-14T01:00:43+00:00,api/normal,1.11,0,1,none
2026-03-14T01:00:45+00:00,api/slow,1415.46,0,1,none
2026-03-14T01:00:45+00:00,api/normal,3.64,0,1,none
2026-03-14T01:00:45+00:00,api/normal,0.7,0,1,none
2026-03-14T01:00:45+00:00,api/normal,0.8,0,1,none
2026-03-14T01:00:45+00:00,api/normal,1.28,0,1,none
2026-03-14T01:00:45+00:00,api/normal,1.93,0,1,none
2026-03-14T01:00:45+00:00,api/normal,1.18,0,1,none
2026-03-14T01:00:45+00:00,api/normal,1.32,0,1,none
2026-03-14T01:00:46+00:00,api/slow,1329.35,0,1,none
2026-03-14T01:00:46+00:00,api/normal,1.46,0,1,none
2026-03-14T01:00:47+00:00,api/slow,1140.92,0,1,none
2026-03-14T01:00:47+00:00,api/normal,1.14,0,1,none
2026-03-14T01:00:47+00:00,api/normal,1.73,0,1,none
2026-03-14T01:00:47+00:00,api/error,2.34,1,1,SYSTEM_ERROR
2026-03-14T01:00:48+00:00,api/normal,0.69,0,1,none
2026-03-14T01:00:48+00:00,api/normal,1.77,0,1,none
2026-03-14T01:00:49+00:00,api/slow,1170.28,0,1,none
2026-03-14T01:00:50+00:00,api/slow,1179.58,0,1,none
2026-03-14T01:00:52+00:00,api/slow,1700.4,0,1,none
2026-03-14T01:00:52+00:00,api/normal,2.54,0,1,none
2026-03-14T01:00:53+00:00,api/slow,1465.52,0,1,none
2026-03-14T01:00:53+00:00,api/error,1.87,1,1,SYSTEM_ERROR
2026-03-14T01:00:53+00:00,api/normal,0.7,0,1,none
2026-03-14T01:00:58+00:00,api/slow,5012.48,0,1,TIMEOUT_ERROR
2026-03-14T01:01:00+00:00,api/slow,1973.79,0,1,none
2026-03-14T01:01:07+00:00,api/slow,7015.29,0,1,TIMEOUT_ERROR
2026-03-14T01:01:07+00:00,api/normal,1.9,0,1,none
2026-03-14T01:01:07+00:00,api/normal,1.34,0,1,none
2026-03-14T01:01:09+00:00,api/slow,1780.69,0,1,none
2026-03-14T01:01:09+00:00,api/normal,0.86,0,1,none
2026-03-14T01:01:09+00:00,api/normal,1.33,0,1,none
2026-03-14T01:01:10+00:00,api/slow,1118.23,0,1,none
2026-03-14T01:01:10+00:00,api/normal,3.45,0,1,none
2026-03-14T01:01:10+00:00,api/normal,1.46,0,1,none
2026-03-14T01:01:12+00:00,api/slow,1684.97,0,1,none
2026-03-14T01:01:12+00:00,api/normal,0.77,0,1,none
2026-03-14T01:01:19+00:00,api/slow,7004.81,0,1,TIMEOUT_ERROR
2026-03-14T01:01:19+00:00,api/validate,2.81,1,1,UNKNOWN
2026-03-14T01:01:19+00:00,api/normal,0.89,0,1,none
2026-03-14T01:01:19+00:00,api/normal,1.09,0,1,none
2026-03-14T01:01:25+00:00,api/slow,6005.22,0,1,TIMEOUT_ERROR
2026-03-14T01:01:27+00:00,api/slow,1416.52,0,1,none
2026-03-14T01:01:27+00:00,api/normal,0.92,0,1,none
2026-03-14T01:01:27+00:00,api/normal,1.14,0,1,none
2026-03-14T01:01:27+00:00,api/error,3.03,1,1,SYSTEM_ERROR
2026-03-14T01:01:27+00:00,api/normal,0.93,0,1,none
2026-03-14T01:01:27+00:00,api/normal,0.81,0,1,none
2026-03-14T01:01:27+00:00,api/normal,0.87,0,1,none
2026-03-14T01:01:27+00:00,api/normal,0.87,0,1,none
2026-03-14T01:01:27+00:00,api/normal,1.15,0,1,none
2026-03-14T01:01:29+00:00,api/slow,1717.18,0,1,none
2026-03-14T01:01:29+00:00,api/normal,2.38,0,1,none
2026-03-14T01:01:29+00:00,api/normal,1.35,0,1,none
2026-03-14T01:01:29+00:00,api/normal,0.88,0,1,none
2026-03-14T01:01:29+00:00,api/normal,1.57,0,1,none
2026-03-14T01:01:29+00:00,api/normal,2.02,0,1,none
2026-03-14T01:01:29+00:00,api/normal,1.61,0,1,none
2026-03-14T01:01:29+00:00,api/normal,2.51,0,1,none
2026-03-14T01:01:29+00:00,api/normal,0.91,0,1,none
2026-03-14T01:01:29+00:00,api/normal,0.93,0,1,none
2026-03-14T01:01:29+00:00,api/normal,0.8,0,1,none
2026-03-14T01:01:29+00:00,api/db,4.93,0,1,none
2026-03-14T01:01:29+00:00,api/db,3.79,0,1,none
2026-03-14T01:01:31+00:00,api/slow,1742.14,0,1,none
2026-03-14T01:01:31+00:00,api/normal,1.22,0,1,none
2026-03-14T01:01:31+00:00,api/normal,0.94,0,1,none
2026-03-14T01:01:31+00:00,api/normal,1.41,0,1,none
2026-03-14T01:01:32+00:00,api/slow,1070.21,0,1,none
2026-03-14T01:01:32+00:00,api/normal,1.26,0,1,none
2026-03-14T01:01:37+00:00,api/slow,5001.8,0,1,TIMEOUT_ERROR
2026-03-14T01:01:38+00:00,api/slow,1219.79,0,1,none
2026-03-14T01:01:38+00:00,api/normal,1.14,0,1,none
2026-03-14T01:01:38+00:00,api/normal,0.91,0,1,none
2026-03-14T01:01:38+00:00,api/normal,1.06,0,1,none
2026-03-14T01:01:38+00:00,api/normal,0.69,0,1,none
2026-03-14T01:01:38+00:00,api/normal,1.12,0,1,none
2026-03-14T01:01:38+00:00,api/error,2.58,1,1,SYSTEM_ERROR
2026-03-14T01:01:43+00:00,api/slow,5001.45,0,1,TIMEOUT_ERROR
2026-03-14T01:01:44+00:00,api/normal,1.28,0,1,none
2026-03-14T01:01:44+00:00,api/normal,0.97,0,1,none
2026-03-14T01:01:44+00:00,api/normal,0.64,0,1,none
2026-03-14T01:01:44+00:00,api/error,3.28,1,1,SYSTEM_ERROR
2026-03-14T01:01:44+00:00,api/normal,1.16,0,1,none
2026-03-14T01:01:44+00:00,api/error,2.95,1,1,SYSTEM_ERROR
2026-03-14T01:01:44+00:00,api/normal,1.19,0,1,none
2026-03-14T01:01:44+00:00,api/normal,0.89,0,1,none
2026-03-14T01:01:45+00:00,api/slow,1197.39,0,1,none
2026-03-14T01:01:47+00:00,api/slow,1749.81,0,1,none
2026-03-14T01:01:48+00:00,api/slow,1795.42,0,1,none
2026-03-14T01:01:49+00:00,api/normal,0.61,0,1,none
2026-03-14T01:01:50+00:00,api/slow,1631.31,0,1,none
2026-03-14T01:01:50+00:00,api/normal,1.85,0,1,none
2026-03-14T01:01:50+00:00,api/normal,0.78,0,1,none
2026-03-14T01:01:50+00:00,api/normal,0.78,0,1,none
2026-03-14T01:01:50+00:00,api/normal,1.24,0,1,none
2026-03-14T01:01:50+00:00,api/normal,0.82,0,1,none
2026-03-14T01:01:50+00:00,api/normal,0.98,0,1,none
2026-03-14T01:01:50+00:00,api/normal,1.08,0,1,none
2026-03-14T01:01:51+00:00,api/slow,1117.69,0,1,none
2026-03-14T01:01:53+00:00,api/slow,1848.81,0,1,none
2026-03-14T01:01:55+00:00,api/slow,1948.21,0,1,none
2026-03-14T01:01:55+00:00,api/normal,1.44,0,1,none
2026-03-14T01:01:55+00:00,api/normal,0.98,0,1,none
2026-03-14T01:01:55+00:00,api/db,3.32,0,1,none
2026-03-14T01:01:55+00:00,api/normal,0.9,0,1,none
2026-03-14T01:01:55+00:00,api/normal,0.85,0,1,none
2026-03-14T01:01:57+00:00,api/slow,1487.87,0,1,none
2026-03-14T01:01:57+00:00,api/normal,1.8,0,1,none
2026-03-14T01:01:57+00:00,api/normal,0.88,0,1,none
2026-03-14T01:01:57+00:00,api/error,3.02,1,1,SYSTEM_ERROR
2026-03-14T01:01:57+00:00,api/normal,1,0,1,none
2026-03-14T01:01:57+00:00,api/normal,1.11,0,1,none
2026-03-14T01:01:57+00:00,api/error,2.98,1,1,SYSTEM_ERROR
2026-03-14T01:01:57+00:00,api/normal,0.66,0,1,none
2026-03-14T01:01:57+00:00,api/normal,0.83,0,1,none
2026-03-14T01:01:57+00:00,api/normal,1,0,1,none
2026-03-14T01:01:57+00:00,api/normal,1.06,0,1,none
2026-03-14T01:01:57+00:00,api/normal,0.81,0,1,none
2026-03-14T01:01:59+00:00,api/slow,1437.57,0,1,none
2026-03-14T01:01:59+00:00,api/normal,1.12,0,1,none
2026-03-14T01:01:59+00:00,api/normal,0.81,0,1,none
2026-03-14T01:01:59+00:00,api/normal,0.77,0,1,none
2026-03-14T01:01:59+00:00,api/normal,0.8,0,1,none
2026-03-14T01:01:59+00:00,api/normal,1.22,0,1,none
2026-03-14T01:01:59+00:00,api/normal,0.84,0,1,none
2026-03-14T01:01:59+00:00,api/normal,1.21,0,1,none
2026-03-14T01:01:59+00:00,api/normal,1.26,0,1,none
2026-03-14T01:02:00+00:00,api/slow,1065.26,0,1,none
2026-03-14T01:02:00+00:00,api/normal,1.11,0,1,none
2026-03-14T01:02:02+00:00,api/slow,1949.53,0,1,none
2026-03-14T01:02:08+00:00,api/slow,6004.02,0,1,TIMEOUT_ERROR
2026-03-14T01:02:08+00:00,api/normal,2.02,0,1,none
2026-03-14T01:02:08+00:00,api/db,4.13,0,1,none
2026-03-14T01:02:14+00:00,api/slow,6014.86,0,1,TIMEOUT_ERROR
2026-03-14T01:02:14+00:00,api/error,7.41,1,1,SYSTEM_ERROR
2026-03-14T01:02:14+00:00,api/normal,0.92,0,1,none
2026-03-14T01:02:14+00:00,api/normal,1.02,0,1,none
2026-03-14T01:02:14+00:00,api/normal,0.77,0,1,none
2026-03-14T01:02:16+00:00,api/slow,1634.97,0,1,none
2026-03-14T01:02:16+00:00,api/normal,0.7,0,1,none
2026-03-14T01:02:16+00:00,api/normal,1.28,0,1,none
2026-03-14T01:02:16+00:00,api/normal,0.85,0,1,none
2026-03-14T01:02:16+00:00,api/normal,1.11,0,1,none
2026-03-14T01:02:16+00:00,api/normal,1.24,0,1,none
2026-03-14T01:02:16+00:00,api/normal,1.17,0,1,none
2026-03-14T01:02:16+00:00,api/error,2.4,1,1,SYSTEM_ERROR
2026-03-14T01:02:16+00:00,api/normal,0.8,0,1,none
2026-03-14T01:02:16+00:00,api/normal,0.86,0,1,none
2026-03-14T01:02:18+00:00,api/slow,1534.41,0,1,none
2026-03-14T01:02:18+00:00,api/normal,2.09,0,1,none
2026-03-14T01:02:18+00:00,api/normal,0.9,0,1,none
2026-03-14T01:02:18+00:00,api/validate,3.38,1,1,UNKNOWN
2026-03-14T01:02:18+00:00,api/normal,0.59,0,1,none
2026-03-14T01:02:18+00:00,api/normal,1.08,0,1,none
2026-03-14T01:02:18+00:00,api/normal,1.48,0,1,none
2026-03-14T01:02:23+00:00,api/slow,5007.16,0,1,TIMEOUT_ERROR
2026-03-14T01:02:23+00:00,api/normal,1.9,0,1,none
2026-03-14T01:02:23+00:00,api/normal,0.95,0,1,none
2026-03-14T01:02:23+00:00,api/normal,1.38,0,1,none
2026-03-14T01:02:23+00:00,api/normal,0.85,0,1,none
2026-03-14T01:02:23+00:00,api/normal,0.98,0,1,none
2026-03-14T01:02:23+00:00,api/normal,0.78,0,1,none
2026-03-14T01:02:23+00:00,api/normal,0.84,0,1,none
2026-03-14T01:02:23+00:00,api/normal,0.93,0,1,none
2026-03-14T01:02:23+00:00,api/normal,1.01,0,1,none
2026-03-14T01:02:28+00:00,api/slow,5015.48,0,1,TIMEOUT_ERROR
2026-03-14T01:02:28+00:00,api/normal,1.51,0,1,none
2026-03-14T01:02:28+00:00,api/normal,0.61,0,1,none
2026-03-14T01:02:28+00:00,api/normal,0.86,0,1,none
2026-03-14T01:02:30+00:00,api/slow,1875.67,0,1,none
2026-03-14T01:02:30+00:00,api/normal,1.14,0,1,none
2026-03-14T01:02:30+00:00,api/normal,1.4,0,1,none
2026-03-14T01:02:30+00:00,api/normal,1.31,0,1,none
2026-03-14T01:02:30+00:00,api/normal,0.87,0,1,none
2026-03-14T01:02:30+00:00,api/normal,1.41,0,1,none
2026-03-14T01:02:30+00:00,api/db,4.39,0,1,none
2026-03-14T01:02:32+00:00,api/slow,1865.64,0,1,none
2026-03-14T01:02:32+00:00,api/normal,2.28,0,1,none
2026-03-14T01:02:32+00:00,api/validate,2.91,1,1,UNKNOWN
2026-03-14T01:02:32+00:00,api/normal,0.97,0,1,none
2026-03-14T01:02:34+00:00,api/slow,1818.43,0,1,none
2026-03-14T01:02:34+00:00,api/error,2.29,1,1,SYSTEM_ERROR
2026-03-14T01:02:34+00:00,api/normal,2.26,0,1,none
2026-03-14T01:02:34+00:00,api/normal,0.93,0,1,none
2026-03-14T01:02:34+00:00,api/normal,1.55,0,1,none
2026-03-14T01:02:34+00:00,api/normal,3.99,0,1,none
2026-03-14T01:02:34+00:00,api/db,5.17,0,1,none
2026-03-14T01:02:36+00:00,api/slow,1783.38,0,1,none
2026-03-14T01:02:38+00:00,api/slow,2001.04,0,1,none
2026-03-14T01:02:45+00:00,api/slow,7003.58,0,1,TIMEOUT_ERROR
2026-03-14T01:02:45+00:00,api/normal,1.34,0,1,none
2026-03-14T01:02:45+00:00,api/normal,1.08,0,1,none
2026-03-14T01:02:45+00:00,api/normal,1.5,0,1,none
2026-03-14T01:02:45+00:00,api/normal,0.87,0,1,none
2026-03-14T01:02:45+00:00,api/normal,0.83,0,1,none
2026-03-14T01:02:45+00:00,api/normal,1.8,0,1,none
2026-03-14T01:02:47+00:00,api/slow,1470.4,0,1,none
2026-03-14T01:02:47+00:00,api/normal,0.64,0,1,none
2026-03-14T01:02:49+00:00,api/slow,1719.02,0,1,none
2026-03-14T01:02:49+00:00,api/normal,0.58,0,1,none
2026-03-14T01:02:49+00:00,api/normal,0.66,0,1,none
2026-03-14T01:02:49+00:00,api/validate,3.11,1,1,UNKNOWN
2026-03-14T01:02:49+00:00,api/normal,1.03,0,1,none
2026-03-14T01:02:49+00:00,api/error,2.57,1,1,SYSTEM_ERROR
2026-03-14T01:02:49+00:00,api/normal,1.51,0,1,none
2026-03-14T01:02:49+00:00,api/normal,0.71,0,1,none
2026-03-14T01:02:49+00:00,api/normal,0.83,0,1,none
2026-03-14T01:02:49+00:00,api/normal,1.46,0,1,none
2026-03-14T01:02:49+00:00,api/normal,1.26,0,1,none
2026-03-14T01:02:49+00:00,api/validate,6.64,1,1,UNKNOWN
2026-03-14T01:02:50+00:00,api/slow,1451.09,0,1,none
2026-03-14T01:02:51+00:00,api/normal,0.86,0,1,none
2026-03-14T01:02:51+00:00,api/normal,1.21,0,1,none
2026-03-14T01:02:56+00:00,api/slow,5010.58,0,1,TIMEOUT_ERROR
2026-03-14T01:02:57+00:00,api/slow,1541.99,0,1,none
2026-03-14T01:02:57+00:00,api/normal,1.35,0,1,none
2026-03-14T01:02:57+00:00,api/normal,1.58,0,1,none
2026-03-14T01:02:59+00:00,api/slow,1853.65,0,1,none
2026-03-14T01:02:59+00:00,api/normal,3.78,0,1,none
2026-03-14T01:02:59+00:00,api/normal,0.86,0,1,none
2026-03-14T01:02:59+00:00,api/normal,0.99,0,1,none
2026-03-14T01:02:59+00:00,api/normal,1.93,0,1,none
2026-03-14T01:03:00+00:00,api/slow,1058.01,0,1,none
2026-03-14T01:03:00+00:00,api/normal,0.59,0,1,none
2026-03-14T01:03:00+00:00,api/normal,1.14,0,1,none
2026-03-14T01:03:00+00:00,api/normal,0.83,0,1,none
2026-03-14T01:03:00+00:00,api/normal,2.6,0,1,none
2026-03-14T01:03:02+00:00,api/slow,1188.84,0,1,none
2026-03-14T01:03:03+00:00,api/slow,1835.99,0,1,none
2026-03-14T01:03:04+00:00,api/error,3.22,1,1,SYSTEM_ERROR
2026-03-14T01:03:04+00:00,api/normal,2.09,0,1,none
2026-03-14T01:03:04+00:00,api/normal,1.86,0,1,none
2026-03-14T01:03:04+00:00,api/normal,1.42,0,1,none
2026-03-14T01:03:04+00:00,api/normal,0.85,0,1,none
2026-03-14T01:03:04+00:00,api/normal,0.8,0,1,none
2026-03-14T01:03:04+00:00,api/error,2.64,1,1,SYSTEM_ERROR
2026-03-14T01:03:04+00:00,api/normal,1.38,0,1,none
2026-03-14T01:03:04+00:00,api/normal,0.86,0,1,none
2026-03-14T01:03:04+00:00,api/normal,0.84,0,1,none
2026-03-14T01:03:04+00:00,api/normal,1.61,0,1,none
2026-03-14T01:03:04+00:00,api/normal,0.77,0,1,none
2026-03-14T01:03:10+00:00,api/slow,6004.73,0,1,TIMEOUT_ERROR
2026-03-14T01:03:10+00:00,api/normal,3.5,0,1,none
2026-03-14T01:03:10+00:00,api/normal,1.92,0,1,none
2026-03-14T01:03:10+00:00,api/error,3.69,1,1,SYSTEM_ERROR
2026-03-14T01:03:10+00:00,api/db,5.14,0,1,none
2026-03-14T01:03:11+00:00,api/slow,1053.42,0,1,none
2026-03-14T01:03:11+00:00,api/db,7.62,0,1,none
2026-03-14T01:03:11+00:00,api/normal,3.72,0,1,none
2026-03-14T01:03:13+00:00,api/slow,1479.85,0,1,none
2026-03-14T01:03:13+00:00,api/normal,3.09,0,1,none
2026-03-14T01:03:14+00:00,api/slow,1129.12,0,1,none
2026-03-14T01:03:14+00:00,api/normal,1.6,0,1,none
2026-03-14T01:03:14+00:00,api/validate,2.86,1,1,UNKNOWN
2026-03-14T01:03:15+00:00,api/slow,1223.03,0,1,none
2026-03-14T01:03:15+00:00,api/normal,1.99,0,1,none
2026-03-14T01:03:15+00:00,api/normal,1.67,0,1,none
2026-03-14T01:03:17+00:00,api/slow,1986.95,0,1,none
2026-03-14T01:03:18+00:00,api/slow,1141.29,0,1,none
2026-03-14T01:03:20+00:00,api/slow,1344.73,0,1,none
2026-03-14T01:03:20+00:00,api/normal,2.7,0,1,none
2026-03-14T01:03:20+00:00,api/normal,1.74,0,1,none
2026-03-14T01:03:20+00:00,api/normal,1.32,0,1,none
2026-03-14T01:03:20+00:00,api/normal,1.21,0,1,none
2026-03-14T01:03:20+00:00,api/normal,1.06,0,1,none
2026-03-14T01:03:20+00:00,api/normal,0.89,0,1,none
2026-03-14T01:03:20+00:00,api/normal,1.32,0,1,none
2026-03-14T01:03:20+00:00,api/normal,0.96,0,1,none
2026-03-14T01:03:20+00:00,api/normal,0.89,0,1,none
2026-03-14T01:03:20+00:00,api/normal,1.39,0,1,none
2026-03-14T01:03:20+00:00,api/validate,5.48,1,1,UNKNOWN
2026-03-14T01:03:20+00:00,api/normal,0.97,0,1,none
2026-03-14T01:03:22+00:00,api/slow,1805.29,0,1,none
2026-03-14T01:03:22+00:00,api/normal,1.83,0,1,none
2026-03-14T01:03:22+00:00,api/normal,3.78,0,1,none
2026-03-14T01:03:22+00:00,api/normal,4.29,0,1,none
2026-03-14T01:03:23+00:00,api/slow,1112.6,0,1,none
2026-03-14T01:03:23+00:00,api/normal,2.69,0,1,none
2026-03-14T01:03:24+00:00,api/slow,1029.92,0,1,none
2026-03-14T01:03:24+00:00,api/normal,1.83,0,1,none
2026-03-14T01:03:24+00:00,api/normal,0.62,0,1,none
2026-03-14T01:03:24+00:00,api/normal,1,0,1,none
2026-03-14T01:03:24+00:00,api/normal,0.75,0,1,none
2026-03-14T01:03:26+00:00,api/slow,1269.26,0,1,none
2026-03-14T01:03:26+00:00,api/normal,1.85,0,1,none
2026-03-14T01:03:26+00:00,api/normal,0.68,0,1,none
2026-03-14T01:03:28+00:00,api/slow,1751.87,0,1,none
2026-03-14T01:03:29+00:00,api/slow,1208.41,0,1,none
2026-03-14T01:03:29+00:00,api/normal,1.71,0,1,none
2026-03-14T01:03:29+00:00,api/normal,2.47,0,1,none
2026-03-14T01:03:29+00:00,api/normal,1.35,0,1,none
2026-03-14T01:03:29+00:00,api/normal,2.23,0,1,none
2026-03-14T01:03:29+00:00,api/normal,1.1,0,1,none
2026-03-14T01:03:29+00:00,api/normal,1.13,0,1,none
2026-03-14T01:03:29+00:00,api/normal,0.97,0,1,none
2026-03-14T01:03:29+00:00,api/normal,1.11,0,1,none
2026-03-14T01:03:35+00:00,api/slow,6017.34,0,1,TIMEOUT_ERROR
2026-03-14T01:03:36+00:00,api/slow,1080.07,0,1,none
2026-03-14T01:03:36+00:00,api/normal,1.19,0,1,none
2026-03-14T01:03:36+00:00,api/validate,2.21,1,1,UNKNOWN
2026-03-14T01:03:36+00:00,api/normal,0.79,0,1,none
2026-03-14T01:03:36+00:00,api/normal,2.12,0,1,none
2026-03-14T01:03:36+00:00,api/normal,1.61,0,1,none
2026-03-14T01:03:37+00:00,api/normal,0.81,0,1,none
2026-03-14T01:03:37+00:00,api/normal,0.68,0,1,none
2026-03-14T01:03:37+00:00,api/normal,1.08,0,1,none
2026-03-14T01:03:37+00:00,api/normal,0.94,0,1,none
2026-03-14T01:03:37+00:00,api/normal,1.98,0,1,none
2026-03-14T01:03:38+00:00,api/slow,1648.24,0,1,none
2026-03-14T01:03:38+00:00,api/normal,1.62,0,1,none
2026-03-14T01:03:38+00:00,api/normal,1.57,0,1,none
2026-03-14T01:03:40+00:00,api/slow,1342.41,0,1,none
2026-03-14T01:03:40+00:00,api/normal,0.85,0,1,none
2026-03-14T01:03:40+00:00,api/normal,0.91,0,1,none
2026-03-14T01:03:40+00:00,api/normal,1.61,0,1,none
2026-03-14T01:03:40+00:00,api/validate,3.39,1,1,UNKNOWN
2026-03-14T01:03:40+00:00,api/error,2.5,1,1,SYSTEM_ERROR
2026-03-14T01:03:40+00:00,api/normal,2.12,0,1,none
2026-03-14T01:03:40+00:00,api/normal,1.46,0,1,none
2026-03-14T01:03:42+00:00,api/slow,1850.19,0,1,none
2026-03-14T01:03:42+00:00,api/normal,2.7,0,1,none
2026-03-14T01:03:42+00:00,api/error,2,1,1,SYSTEM_ERROR
2026-03-14T01:03:42+00:00,api/normal,0.78,0,1,none
2026-03-14T01:03:48+00:00,api/slow,6015.16,0,1,TIMEOUT_ERROR
2026-03-14T01:03:50+00:00,api/slow,1782.45,0,1,none
2026-03-14T01:03:50+00:00,api/normal,1.05,0,1,none
2026-03-14T01:03:50+00:00,api/normal,1.51,0,1,none
2026-03-14T01:03:50+00:00,api/normal,1.44,0,1,none
2026-03-14T01:03:50+00:00,api/normal,0.91,0,1,none
2026-03-14T01:03:50+00:00,api/normal,1.35,0,1,none
2026-03-14T01:03:51+00:00,api/slow,1365.72,0,1,none
2026-03-14T01:03:51+00:00,api/normal,1.95,0,1,none
2026-03-14T01:03:51+00:00,api/db,5.12,0,1,none
2026-03-14T01:03:53+00:00,api/slow,1784.71,0,1,none
2026-03-14T01:03:53+00:00,api/normal,0.74,0,1,none
2026-03-14T01:03:53+00:00,api/normal,1.43,0,1,none
2026-03-14T01:03:53+00:00,api/normal,0.85,0,1,none
2026-03-14T01:03:53+00:00,api/normal,1.45,0,1,none
2026-03-14T01:03:53+00:00,api/normal,1.89,0,1,none
2026-03-14T01:03:53+00:00,api/normal,1.51,0,1,none
2026-03-14T01:03:55+00:00,api/slow,1093.68,0,1,none
2026-03-14T01:03:55+00:00,api/normal,2.56,0,1,none
2026-03-14T01:03:55+00:00,api/normal,0.84,0,1,none
2026-03-14T01:03:55+00:00,api/normal,0.6,0,1,none
2026-03-14T01:03:55+00:00,api/normal,0.59,0,1,none
2026-03-14T01:03:55+00:00,api/normal,0.96,0,1,none
2026-03-14T01:03:55+00:00,api/normal,0.82,0,1,none
2026-03-14T01:03:55+00:00,api/normal,1.29,0,1,none
2026-03-14T01:03:56+00:00,api/slow,1490.86,0,1,none
2026-03-14T01:03:56+00:00,api/normal,1.21,0,1,none
2026-03-14T01:03:56+00:00,api/normal,1.52,0,1,none
2026-03-14T01:03:56+00:00,api/normal,1.16,0,1,none
2026-03-14T01:04:01+00:00,api/slow,5015.9,0,1,TIMEOUT_ERROR
2026-03-14T01:04:01+00:00,api/normal,2.49,0,1,none
2026-03-14T01:04:01+00:00,api/normal,1.24,0,1,none
2026-03-14T01:04:02+00:00,api/normal,1.13,0,1,none
2026-03-14T01:04:02+00:00,api/normal,0.93,0,1,none
2026-03-14T01:04:03+00:00,api/slow,1753.39,0,1,none
2026-03-14T01:04:10+00:00,api/slow,7008.95,0,1,TIMEOUT_ERROR
2026-03-14T01:04:10+00:00,api/normal,2.02,0,1,none
2026-03-14T01:04:17+00:00,api/slow,7006.1,0,1,TIMEOUT_ERROR
2026-03-14T01:04:17+00:00,api/normal,4.55,0,1,none
2026-03-14T01:04:18+00:00,api/normal,0.68,0,1,none
2026-03-14T01:04:18+00:00,api/normal,1.03,0,1,none
2026-03-14T01:04:18+00:00,api/normal,1.47,0,1,none
2026-03-14T01:04:18+00:00,api/normal,2.04,0,1,none
2026-03-14T01:04:18+00:00,api/normal,1.59,0,1,none
2026-03-14T01:04:18+00:00,api/normal,0.66,0,1,none
2026-03-14T01:04:18+00:00,api/error,5.08,1,1,SYSTEM_ERROR
2026-03-14T01:04:18+00:00,api/normal,1.22,0,1,none
2026-03-14T01:04:19+00:00,api/slow,1318.58,0,1,none
2026-03-14T01:04:19+00:00,api/normal,1.04,0,1,none
2026-03-14T01:04:19+00:00,api/normal,2.17,0,1,none
2026-03-14T01:04:19+00:00,api/normal,4.39,0,1,none
2026-03-14T01:04:19+00:00,api/normal,2.16,0,1,none
2026-03-14T01:04:19+00:00,api/normal,1.38,0,1,none
2026-03-14T01:04:19+00:00,api/normal,1.2,0,1,none
2026-03-14T01:04:19+00:00,api/normal,1.02,0,1,none
2026-03-14T01:04:19+00:00,api/normal,2.56,0,1,none
2026-03-14T01:04:19+00:00,api/normal,1.23,0,1,none
2026-03-14T01:04:19+00:00,api/normal,1.14,0,1,none
2026-03-14T01:04:26+00:00,api/slow,7004.37,0,1,TIMEOUT_ERROR
2026-03-14T01:04:26+00:00,api/normal,1.42,0,1,none
2026-03-14T01:04:27+00:00,api/error,2.09,1,1,SYSTEM_ERROR
2026-03-14T01:04:27+00:00,api/normal,1.22,0,1,none
2026-03-14T01:04:27+00:00,api/normal,0.93,0,1,none
2026-03-14T01:04:28+00:00,api/slow,1198.35,0,1,none
2026-03-14T01:04:28+00:00,api/validate,2.86,1,1,UNKNOWN
2026-03-14T01:04:28+00:00,api/normal,0.96,0,1,none
2026-03-14T01:04:28+00:00,api/normal,1.43,0,1,none
2026-03-14T01:04:28+00:00,api/normal,1,0,1,none
2026-03-14T01:04:28+00:00,api/normal,1.03,0,1,none
2026-03-14T01:04:28+00:00,api/normal,1.1,0,1,none
2026-03-14T01:04:28+00:00,api/normal,1.19,0,1,none
2026-03-14T01:04:30+00:00,api/slow,1814.01,0,1,none
2026-03-14T01:04:30+00:00,api/normal,2.38,0,1,none
2026-03-14T01:04:31+00:00,api/slow,1296.73,0,1,none
2026-03-14T01:04:31+00:00,api/normal,3.92,0,1,none
2026-03-14T01:04:31+00:00,api/error,5.96,1,1,SYSTEM_ERROR
2026-03-14T01:04:31+00:00,api/normal,1.22,0,1,none
2026-03-14T01:04:31+00:00,api/normal,1.08,0,1,none
2026-03-14T01:04:31+00:00,api/normal,1.4,0,1,none
2026-03-14T01:04:31+00:00,api/normal,1.07,0,1,none
2026-03-14T01:04:31+00:00,api/normal,2.31,0,1,none
2026-03-14T01:04:31+00:00,api/normal,0.92,0,1,none
2026-03-14T01:04:31+00:00,api/normal,0.97,0,1,none
2026-03-14T01:04:32+00:00,api/normal,0.86,0,1,none
2026-03-14T01:04:32+00:00,api/normal,1.61,0,1,none
2026-03-14T01:04:32+00:00,api/normal,0.92,0,1,none
2026-03-14T01:04:32+00:00,api/normal,0.98,0,1,none
2026-03-14T01:04:32+00:00,api/normal,1.55,0,1,none
2026-03-14T01:04:32+00:00,api/normal,1.03,0,1,none
2026-03-14T01:04:32+00:00,api/normal,0.66,0,1,none
2026-03-14T01:04:32+00:00,api/error,1.75,1,1,SYSTEM_ERROR
2026-03-14T01:04:33+00:00,api/slow,1034.55,0,1,none
2026-03-14T01:04:33+00:00,api/db,4.2,0,1,none
2026-03-14T01:04:33+00:00,api/error,4.14,1,1,SYSTEM_ERROR
2026-03-14T01:04:33+00:00,api/normal,1.65,0,1,none
2026-03-14T01:04:33+00:00,api/normal,1.04,0,1,none
2026-03-14T01:04:33+00:00,api/normal,0.84,0,1,none
2026-03-14T01:04:33+00:00,api/normal,0.68,0,1,none
2026-03-14T01:04:33+00:00,api/db,4.24,0,1,none
2026-03-14T01:04:33+00:00,api/normal,1.01,0,1,none
2026-03-14T01:04:33+00:00,api/normal,0.89,0,1,none
2026-03-14T01:04:33+00:00,api/db,3.23,0,1,none
2026-03-14T01:04:39+00:00,api/slow,6018.7,0,1,TIMEOUT_ERROR
2026-03-14T01:04:39+00:00,api/normal,6.49,0,1,none
2026-03-14T01:04:39+00:00,api/normal,1.01,0,1,none
2026-03-14T01:04:41+00:00,api/slow,1978.66,0,1,none
2026-03-14T01:04:41+00:00,api/normal,4.44,0,1,none
2026-03-14T01:04:42+00:00,api/slow,1023.2,0,1,none
2026-03-14T01:04:42+00:00,api/normal,1.01,0,1,none
2026-03-14T01:04:42+00:00,api/normal,1.37,0,1,none
2026-03-14T01:04:42+00:00,api/normal,1,0,1,none
2026-03-14T01:04:42+00:00,api/normal,1.87,0,1,none
2026-03-14T01:04:42+00:00,api/normal,1.28,0,1,none
2026-03-14T01:04:42+00:00,api/normal,1.07,0,1,none
2026-03-14T01:04:43+00:00,api/normal,0.88,0,1,none
2026-03-14T01:04:43+00:00,api/normal,0.86,0,1,none
2026-03-14T01:04:43+00:00,api/normal,1.1,0,1,none
2026-03-14T01:04:43+00:00,api/error,4.03,1,1,SYSTEM_ERROR
2026-03-14T01:04:43+00:00,api/normal,1.98,0,1,none
2026-03-14T01:04:43+00:00,api/normal,1.19,0,1,none
2026-03-14T01:04:43+00:00,api/normal,1.12,0,1,none
2026-03-14T01:04:43+00:00,api/normal,0.87,0,1,none
2026-03-14T01:04:43+00:00,api/error,2.66,1,1,SYSTEM_ERROR
2026-03-14T01:04:43+00:00,api/normal,0.65,0,1,none
2026-03-14T01:04:43+00:00,api/normal,0.86,0,1,none
2026-03-14T01:04:43+00:00,api/normal,0.98,0,1,none
2026-03-14T01:04:48+00:00,api/slow,5013.08,0,1,TIMEOUT_ERROR
2026-03-14T01:04:50+00:00,api/slow,1980.15,0,1,none
2026-03-14T01:04:50+00:00,api/normal,1.24,0,1,none
2026-03-14T01:04:51+00:00,api/slow,1328.33,0,1,none
2026-03-14T01:04:51+00:00,api/normal,1.61,0,1,none
2026-03-14T01:04:51+00:00,api/normal,0.89,0,1,none
2026-03-14T01:04:57+00:00,api/slow,6014.78,0,1,TIMEOUT_ERROR
2026-03-14T01:04:57+00:00,api/normal,1.7,0,1,none
2026-03-14T01:04:57+00:00,api/normal,0.93,0,1,none
2026-03-14T01:04:59+00:00,api/slow,1072.98,0,1,none
2026-03-14T01:04:59+00:00,api/normal,1.49,0,1,none
2026-03-14T01:04:59+00:00,api/normal,0.77,0,1,none
2026-03-14T01:04:59+00:00,api/normal,0.89,0,1,none
2026-03-14T01:04:59+00:00,api/db,5.16,0,1,none
2026-03-14T01:04:59+00:00,api/db,3.97,0,1,none
2026-03-14T01:04:59+00:00,api/normal,1.31,0,1,none
2026-03-14T01:04:59+00:00,api/normal,0.82,0,1,none
2026-03-14T01:05:01+00:00,api/slow,1966.14,0,1,none
2026-03-14T01:05:03+00:00,api/slow,1722.01,0,1,none
2026-03-14T01:05:04+00:00,api/slow,1845.33,0,1,none
2026-03-14T01:05:04+00:00,api/normal,1.6,0,1,none
2026-03-14T01:05:09+00:00,api/slow,5003.85,0,1,TIMEOUT_ERROR
2026-03-14T01:05:11+00:00,api/slow,1378.87,0,1,none
2026-03-14T01:05:11+00:00,api/normal,0.82,0,1,none
2026-03-14T01:05:11+00:00,api/normal,0.65,0,1,none
2026-03-14T01:05:11+00:00,api/normal,1.01,0,1,none
2026-03-14T01:05:11+00:00,api/normal,0.85,0,1,none
2026-03-14T01:05:11+00:00,api/error,2.35,1,1,SYSTEM_ERROR
2026-03-14T01:05:11+00:00,api/normal,0.67,0,1,none
2026-03-14T01:05:11+00:00,api/normal,0.8,0,1,none
2026-03-14T01:05:11+00:00,api/normal,0.92,0,1,none
2026-03-14T01:05:11+00:00,api/normal,0.71,0,1,none
2026-03-14T01:05:12+00:00,api/slow,1326.46,0,1,none
2026-03-14T01:05:12+00:00,api/normal,1.11,0,1,none
2026-03-14T01:05:12+00:00,api/normal,0.82,0,1,none
2026-03-14T01:05:14+00:00,api/slow,1475.43,0,1,none
2026-03-14T01:05:14+00:00,api/normal,0.98,0,1,none
2026-03-14T01:05:14+00:00,api/normal,1.37,0,1,none
2026-03-14T01:05:14+00:00,api/db,3.63,0,1,none
2026-03-14T01:05:14+00:00,api/normal,0.76,0,1,none
2026-03-14T01:05:16+00:00,api/slow,1669.65,0,1,none
2026-03-14T01:05:16+00:00,api/normal,1.58,0,1,none
2026-03-14T01:05:16+00:00,api/normal,0.84,0,1,none
2026-03-14T01:05:16+00:00,api/normal,0.9,0,1,none
2026-03-14T01:05:16+00:00,api/normal,0.96,0,1,none
2026-03-14T01:05:16+00:00,api/normal,0.88,0,1,none
2026-03-14T01:05:16+00:00,api/db,3.76,0,1,none
2026-03-14T01:05:16+00:00,api/normal,1.19,0,1,none
2026-03-14T01:05:16+00:00,api/normal,1.15,0,1,none
2026-03-14T01:05:16+00:00,api/normal,0.99,0,1,none
2026-03-14T01:05:18+00:00,api/slow,1624,0,1,none
2026-03-14T01:05:18+00:00,api/normal,1.02,0,1,none
2026-03-14T01:05:18+00:00,api/normal,1.15,0,1,none
2026-03-14T01:05:18+00:00,api/normal,1.37,0,1,none
2026-03-14T01:05:18+00:00,api/normal,1.31,0,1,none
2026-03-14T01:05:18+00:00,api/normal,0.94,0,1,none
2026-03-14T01:05:18+00:00,api/normal,0.92,0,1,none
2026-03-14T01:05:18+00:00,api/normal,1.2,0,1,none
2026-03-14T01:05:18+00:00,api/normal,0.84,0,1,none
2026-03-14T01:05:18+00:00,api/normal,0.99,0,1,none
2026-03-14T01:05:18+00:00,api/normal,1.01,0,1,none
2026-03-14T01:05:18+00:00,api/normal,0.88,0,1,none
2026-03-14T01:05:19+00:00,api/slow,1599.7,0,1,none
2026-03-14T01:05:19+00:00,api/normal,1.72,0,1,none
2026-03-14T01:05:19+00:00,api/normal,0.59,0,1,none
2026-03-14T01:05:19+00:00,api/normal,0.66,0,1,none
2026-03-14T01:05:19+00:00,api/normal,0.6,0,1,none
2026-03-14T01:05:20+00:00,api/normal,3.14,0,1,none
2026-03-14T01:05:20+00:00,api/normal,2.21,0,1,none
2026-03-14T01:05:20+00:00,api/validate,3.3,1,1,UNKNOWN
2026-03-14T01:05:20+00:00,api/normal,1.1,0,1,none
2026-03-14T01:05:20+00:00,api/normal,0.82,0,1,none
2026-03-14T01:05:20+00:00,api/db,3.61,0,1,none
2026-03-14T01:05:26+00:00,api/slow,6003.02,0,1,TIMEOUT_ERROR
2026-03-14T01:05:26+00:00,api/db,3.98,0,1,none
2026-03-14T01:05:26+00:00,api/normal,0.85,0,1,none
2026-03-14T01:05:26+00:00,api/validate,2.81,1,1,UNKNOWN
2026-03-14T01:05:27+00:00,api/slow,1427.75,0,1,none
2026-03-14T01:05:27+00:00,api/normal,0.92,0,1,none
2026-03-14T01:05:27+00:00,api/db,23.52,0,1,none
2026-03-14T01:05:27+00:00,api/normal,1.04,0,1,none
2026-03-14T01:05:27+00:00,api/normal,1.11,0,1,none
2026-03-14T01:05:27+00:00,api/normal,1.35,0,1,none
2026-03-14T01:05:29+00:00,api/slow,1220.26,0,1,none
2026-03-14T01:05:29+00:00,api/normal,1.26,0,1,none
2026-03-14T01:05:30+00:00,api/slow,1317.89,0,1,none
2026-03-14T01:05:36+00:00,api/slow,6006.47,0,1,TIMEOUT_ERROR
2026-03-14T01:05:36+00:00,api/normal,2.04,0,1,none
2026-03-14T01:05:37+00:00,api/slow,1239.1,0,1,none
2026-03-14T01:05:37+00:00,api/normal,0.97,0,1,none
2026-03-14T01:05:37+00:00,api/normal,1.04,0,1,none
2026-03-14T01:05:39+00:00,api/slow,1421.29,0,1,none
2026-03-14T01:05:39+00:00,api/normal,1.28,0,1,none
2026-03-14T01:05:39+00:00,api/normal,0.79,0,1,none
2026-03-14T01:05:45+00:00,api/slow,6007.41,0,1,TIMEOUT_ERROR
2026-03-14T01:05:45+00:00,api/error,3.22,1,1,SYSTEM_ERROR
2026-03-14T01:05:52+00:00,api/slow,7002,0,1,TIMEOUT_ERROR
2026-03-14T01:05:52+00:00,api/db,5.03,0,1,none
2026-03-14T01:05:52+00:00,api/normal,0.78,0,1,none
2026-03-14T01:05:52+00:00,api/normal,0.86,0,1,none
2026-03-14T01:05:52+00:00,api/normal,1.04,0,1,none
2026-03-14T01:05:52+00:00,api/normal,0.89,0,1,none
2026-03-14T01:05:52+00:00,api/normal,0.77,0,1,none
2026-03-14T01:05:53+00:00,api/slow,1103.54,0,1,none
2026-03-14T01:05:53+00:00,api/normal,1.3,0,1,none
2026-03-14T01:05:53+00:00,api/normal,1.04,0,1,none
2026-03-14T01:05:53+00:00,api/normal,0.89,0,1,none
2026-03-14T01:05:53+00:00,api/normal,1.1,0,1,none
2026-03-14T01:05:53+00:00,api/normal,1.05,0,1,none
2026-03-14T01:05:53+00:00,api/normal,0.79,0,1,none
2026-03-14T01:05:53+00:00,api/normal,0.95,0,1,none
2026-03-14T01:05:53+00:00,api/normal,1.23,0,1,none
2026-03-14T01:05:53+00:00,api/normal,1.05,0,1,none
2026-03-14T01:05:53+00:00,api/normal,1.25,0,1,none
2026-03-14T01:05:53+00:00,api/normal,1.27,0,1,none
2026-03-14T01:05:53+00:00,api/normal,1.03,0,1,none
2026-03-14T01:05:54+00:00,api/normal,0.95,0,1,none
2026-03-14T01:05:54+00:00,api/normal,1.24,0,1,none
2026-03-14T01:05:54+00:00,api/normal,1.3,0,1,none
2026-03-14T01:05:54+00:00,api/normal,2,0,1,none
2026-03-14T01:05:54+00:00,api/normal,2.13,0,1,none
2026-03-14T01:05:54+00:00,api/normal,1,0,1,none
2026-03-14T01:05:54+00:00,api/normal,1.27,0,1,none
2026-03-14T01:05:54+00:00,api/normal,1.1,0,1,none
2026-03-14T01:05:54+00:00,api/normal,1.21,0,1,none
2026-03-14T01:05:56+00:00,api/slow,1856.19,0,1,none
2026-03-14T01:05:58+00:00,api/slow,1984.12,0,1,none
2026-03-14T01:05:59+00:00,api/slow,1626.67,0,1,none
2026-03-14T01:05:59+00:00,api/normal,1.54,0,1,none
2026-03-14T01:05:59+00:00,api/normal,1.04,0,1,none
2026-03-14T01:05:59+00:00,api/validate,2.98,1,1,UNKNOWN
2026-03-14T01:05:59+00:00,api/normal,1.02,0,1,none
2026-03-14T01:05:59+00:00,api/db,3.54,0,1,none
2026-03-14T01:05:59+00:00,api/normal,1.04,0,1,none
2026-03-14T01:06:00+00:00,api/validate,7.25,1,1,UNKNOWN
2026-03-14T01:06:00+00:00,api/normal,1.64,0,1,none
2026-03-14T01:06:00+00:00,api/normal,1.04,0,1,none
2026-03-14T01:06:00+00:00,api/normal,1.07,0,1,none
2026-03-14T01:06:00+00:00,api/normal,1.33,0,1,none
2026-03-14T01:06:00+00:00,api/normal,0.93,0,1,none
2026-03-14T01:06:00+00:00,api/db,3.63,0,1,none
2026-03-14T01:06:02+00:00,api/slow,1969.02,0,1,none
2026-03-14T01:06:02+00:00,api/normal,2.54,0,1,none
2026-03-14T01:06:03+00:00,api/slow,1054.33,0,1,none
2026-03-14T01:06:05+00:00,api/slow,1741.87,0,1,none
2026-03-14T01:06:05+00:00,api/normal,1.64,0,1,none
2026-03-14T01:06:05+00:00,api/error,2.49,1,1,SYSTEM_ERROR
2026-03-14T01:06:05+00:00,api/normal,0.97,0,1,none
2026-03-14T01:06:05+00:00,api/normal,1.01,0,1,none
2026-03-14T01:06:05+00:00,api/normal,0.84,0,1,none
2026-03-14T01:06:06+00:00,api/slow,1705.56,0,1,none
2026-03-14T01:06:06+00:00,api/normal,0.8,0,1,none
2026-03-14T01:06:08+00:00,api/slow,1289.98,0,1,none
2026-03-14T01:06:08+00:00,api/normal,1.74,0,1,none
2026-03-14T01:06:08+00:00,api/normal,1.08,0,1,none
2026-03-14T01:06:08+00:00,api/normal,0.88,0,1,none
2026-03-14T01:06:08+00:00,api/normal,1.08,0,1,none
2026-03-14T01:06:08+00:00,api/normal,1.53,0,1,none
2026-03-14T01:06:09+00:00,api/slow,1265.75,0,1,none
2026-03-14T01:06:09+00:00,api/db,7.49,0,1,none
2026-03-14T01:06:09+00:00,api/normal,2.7,0,1,none
2026-03-14T01:06:11+00:00,api/slow,1341.74,0,1,none
2026-03-14T01:06:17+00:00,api/slow,6004.7,0,1,TIMEOUT_ERROR
2026-03-14T01:06:17+00:00,api/normal,2.1,0,1,none
2026-03-14T01:06:17+00:00,api/normal,0.87,0,1,none
2026-03-14T01:06:17+00:00,api/normal,0.91,0,1,none
2026-03-14T01:06:17+00:00,api/normal,1.12,0,1,none
2026-03-14T01:06:17+00:00,api/normal,0.75,0,1,none
2026-03-14T01:06:17+00:00,api/normal,1.1,0,1,none
2026-03-14T01:06:18+00:00,api/slow,1271.8,0,1,none
2026-03-14T01:06:18+00:00,api/error,2.85,1,1,SYSTEM_ERROR
2026-03-14T01:06:18+00:00,api/validate,2.85,1,1,UNKNOWN
2026-03-14T01:06:18+00:00,api/normal,1.51,0,1,none
2026-03-14T01:06:23+00:00,api/slow,5015.63,0,1,TIMEOUT_ERROR
2026-03-14T01:06:23+00:00,api/normal,5.11,0,1,none
2026-03-14T01:06:23+00:00,api/normal,1.12,0,1,none
2026-03-14T01:06:23+00:00,api/normal,0.84,0,1,none
2026-03-14T01:06:25+00:00,api/slow,1740.25,0,1,none
2026-03-14T01:06:27+00:00,api/slow,1879.94,0,1,none
2026-03-14T01:06:27+00:00,api/normal,2.88,0,1,none
2026-03-14T01:06:27+00:00,api/normal,0.85,0,1,none
2026-03-14T01:06:27+00:00,api/normal,2.18,0,1,none
2026-03-14T01:06:27+00:00,api/normal,0.95,0,1,none
2026-03-14T01:06:29+00:00,api/slow,1425.69,0,1,none
2026-03-14T01:06:31+00:00,api/slow,1880.14,0,1,none
2026-03-14T01:06:31+00:00,api/error,5.63,1,1,SYSTEM_ERROR
2026-03-14T01:06:31+00:00,api/normal,1.21,0,1,none
2026-03-14T01:06:31+00:00,api/normal,0.95,0,1,none
2026-03-14T01:06:31+00:00,api/normal,1.01,0,1,none
2026-03-14T01:06:31+00:00,api/normal,2.17,0,1,none
2026-03-14T01:06:31+00:00,api/normal,2.11,0,1,none
2026-03-14T01:06:31+00:00,api/normal,0.61,0,1,none
2026-03-14T01:06:31+00:00,api/normal,1.07,0,1,none
2026-03-14T01:06:31+00:00,api/normal,1.15,0,1,none
2026-03-14T01:06:33+00:00,api/slow,1894.79,0,1,none
2026-03-14T01:06:34+00:00,api/slow,1657.86,0,1,none
2026-03-14T01:06:34+00:00,api/normal,2.83,0,1,none
2026-03-14T01:06:34+00:00,api/normal,0.69,0,1,none
2026-03-14T01:06:34+00:00,api/db,4.61,0,1,none
2026-03-14T01:06:35+00:00,api/normal,0.89,0,1,none
2026-03-14T01:06:35+00:00,api/normal,0.88,0,1,none
2026-03-14T01:06:35+00:00,api/normal,0.86,0,1,none
2026-03-14T01:06:35+00:00,api/normal,2.11,0,1,none
2026-03-14T01:06:35+00:00,api/normal,1.48,0,1,none
2026-03-14T01:06:37+00:00,api/slow,1877.81,0,1,none
2026-03-14T01:06:38+00:00,api/slow,1256.17,0,1,none
2026-03-14T01:06:38+00:00,api/normal,0.96,0,1,none
2026-03-14T01:06:38+00:00,api/normal,1.5,0,1,none
2026-03-14T01:06:40+00:00,api/slow,1737.83,0,1,none
2026-03-14T01:06:40+00:00,api/normal,3.11,0,1,none
2026-03-14T01:06:40+00:00,api/normal,1.42,0,1,none
2026-03-14T01:06:45+00:00,api/slow,5010.29,0,1,TIMEOUT_ERROR
2026-03-14T01:06:47+00:00,api/slow,1928.24,0,1,none
2026-03-14T01:06:48+00:00,api/slow,1046.09,0,1,none
2026-03-14T01:06:48+00:00,api/normal,1.47,0,1,none
2026-03-14T01:06:48+00:00,api/normal,0.83,0,1,none
2026-03-14T01:06:49+00:00,api/slow,1103.23,0,1,none
2026-03-14T01:06:49+00:00,api/normal,0.78,0,1,none
2026-03-14T01:06:49+00:00,api/normal,1.17,0,1,none
2026-03-14T01:06:56+00:00,api/slow,7002.55,0,1,TIMEOUT_ERROR
2026-03-14T01:06:56+00:00,api/normal,1.41,0,1,none
2026-03-14T01:06:56+00:00,api/error,2.4,1,1,SYSTEM_ERROR
2026-03-14T01:06:56+00:00,api/normal,0.88,0,1,none
2026-03-14T01:06:56+00:00,api/normal,2.52,0,1,none
2026-03-14T01:06:58+00:00,api/slow,1560.77,0,1,none
2026-03-14T01:06:58+00:00,api/normal,0.68,0,1,none
2026-03-14T01:06:58+00:00,api/normal,0.96,0,1,none
2026-03-14T01:06:58+00:00,api/normal,1.01,0,1,none
2026-03-14T01:06:58+00:00,api/normal,0.87,0,1,none
2026-03-14T01:06:58+00:00,api/error,1.67,1,1,SYSTEM_ERROR
2026-03-14T01:07:03+00:00,api/slow,5014.65,0,1,TIMEOUT_ERROR
2026-03-14T01:07:03+00:00,api/normal,2.25,0,1,none
2026-03-14T01:07:05+00:00,api/slow,1587.4,0,1,none
2026-03-14T01:07:05+00:00,api/normal,0.92,0,1,none
2026-03-14T01:07:05+00:00,api/normal,0.66,0,1,none
2026-03-14T01:07:05+00:00,api/normal,0.9,0,1,none
2026-03-14T01:07:06+00:00,api/slow,1306.15,0,1,none
2026-03-14T01:07:06+00:00,api/error,4.75,1,1,SYSTEM_ERROR
2026-03-14T01:07:06+00:00,api/normal,0.69,0,1,none
2026-03-14T01:07:06+00:00,api/normal,0.84,0,1,none
2026-03-14T01:07:06+00:00,api/error,1.6,1,1,SYSTEM_ERROR
2026-03-14T01:07:06+00:00,api/normal,1.13,0,1,none
2026-03-14T01:07:06+00:00,api/normal,1.72,0,1,none
2026-03-14T01:07:06+00:00,api/normal,0.77,0,1,none
2026-03-14T01:07:06+00:00,api/normal,0.83,0,1,none
2026-03-14T01:07:06+00:00,api/normal,1.25,0,1,none
2026-03-14T01:07:06+00:00,api/error,3.23,1,1,SYSTEM_ERROR
2026-03-14T01:07:06+00:00,api/normal,1.17,0,1,none
2026-03-14T01:07:06+00:00,api/normal,1.27,0,1,none
2026-03-14T01:07:06+00:00,api/normal,1.16,0,1,none
2026-03-14T01:07:11+00:00,api/slow,5022.45,0,1,TIMEOUT_ERROR
2026-03-14T01:07:12+00:00,api/normal,1.79,0,1,none
2026-03-14T01:07:12+00:00,api/normal,2.42,0,1,none
2026-03-14T01:07:12+00:00,api/db,3.31,0,1,none
2026-03-14T01:07:12+00:00,api/normal,0.94,0,1,none
2026-03-14T01:07:13+00:00,api/slow,1080.36,0,1,none
2026-03-14T01:07:14+00:00,api/slow,1332.16,0,1,none
2026-03-14T01:07:14+00:00,api/normal,1.44,0,1,none
2026-03-14T01:07:14+00:00,api/normal,1.71,0,1,none
2026-03-14T01:07:14+00:00,api/normal,0.92,0,1,none
2026-03-14T01:07:16+00:00,api/slow,1340.38,0,1,none
2026-03-14T01:07:16+00:00,api/normal,1.75,0,1,none
2026-03-14T01:07:16+00:00,api/normal,0.84,0,1,none
2026-03-14T01:07:16+00:00,api/normal,0.82,0,1,none
2026-03-14T01:07:16+00:00,api/normal,1.02,0,1,none
2026-03-14T01:07:18+00:00,api/slow,1921.43,0,1,none
2026-03-14T01:07:19+00:00,api/slow,1306.69,0,1,none
2026-03-14T01:07:19+00:00,api/normal,0.73,0,1,none
2026-03-14T01:07:19+00:00,api/normal,1.06,0,1,none
2026-03-14T01:07:19+00:00,api/normal,1,0,1,none
2026-03-14T01:07:19+00:00,api/normal,2.76,0,1,none
2026-03-14T01:07:19+00:00,api/validate,7.89,1,1,UNKNOWN
2026-03-14T01:07:19+00:00,api/normal,1.08,0,1,none
2026-03-14T01:07:19+00:00,api/normal,1.25,0,1,none
2026-03-14T01:07:19+00:00,api/db,10.58,0,1,none
2026-03-14T01:07:19+00:00,api/normal,1.04,0,1,none
2026-03-14T01:07:19+00:00,api/normal,2.77,0,1,none
2026-03-14T01:07:19+00:00,api/normal,4.65,0,1,none
2026-03-14T01:07:20+00:00,api/normal,2.6,0,1,none
2026-03-14T01:07:20+00:00,api/normal,1.34,0,1,none
2026-03-14T01:07:22+00:00,api/slow,1987.49,0,1,none
2026-03-14T01:07:22+00:00,api/normal,1.65,0,1,none
2026-03-14T01:07:22+00:00,api/normal,0.91,0,1,none
2026-03-14T01:07:22+00:00,api/normal,0.89,0,1,none
2026-03-14T01:07:22+00:00,api/normal,1.63,0,1,none
2026-03-14T01:07:24+00:00,api/slow,1863.53,0,1,none
2026-03-14T01:07:24+00:00,api/normal,0.92,0,1,none
2026-03-14T01:07:30+00:00,api/slow,6016.31,0,1,TIMEOUT_ERROR
2026-03-14T01:07:30+00:00,api/normal,2.23,0,1,none
2026-03-14T01:07:30+00:00,api/normal,1.61,0,1,none
2026-03-14T01:07:32+00:00,api/slow,1858.15,0,1,none
2026-03-14T01:07:32+00:00,api/normal,0.94,0,1,none
2026-03-14T01:07:34+00:00,api/slow,1756.13,0,1,none
2026-03-14T01:07:34+00:00,api/normal,3.18,0,1,none
2026-03-14T01:07:34+00:00,api/normal,0.98,0,1,none
2026-03-14T01:07:35+00:00,api/slow,1609.55,0,1,none
2026-03-14T01:07:42+00:00,api/slow,7017.02,0,1,TIMEOUT_ERROR
2026-03-14T01:07:42+00:00,api/normal,1.76,0,1,none
2026-03-14T01:07:42+00:00,api/normal,0.72,0,1,none
2026-03-14T01:07:42+00:00,api/normal,0.93,0,1,none
2026-03-14T01:07:43+00:00,api/normal,0.69,0,1,none
2026-03-14T01:07:44+00:00,api/slow,1537.83,0,1,none
2026-03-14T01:07:44+00:00,api/normal,1.6,0,1,none
2026-03-14T01:07:51+00:00,api/slow,7002.99,0,1,TIMEOUT_ERROR
2026-03-14T01:07:51+00:00,api/normal,2.84,0,1,none
2026-03-14T01:07:53+00:00,api/slow,1878.72,0,1,none
2026-03-14T01:07:53+00:00,api/normal,0.95,0,1,none
2026-03-14T01:07:53+00:00,api/normal,1.06,0,1,none
2026-03-14T01:07:53+00:00,api/normal,1.21,0,1,none
2026-03-14T01:07:54+00:00,api/slow,1062.43,0,1,none
2026-03-14T01:07:56+00:00,api/slow,1418.72,0,1,none
2026-03-14T01:07:57+00:00,api/slow,1061.27,0,1,none
2026-03-14T01:07:57+00:00,api/normal,1.95,0,1,none
2026-03-14T01:07:57+00:00,api/normal,1.41,0,1,none
2026-03-14T01:07:58+00:00,api/slow,1185.5,0,1,none
2026-03-14T01:07:58+00:00,api/normal,0.71,0,1,none
2026-03-14T01:07:59+00:00,api/slow,1267.59,0,1,none
2026-03-14T01:07:59+00:00,api/validate,2.22,1,1,UNKNOWN
2026-03-14T01:08:00+00:00,api/normal,2.83,0,1,none
2026-03-14T01:08:00+00:00,api/normal,1.67,0,1,none
2026-03-14T01:08:02+00:00,api/slow,1933.53,0,1,none
2026-03-14T01:08:02+00:00,api/normal,2.7,0,1,none
2026-03-14T01:08:02+00:00,api/normal,1.24,0,1,none
2026-03-14T01:08:02+00:00,api/error,2.23,1,1,SYSTEM_ERROR
2026-03-14T01:08:02+00:00,api/normal,1.8,0,1,none
2026-03-14T01:08:02+00:00,api/normal,1.08,0,1,none
2026-03-14T01:08:02+00:00,api/normal,3.65,0,1,none
2026-03-14T01:08:04+00:00,api/slow,1728.14,0,1,none
2026-03-14T01:08:04+00:00,api/normal,1.22,0,1,none
2026-03-14T01:08:10+00:00,api/slow,6010.89,0,1,TIMEOUT_ERROR
2026-03-14T01:08:10+00:00,api/normal,2.31,0,1,none
2026-03-14T01:08:10+00:00,api/normal,1.11,0,1,none
2026-03-14T01:08:10+00:00,api/normal,1.92,0,1,none
2026-03-14T01:08:10+00:00,api/normal,2.35,0,1,none
2026-03-14T01:08:10+00:00,api/error,2.61,1,1,SYSTEM_ERROR
2026-03-14T01:08:10+00:00,api/normal,1.55,0,1,none
2026-03-14T01:08:10+00:00,api/normal,2.71,0,1,none
2026-03-14T01:08:10+00:00,api/normal,2.52,0,1,none
2026-03-14T01:08:10+00:00,api/normal,2.39,0,1,none
2026-03-14T01:08:10+00:00,api/normal,2.16,0,1,none
2026-03-14T01:08:10+00:00,api/normal,0.81,0,1,none
2026-03-14T01:08:10+00:00,api/normal,1.86,0,1,none
2026-03-14T01:08:10+00:00,api/db,6.04,0,1,none
2026-03-14T01:08:10+00:00,api/error,4.88,1,1,SYSTEM_ERROR
2026-03-14T01:08:15+00:00,api/slow,5013.2,0,1,TIMEOUT_ERROR
2026-03-14T01:08:15+00:00,api/normal,1.65,0,1,none
2026-03-14T01:08:15+00:00,api/normal,0.96,0,1,none
2026-03-14T01:08:15+00:00,api/normal,0.87,0,1,none
2026-03-14T01:08:15+00:00,api/error,5.18,1,1,SYSTEM_ERROR
2026-03-14T01:08:15+00:00,api/normal,0.93,0,1,none
2026-03-14T01:08:17+00:00,api/slow,1425.61,0,1,none
2026-03-14T01:08:17+00:00,api/normal,0.89,0,1,none
2026-03-14T01:08:17+00:00,api/normal,1.42,0,1,none
2026-03-14T01:08:17+00:00,api/normal,1.18,0,1,none
2026-03-14T01:08:17+00:00,api/normal,0.71,0,1,none
2026-03-14T01:08:17+00:00,api/normal,1.78,0,1,none
2026-03-14T01:08:17+00:00,api/normal,0.69,0,1,none
2026-03-14T01:08:17+00:00,api/normal,2.14,0,1,none
2026-03-14T01:08:19+00:00,api/slow,1512.65,0,1,none
2026-03-14T01:08:19+00:00,api/normal,3.59,0,1,none
2026-03-14T01:08:19+00:00,api/validate,2.54,1,1,UNKNOWN
2026-03-14T01:08:19+00:00,api/normal,1.29,0,1,none
2026-03-14T01:08:26+00:00,api/slow,7004.37,0,1,TIMEOUT_ERROR
2026-03-14T01:08:26+00:00,api/normal,6.41,0,1,none
2026-03-14T01:08:26+00:00,api/normal,1.1,0,1,none
2026-03-14T01:08:26+00:00,api/db,5.29,0,1,none
2026-03-14T01:08:26+00:00,api/normal,1.5,0,1,none
2026-03-14T01:08:33+00:00,api/slow,7009.62,0,1,TIMEOUT_ERROR
2026-03-14T01:08:34+00:00,api/slow,1370.41,0,1,none
2026-03-14T01:08:34+00:00,api/normal,0.68,0,1,none
2026-03-14T01:08:34+00:00,api/normal,0.98,0,1,none
2026-03-14T01:08:34+00:00,api/normal,0.92,0,1,none
2026-03-14T01:08:34+00:00,api/normal,1.89,0,1,none
2026-03-14T01:08:34+00:00,api/normal,1.52,0,1,none
2026-03-14T01:08:36+00:00,api/slow,1227.69,0,1,none
2026-03-14T01:08:36+00:00,api/normal,1.42,0,1,none
2026-03-14T01:08:36+00:00,api/normal,2.32,0,1,none
2026-03-14T01:08:36+00:00,api/db,4.08,0,1,none
2026-03-14T01:08:36+00:00,api/normal,2.39,0,1,none
2026-03-14T01:08:36+00:00,api/normal,1.29,0,1,none
2026-03-14T01:08:41+00:00,api/slow,5016.32,0,1,TIMEOUT_ERROR
2026-03-14T01:08:41+00:00,api/normal,1.81,0,1,none
2026-03-14T01:08:41+00:00,api/normal,0.89,0,1,none
2026-03-14T01:08:41+00:00,api/error,7.93,1,1,SYSTEM_ERROR
2026-03-14T01:08:41+00:00,api/normal,1.11,0,1,none
2026-03-14T01:08:41+00:00,api/normal,2.5,0,1,none
2026-03-14T01:08:42+00:00,api/slow,1086.4,0,1,none
2026-03-14T01:08:42+00:00,api/normal,1.26,0,1,none
2026-03-14T01:08:42+00:00,api/normal,2.16,0,1,none
2026-03-14T01:08:42+00:00,api/normal,1,0,1,none
2026-03-14T01:08:42+00:00,api/normal,1.17,0,1,none
2026-03-14T01:08:42+00:00,api/normal,1.92,0,1,none
2026-03-14T01:08:42+00:00,api/normal,0.85,0,1,none
2026-03-14T01:08:42+00:00,api/normal,2.76,0,1,none
2026-03-14T01:08:42+00:00,api/normal,0.94,0,1,none
2026-03-14T01:08:44+00:00,api/slow,1269.43,0,1,none
2026-03-14T01:08:44+00:00,api/normal,2.48,0,1,none
2026-03-14T01:08:44+00:00,api/normal,0.7,0,1,none
2026-03-14T01:08:46+00:00,api/slow,1844.52,0,1,none
2026-03-14T01:08:46+00:00,api/normal,0.66,0,1,none
2026-03-14T01:08:46+00:00,api/normal,0.88,0,1,none
2026-03-14T01:08:46+00:00,api/normal,0.93,0,1,none
2026-03-14T01:08:46+00:00,api/normal,1.07,0,1,none
2026-03-14T01:08:46+00:00,api/normal,0.88,0,1,none
2026-03-14T01:08:46+00:00,api/normal,0.76,0,1,none
2026-03-14T01:08:46+00:00,api/normal,0.69,0,1,none
2026-03-14T01:08:46+00:00,api/normal,1.14,0,1,none
2026-03-14T01:08:46+00:00,api/normal,1.07,0,1,none
2026-03-14T01:08:47+00:00,api/slow,1309.67,0,1,none
2026-03-14T01:08:47+00:00,api/normal,1.46,0,1,none
2026-03-14T01:08:47+00:00,api/normal,1.07,0,1,none
2026-03-14T01:08:49+00:00,api/slow,1092.02,0,1,none
2026-03-14T01:08:49+00:00,api/normal,1.9,0,1,none
2026-03-14T01:08:49+00:00,api/normal,1.94,0,1,none
2026-03-14T01:08:49+00:00,api/normal,1.18,0,1,none
2026-03-14T01:08:49+00:00,api/normal,1.79,0,1,none
2026-03-14T01:08:49+00:00,api/normal,1.56,0,1,none
2026-03-14T01:08:49+00:00,api/normal,1.02,0,1,none
2026-03-14T01:08:49+00:00,api/normal,1.16,0,1,none
2026-03-14T01:08:49+00:00,api/error,2.81,1,1,SYSTEM_ERROR
2026-03-14T01:08:49+00:00,api/normal,1.14,0,1,none
2026-03-14T01:08:49+00:00,api/normal,0.91,0,1,none
2026-03-14T01:08:49+00:00,api/normal,1.37,0,1,none
2026-03-14T01:08:49+00:00,api/normal,1.28,0,1,none
2026-03-14T01:08:50+00:00,api/slow,1542.18,0,1,none
2026-03-14T01:08:50+00:00,api/normal,1.42,0,1,none
2026-03-14T01:08:50+00:00,api/normal,1.01,0,1,none
2026-03-14T01:08:51+00:00,api/db,3.99,0,1,none
2026-03-14T01:08:51+00:00,api/normal,0.74,0,1,none
2026-03-14T01:08:52+00:00,api/slow,1318.46,0,1,none
2026-03-14T01:08:53+00:00,api/slow,1426.26,0,1,none
2026-03-14T01:09:00+00:00,api/slow,7011.29,0,1,TIMEOUT_ERROR
2026-03-14T01:09:02+00:00,api/slow,1546.4,0,1,none
2026-03-14T01:09:02+00:00,api/normal,1.18,0,1,none
2026-03-14T01:09:02+00:00,api/error,3.57,1,1,SYSTEM_ERROR
2026-03-14T01:09:02+00:00,api/normal,1.01,0,1,none
2026-03-14T01:09:04+00:00,api/slow,1708.6,0,1,none
2026-03-14T01:09:04+00:00,api/normal,1.79,0,1,none
2026-03-14T01:09:04+00:00,api/normal,0.93,0,1,none
2026-03-14T01:09:06+00:00,api/slow,1646.91,0,1,none
2026-03-14T01:09:06+00:00,api/normal,0.81,0,1,none
2026-03-14T01:09:06+00:00,api/normal,1.68,0,1,none
2026-03-14T01:09:06+00:00,api/normal,0.78,0,1,none
2026-03-14T01:09:06+00:00,api/normal,0.58,0,1,none
2026-03-14T01:09:06+00:00,api/normal,1.56,0,1,none
2026-03-14T01:09:06+00:00,api/normal,1.94,0,1,none
2026-03-14T01:09:06+00:00,api/normal,1.17,0,1,none
2026-03-14T01:09:06+00:00,api/normal,0.86,0,1,none
2026-03-14T01:09:06+00:00,api/normal,1.13,0,1,none
2026-03-14T01:09:06+00:00,api/normal,2.97,0,1,none
2026-03-14T01:09:06+00:00,api/normal,0.78,0,1,none
2026-03-14T01:09:06+00:00,api/db,3.87,0,1,none
2026-03-14T01:09:06+00:00,api/normal,0.95,0,1,none
2026-03-14T01:09:11+00:00,api/slow,5009.16,0,1,TIMEOUT_ERROR
2026-03-14T01:09:11+00:00,api/normal,1.15,0,1,none
2026-03-14T01:09:11+00:00,api/normal,0.86,0,1,none
2026-03-14T01:09:11+00:00,api/normal,0.96,0,1,none
2026-03-14T01:09:11+00:00,api/normal,0.91,0,1,none
2026-03-14T01:09:11+00:00,api/normal,0.82,0,1,none
2026-03-14T01:09:11+00:00,api/normal,1.75,0,1,none
2026-03-14T01:09:11+00:00,api/normal,0.86,0,1,none
2026-03-14T01:09:11+00:00,api/normal,0.83,0,1,none
2026-03-14T01:09:11+00:00,api/normal,3.62,0,1,none
2026-03-14T01:09:11+00:00,api/normal,1.51,0,1,none
2026-03-14T01:09:11+00:00,api/normal,1.22,0,1,none
2026-03-14T01:09:12+00:00,api/slow,1036.03,0,1,none
2026-03-14T01:09:12+00:00,api/normal,1.18,0,1,none
2026-03-14T01:09:12+00:00,api/normal,0.77,0,1,none
2026-03-14T01:09:12+00:00,api/normal,0.89,0,1,none
2026-03-14T01:09:12+00:00,api/normal,1.7,0,1,none
2026-03-14T01:09:12+00:00,api/normal,0.78,0,1,none
2026-03-14T01:09:12+00:00,api/normal,1.65,0,1,none
2026-03-14T01:09:12+00:00,api/normal,3.22,0,1,none
2026-03-14T01:09:12+00:00,api/normal,0.86,0,1,none
2026-03-14T01:09:12+00:00,api/normal,0.84,0,1,none
2026-03-14T01:09:12+00:00,api/normal,1.21,0,1,none
2026-03-14T01:09:12+00:00,api/normal,1.06,0,1,none
2026-03-14T01:09:13+00:00,api/normal,0.84,0,1,none
2026-03-14T01:09:14+00:00,api/slow,1639.79,0,1,none
2026-03-14T01:09:14+00:00,api/normal,1.55,0,1,none
2026-03-14T01:09:14+00:00,api/normal,1.15,0,1,none
2026-03-14T01:09:14+00:00,api/normal,0.79,0,1,none
2026-03-14T01:09:14+00:00,api/db,2.93,0,1,none
2026-03-14T01:09:15+00:00,api/slow,1102.16,0,1,none
2026-03-14T01:09:15+00:00,api/normal,0.84,0,1,none
2026-03-14T01:09:17+00:00,api/slow,1907.6,0,1,none
2026-03-14T01:09:23+00:00,api/slow,6012.74,0,1,TIMEOUT_ERROR
2026-03-14T01:09:25+00:00,api/slow,1620.15,0,1,none
2026-03-14T01:09:25+00:00,api/normal,0.71,0,1,none
2026-03-14T01:09:25+00:00,api/normal,0.9,0,1,none
2026-03-14T01:09:26+00:00,api/slow,1181.94,0,1,none
2026-03-14T01:09:26+00:00,api/normal,1.51,0,1,none
2026-03-14T01:09:26+00:00,api/normal,0.82,0,1,none
2026-03-14T01:09:26+00:00,api/error,1.5,1,1,SYSTEM_ERROR
2026-03-14T01:09:26+00:00,api/normal,0.85,0,1,none
2026-03-14T01:09:26+00:00,api/normal,0.54,0,1,none
2026-03-14T01:09:26+00:00,api/normal,0.95,0,1,none
2026-03-14T01:09:26+00:00,api/normal,1.07,0,1,none
2026-03-14T01:09:32+00:00,api/slow,6001.94,0,1,TIMEOUT_ERROR
2026-03-14T01:09:33+00:00,api/normal,1.38,0,1,none
2026-03-14T01:09:33+00:00,api/normal,0.54,0,1,none
2026-03-14T01:09:33+00:00,api/db,3.66,0,1,none
2026-03-14T01:09:33+00:00,api/normal,0.81,0,1,none
2026-03-14T01:09:33+00:00,api/normal,0.74,0,1,none
2026-03-14T01:09:33+00:00,api/normal,0.9,0,1,none
2026-03-14T01:09:33+00:00,api/error,1.72,1,1,SYSTEM_ERROR
2026-03-14T01:09:33+00:00,api/normal,0.68,0,1,none
2026-03-14T01:09:33+00:00,api/normal,0.9,0,1,none
2026-03-14T01:09:33+00:00,api/error,2.56,1,1,SYSTEM_ERROR
2026-03-14T01:09:33+00:00,api/normal,0.85,0,1,none
2026-03-14T01:09:35+00:00,api/slow,1941.92,0,1,none
2026-03-14T01:09:35+00:00,api/normal,1.29,0,1,none
2026-03-14T01:09:35+00:00,api/validate,1.86,1,1,UNKNOWN
2026-03-14T01:09:35+00:00,api/normal,1.03,0,1,none
2026-03-14T01:09:35+00:00,api/normal,0.72,0,1,none
2026-03-14T01:09:35+00:00,api/normal,0.54,0,1,none
2026-03-14T01:09:41+00:00,api/slow,6007.72,0,1,TIMEOUT_ERROR
2026-03-14T01:09:43+00:00,api/slow,1829.75,0,1,none
2026-03-14T01:09:44+00:00,api/slow,1272.45,0,1,none
2026-03-14T01:09:44+00:00,api/normal,1.52,0,1,none
2026-03-14T01:09:44+00:00,api/normal,1,0,1,none
2026-03-14T01:09:44+00:00,api/db,3.53,0,1,none
2026-03-14T01:09:44+00:00,api/normal,0.98,0,1,none
2026-03-14T01:09:44+00:00,api/normal,1.07,0,1,none
2026-03-14T01:09:44+00:00,api/normal,1.17,0,1,none
2026-03-14T01:09:44+00:00,api/db,3.75,0,1,none
2026-03-14T01:09:44+00:00,api/normal,0.76,0,1,none
2026-03-14T01:09:50+00:00,api/slow,6013.68,0,1,TIMEOUT_ERROR
2026-03-14T01:09:51+00:00,api/slow,1252.37,0,1,none
2026-03-14T01:09:51+00:00,api/normal,0.66,0,1,none
2026-03-14T01:09:51+00:00,api/normal,0.81,0,1,none
2026-03-14T01:09:52+00:00,api/normal,1.3,0,1,none
2026-03-14T01:09:52+00:00,api/normal,0.98,0,1,none
2026-03-14T01:09:53+00:00,api/slow,1514.33,0,1,none
2026-03-14T01:09:53+00:00,api/error,3.04,1,1,SYSTEM_ERROR
2026-03-14T01:09:53+00:00,api/normal,0.89,0,1,none
2026-03-14T01:09:53+00:00,api/normal,0.97,0,1,none
2026-03-14T01:09:53+00:00,api/normal,0.8,0,1,none
2026-03-14T01:09:53+00:00,api/normal,0.9,0,1,none
2026-03-14T01:09:53+00:00,api/normal,0.77,0,1,none
2026-03-14T01:09:54+00:00,api/slow,1068.4,0,1,none
2026-03-14T01:09:54+00:00,api/validate,2.33,1,1,UNKNOWN
2026-03-14T01:09:54+00:00,api/normal,0.76,0,1,none
2026-03-14T01:09:54+00:00,api/normal,0.74,0,1,none
2026-03-14T01:09:54+00:00,api/normal,0.58,0,1,none
2026-03-14T01:09:54+00:00,api/normal,1.02,0,1,none
2026-03-14T01:09:56+00:00,api/slow,1619.83,0,1,none
2026-03-14T01:09:57+00:00,api/slow,1089.02,0,1,none
2026-03-14T01:09:57+00:00,api/db,2.66,0,1,none
2026-03-14T01:09:57+00:00,api/normal,0.61,0,1,none
2026-03-14T01:09:57+00:00,api/normal,0.66,0,1,none
2026-03-14T01:09:57+00:00,api/normal,0.6,0,1,none
2026-03-14T01:09:57+00:00,api/normal,1.02,0,1,none
2026-03-14T01:09:57+00:00,api/normal,0.48,0,1,none
2026-03-14T01:09:57+00:00,api/normal,0.91,0,1,none
2026-03-14T01:09:57+00:00,api/normal,0.76,0,1,none
2026-03-14T01:09:59+00:00,api/slow,1721.58,0,1,none
2026-03-14T01:10:01+00:00,api/slow,1645.29,0,1,none
2026-03-14T01:10:01+00:00,api/normal,0.45,0,1,none
2026-03-14T01:10:01+00:00,api/normal,0.58,0,1,none
2026-03-14T01:10:01+00:00,api/normal,0.58,0,1,none
2026-03-14T01:10:01+00:00,api/normal,0.73,0,1,none
2026-03-14T01:10:01+00:00,api/normal,0.61,0,1,none
2026-03-14T01:10:01+00:00,api/normal,0.48,0,1,none
2026-03-14T01:10:02+00:00,api/slow,1721.04,0,1,none
2026-03-14T01:10:09+00:00,api/slow,6004.39,0,1,TIMEOUT_ERROR
2026-03-14T01:10:09+00:00,api/normal,1.62,0,1,none
2026-03-14T01:10:14+00:00,api/slow,5012.57,0,1,TIMEOUT_ERROR
2026-03-14T01:10:14+00:00,api/normal,1.14,0,1,none
2026-03-14T01:10:14+00:00,api/normal,0.57,0,1,none
2026-03-14T01:10:14+00:00,api/normal,0.75,0,1,none
2026-03-14T01:10:14+00:00,api/normal,0.91,0,1,none
2026-03-14T01:10:14+00:00,api/normal,0.88,0,1,none
2026-03-14T01:10:15+00:00,api/slow,1553.07,0,1,none
2026-03-14T01:10:15+00:00,api/normal,0.69,0,1,none
2026-03-14T01:10:15+00:00,api/normal,0.72,0,1,none
2026-03-14T01:10:15+00:00,api/normal,0.77,0,1,none
2026-03-14T01:10:15+00:00,api/normal,0.69,0,1,none
2026-03-14T01:10:15+00:00,api/normal,0.57,0,1,none
2026-03-14T01:10:22+00:00,api/slow,7010.2,0,1,TIMEOUT_ERROR
2026-03-14T01:10:24+00:00,api/slow,1742.3,0,1,none
2026-03-14T01:10:24+00:00,api/normal,1,0,1,none
2026-03-14T01:10:24+00:00,api/normal,0.65,0,1,none
2026-03-14T01:10:26+00:00,api/slow,1371.54,0,1,none
2026-03-14T01:10:26+00:00,api/normal,0.83,0,1,none
2026-03-14T01:10:32+00:00,api/slow,6002.19,0,1,TIMEOUT_ERROR
2026-03-14T01:10:32+00:00,api/normal,3.95,0,1,none
2026-03-14T01:10:32+00:00,api/normal,0.54,0,1,none
2026-03-14T01:10:32+00:00,api/db,21.54,0,1,none
2026-03-14T01:10:33+00:00,api/slow,1709.17,0,1,none
2026-03-14T01:10:33+00:00,api/normal,1.14,0,1,none
2026-03-14T01:10:33+00:00,api/normal,0.47,0,1,none
2026-03-14T01:10:33+00:00,api/normal,0.68,0,1,none
2026-03-14T01:10:33+00:00,api/normal,0.68,0,1,none
2026-03-14T01:10:33+00:00,api/normal,0.72,0,1,none
2026-03-14T01:10:33+00:00,api/normal,0.51,0,1,none
2026-03-14T01:10:34+00:00,api/normal,0.72,0,1,none
2026-03-14T01:10:34+00:00,api/normal,0.75,0,1,none
2026-03-14T01:10:34+00:00,api/normal,0.7,0,1,none
2026-03-14T01:10:34+00:00,api/normal,0.74,0,1,none
2026-03-14T01:10:34+00:00,api/normal,0.55,0,1,none
2026-03-14T01:10:35+00:00,api/slow,1132.66,0,1,none
2026-03-14T01:10:35+00:00,api/normal,1.36,0,1,none
2026-03-14T01:10:35+00:00,api/error,1.86,1,1,SYSTEM_ERROR
2026-03-14T01:10:35+00:00,api/normal,0.75,0,1,none
2026-03-14T01:10:35+00:00,api/normal,0.82,0,1,none
2026-03-14T01:10:35+00:00,api/normal,0.54,0,1,none
2026-03-14T01:10:35+00:00,api/normal,0.77,0,1,none
2026-03-14T01:10:35+00:00,api/normal,0.73,0,1,none
2026-03-14T01:10:35+00:00,api/normal,0.65,0,1,none
2026-03-14T01:10:35+00:00,api/normal,0.59,0,1,none
2026-03-14T01:10:35+00:00,api/normal,0.65,0,1,none
2026-03-14T01:10:35+00:00,api/normal,0.9,0,1,none
2026-03-14T01:10:36+00:00,api/slow,1516.03,0,1,none
2026-03-14T01:10:36+00:00,api/normal,0.49,0,1,none
2026-03-14T01:10:43+00:00,api/slow,7007.61,0,1,TIMEOUT_ERROR
2026-03-14T01:10:44+00:00,api/error,4.08,1,1,SYSTEM_ERROR
2026-03-14T01:10:44+00:00,api/normal,0.58,0,1,none
2026-03-14T01:10:50+00:00,api/slow,6002.88,0,1,TIMEOUT_ERROR
2026-03-14T01:10:50+00:00,api/normal,1.64,0,1,none
2026-03-14T01:10:55+00:00,api/slow,5012.81,0,1,TIMEOUT_ERROR
2026-03-14T01:10:55+00:00,api/normal,1.28,0,1,none
2026-03-14T01:10:55+00:00,api/normal,0.73,0,1,none
2026-03-14T01:10:55+00:00,api/normal,1.2,0,1,none
2026-03-14T01:10:56+00:00,api/slow,1464.79,0,1,none
2026-03-14T01:10:56+00:00,api/normal,1.06,0,1,none
2026-03-14T01:10:56+00:00,api/normal,0.87,0,1,none
2026-03-14T01:10:58+00:00,api/slow,1672.89,0,1,none
2026-03-14T01:10:58+00:00,api/normal,1.08,0,1,none
2026-03-14T01:10:58+00:00,api/normal,0.52,0,1,none
2026-03-14T01:10:58+00:00,api/normal,0.58,0,1,none
2026-03-14T01:10:58+00:00,api/error,3.12,1,1,SYSTEM_ERROR
2026-03-14T01:10:59+00:00,api/slow,1094.21,0,1,none
2026-03-14T01:10:59+00:00,api/normal,0.87,0,1,none
2026-03-14T01:10:59+00:00,api/normal,1.34,0,1,none
2026-03-14T01:10:59+00:00,api/normal,0.8,0,1,none
2026-03-14T01:10:59+00:00,api/normal,0.75,0,1,none
2026-03-14T01:10:59+00:00,api/normal,0.47,0,1,none
2026-03-14T01:10:59+00:00,api/normal,0.51,0,1,none
2026-03-14T01:10:59+00:00,api/normal,0.96,0,1,none
2026-03-14T01:10:59+00:00,api/db,3.15,0,1,none
2026-03-14T01:11:05+00:00,api/slow,6015.89,0,1,TIMEOUT_ERROR
2026-03-14T01:11:05+00:00,api/normal,0.87,0,1,none
2026-03-14T01:11:05+00:00,api/normal,0.88,0,1,none
2026-03-14T01:11:05+00:00,api/error,2.26,1,1,SYSTEM_ERROR
2026-03-14T01:11:07+00:00,api/slow,1268.36,0,1,none
2026-03-14T01:11:07+00:00,api/normal,2.3,0,1,none
2026-03-14T01:11:13+00:00,api/slow,6001.83,0,1,TIMEOUT_ERROR
2026-03-14T01:11:13+00:00,api/normal,1.03,0,1,none
2026-03-14T01:11:13+00:00,api/normal,0.87,0,1,none
2026-03-14T01:11:13+00:00,api/normal,0.87,0,1,none
2026-03-14T01:11:13+00:00,api/normal,1.3,0,1,none
2026-03-14T01:11:13+00:00,api/normal,1.05,0,1,none
2026-03-14T01:11:13+00:00,api/normal,0.58,0,1,none
2026-03-14T01:11:13+00:00,api/normal,0.62,0,1,none
2026-03-14T01:11:13+00:00,api/normal,1.39,0,1,none
2026-03-14T01:11:14+00:00,api/slow,1411.54,0,1,none
2026-03-14T01:11:14+00:00,api/normal,0.56,0,1,none
2026-03-14T01:11:14+00:00,api/normal,0.73,0,1,none
2026-03-14T01:11:16+00:00,api/slow,1874.88,0,1,none
2026-03-14T01:11:16+00:00,api/error,3.23,1,1,SYSTEM_ERROR
2026-03-14T01:11:16+00:00,api/normal,0.88,0,1,none
2026-03-14T01:11:16+00:00,api/normal,1.1,0,1,none
2026-03-14T01:11:18+00:00,api/slow,1483.29,0,1,none
2026-03-14T01:11:19+00:00,api/slow,1197.43,0,1,none
2026-03-14T01:11:20+00:00,api/slow,1442.6,0,1,none
2026-03-14T01:11:20+00:00,api/normal,0.69,0,1,none
2026-03-14T01:11:20+00:00,api/normal,0.96,0,1,none
2026-03-14T01:11:22+00:00,api/slow,1160.46,0,1,none
2026-03-14T01:11:22+00:00,api/normal,1.95,0,1,none
2026-03-14T01:11:22+00:00,api/error,2.27,1,1,SYSTEM_ERROR
2026-03-14T01:11:22+00:00,api/normal,1.06,0,1,none
2026-03-14T01:11:23+00:00,api/slow,1114.91,0,1,none
2026-03-14T01:11:25+00:00,api/slow,1798.47,0,1,none
2026-03-14T01:11:26+00:00,api/slow,1297.41,0,1,none
2026-03-14T01:11:26+00:00,api/normal,0.81,0,1,none
2026-03-14T01:11:26+00:00,api/normal,0.77,0,1,none
2026-03-14T01:11:26+00:00,api/normal,0.87,0,1,none
2026-03-14T01:11:26+00:00,api/normal,0.83,0,1,none
2026-03-14T01:11:26+00:00,api/normal,0.83,0,1,none
2026-03-14T01:11:27+00:00,api/slow,1145.61,0,1,none
2026-03-14T01:11:29+00:00,api/slow,1983.41,0,1,none
2026-03-14T01:11:29+00:00,api/normal,1.99,0,1,none
2026-03-14T01:11:29+00:00,api/error,2.82,1,1,SYSTEM_ERROR
2026-03-14T01:11:29+00:00,api/normal,2.17,0,1,none
2026-03-14T01:11:29+00:00,api/normal,3.23,0,1,none
2026-03-14T01:11:29+00:00,api/normal,1.67,0,1,none
2026-03-14T01:11:29+00:00,api/normal,1.81,0,1,none
2026-03-14T01:11:30+00:00,api/normal,1.11,0,1,none
2026-03-14T01:11:31+00:00,api/slow,1648.98,0,1,none
2026-03-14T01:11:31+00:00,api/normal,1.02,0,1,none
2026-03-14T01:11:31+00:00,api/normal,0.91,0,1,none
2026-03-14T01:11:33+00:00,api/slow,1709.98,0,1,none
2026-03-14T01:11:34+00:00,api/slow,1208.4,0,1,none
2026-03-14T01:11:34+00:00,api/error,2.57,1,1,SYSTEM_ERROR
2026-03-14T01:11:34+00:00,api/normal,0.99,0,1,none
2026-03-14T01:11:34+00:00,api/normal,0.69,0,1,none
2026-03-14T01:11:34+00:00,api/normal,0.79,0,1,none
2026-03-14T01:11:34+00:00,api/normal,1.22,0,1,none
2026-03-14T01:11:34+00:00,api/normal,1.25,0,1,none
2026-03-14T01:11:34+00:00,api/normal,0.77,0,1,none
2026-03-14T01:11:34+00:00,api/error,2.73,1,1,SYSTEM_ERROR
2026-03-14T01:11:36+00:00,api/slow,1936.78,0,1,none
2026-03-14T01:11:36+00:00,api/normal,1.56,0,1,none
2026-03-14T01:11:38+00:00,api/slow,1527.69,0,1,none
2026-03-14T01:11:38+00:00,api/normal,0.84,0,1,none
2026-03-14T01:11:38+00:00,api/validate,2.99,1,1,UNKNOWN
2026-03-14T01:11:38+00:00,api/normal,0.99,0,1,none
2026-03-14T01:11:38+00:00,api/normal,0.64,0,1,none
2026-03-14T01:11:38+00:00,api/normal,0.85,0,1,none
2026-03-14T01:11:38+00:00,api/normal,0.78,0,1,none
2026-03-14T01:11:38+00:00,api/normal,0.64,0,1,none
2026-03-14T01:11:38+00:00,api/normal,0.86,0,1,none
2026-03-14T01:11:38+00:00,api/normal,1.57,0,1,none
2026-03-14T01:11:38+00:00,api/validate,2.34,1,1,UNKNOWN
2026-03-14T01:11:38+00:00,api/error,1.54,1,1,SYSTEM_ERROR
2026-03-14T01:11:38+00:00,api/normal,1.08,0,1,none
2026-03-14T01:11:38+00:00,api/error,2.08,1,1,SYSTEM_ERROR
2026-03-14T01:11:38+00:00,api/normal,0.83,0,1,none
2026-03-14T01:11:38+00:00,api/normal,0.6,0,1,none
2026-03-14T01:11:40+00:00,api/slow,1161.98,0,1,none
2026-03-14T01:11:40+00:00,api/normal,0.79,0,1,none
2026-03-14T01:11:40+00:00,api/normal,1.67,0,1,none
2026-03-14T01:11:40+00:00,api/error,1.91,1,1,SYSTEM_ERROR
2026-03-14T01:11:40+00:00,api/normal,0.89,0,1,none
2026-03-14T01:11:40+00:00,api/validate,1.83,1,1,UNKNOWN
2026-03-14T01:11:40+00:00,api/normal,1.28,0,1,none
2026-03-14T01:11:40+00:00,api/error,1.54,1,1,SYSTEM_ERROR
2026-03-14T01:11:40+00:00,api/validate,2.8,1,1,UNKNOWN
2026-03-14T01:11:40+00:00,api/normal,0.7,0,1,none
2026-03-14T01:11:41+00:00,api/slow,1442.68,0,1,none
2026-03-14T01:11:41+00:00,api/error,3.09,1,1,SYSTEM_ERROR
2026-03-14T01:11:41+00:00,api/normal,1.42,0,1,none
2026-03-14T01:11:41+00:00,api/error,2.93,1,1,SYSTEM_ERROR
2026-03-14T01:11:41+00:00,api/normal,1.92,0,1,none
2026-03-14T01:11:43+00:00,api/slow,1830.76,0,1,none
2026-03-14T01:11:45+00:00,api/slow,1833.37,0,1,none
2026-03-14T01:11:45+00:00,api/error,5.51,1,1,SYSTEM_ERROR
2026-03-14T01:11:45+00:00,api/error,1.3,1,1,SYSTEM_ERROR
2026-03-14T01:11:45+00:00,api/normal,1.31,0,1,none
2026-03-14T01:11:47+00:00,api/slow,1837.59,0,1,none
2026-03-14T01:11:48+00:00,api/slow,1083.26,0,1,none
2026-03-14T01:11:48+00:00,api/normal,2.76,0,1,none
2026-03-14T01:11:48+00:00,api/error,3.45,1,1,SYSTEM_ERROR
2026-03-14T01:11:48+00:00,api/error,2.91,1,1,SYSTEM_ERROR
2026-03-14T01:11:48+00:00,api/normal,0.89,0,1,none
2026-03-14T01:11:48+00:00,api/error,2.56,1,1,SYSTEM_ERROR
2026-03-14T01:11:48+00:00,api/error,1.88,1,1,SYSTEM_ERROR
2026-03-14T01:11:49+00:00,api/error,1.94,1,1,SYSTEM_ERROR
2026-03-14T01:11:49+00:00,api/error,2.39,1,1,SYSTEM_ERROR
2026-03-14T01:11:55+00:00,api/slow,6004.18,0,1,TIMEOUT_ERROR
2026-03-14T01:11:55+00:00,api/error,4.79,1,1,SYSTEM_ERROR
2026-03-14T01:11:55+00:00,api/normal,1.08,0,1,none
2026-03-14T01:11:55+00:00,api/normal,1.83,0,1,none
2026-03-14T01:11:55+00:00,api/normal,1.28,0,1,none
2026-03-14T01:11:55+00:00,api/error,1.83,1,1,SYSTEM_ERROR
2026-03-14T01:11:55+00:00,api/normal,1,0,1,none
2026-03-14T01:11:55+00:00,api/error,1.89,1,1,SYSTEM_ERROR
2026-03-14T01:11:55+00:00,api/normal,0.8,0,1,none
2026-03-14T01:11:55+00:00,api/error,1.88,1,1,SYSTEM_ERROR
2026-03-14T01:11:55+00:00,api/error,2.41,1,1,SYSTEM_ERROR
2026-03-14T01:11:55+00:00,api/error,1.44,1,1,SYSTEM_ERROR
2026-03-14T01:11:57+00:00,api/slow,1934.95,0,1,none
2026-03-14T01:11:57+00:00,api/normal,0.88,0,1,none
2026-03-14T01:11:57+00:00,api/error,2.91,1,1,SYSTEM_ERROR
2026-03-14T01:11:57+00:00,api/error,1.9,1,1,SYSTEM_ERROR
2026-03-14T01:11:57+00:00,api/normal,0.63,0,1,none
2026-03-14T01:11:57+00:00,api/error,2.44,1,1,SYSTEM_ERROR
2026-03-14T01:11:57+00:00,api/normal,0.58,0,1,none
2026-03-14T01:11:57+00:00,api/normal,1.69,0,1,none
2026-03-14T01:11:57+00:00,api/error,2.64,1,1,SYSTEM_ERROR
2026-03-14T01:11:57+00:00,api/normal,1.5,0,1,none
2026-03-14T01:11:57+00:00,api/normal,1.36,0,1,none
2026-03-14T01:11:57+00:00,api/error,2.72,1,1,SYSTEM_ERROR
2026-03-14T01:11:57+00:00,api/error,2.1,1,1,SYSTEM_ERROR
2026-03-14T01:11:57+00:00,api/normal,0.64,0,1,none
2026-03-14T01:11:57+00:00,api/normal,0.92,0,1,none
2026-03-14T01:12:03+00:00,api/slow,6007.53,0,1,TIMEOUT_ERROR
2026-03-14T01:12:03+00:00,api/normal,1.83,0,1,none
2026-03-14T01:12:03+00:00,api/error,2.99,1,1,SYSTEM_ERROR
2026-03-14T01:12:03+00:00,api/normal,0.73,0,1,none
2026-03-14T01:12:03+00:00,api/error,1.76,1,1,SYSTEM_ERROR
2026-03-14T01:12:03+00:00,api/error,2.4,1,1,SYSTEM_ERROR
2026-03-14T01:12:03+00:00,api/error,2.21,1,1,SYSTEM_ERROR
2026-03-14T01:12:03+00:00,api/error,2.73,1,1,SYSTEM_ERROR
2026-03-14T01:12:03+00:00,api/db,23.26,0,1,none
2026-03-14T01:12:08+00:00,api/slow,5011.55,0,1,TIMEOUT_ERROR
2026-03-14T01:12:08+00:00,api/db,4.49,0,1,none
2026-03-14T01:12:08+00:00,api/normal,0.96,0,1,none
2026-03-14T01:12:09+00:00,api/normal,1.76,0,1,none
2026-03-14T01:12:09+00:00,api/db,2.64,0,1,none
2026-03-14T01:12:09+00:00,api/error,2.15,1,1,SYSTEM_ERROR
2026-03-14T01:12:09+00:00,api/db,2.6,0,1,none
2026-03-14T01:12:09+00:00,api/normal,0.71,0,1,none
2026-03-14T01:12:10+00:00,api/slow,1032.21,0,1,none
2026-03-14T01:12:10+00:00,api/normal,0.6,0,1,none
2026-03-14T01:12:10+00:00,api/error,2.21,1,1,SYSTEM_ERROR
2026-03-14T01:12:10+00:00,api/normal,0.72,0,1,none
2026-03-14T01:12:10+00:00,api/error,1.53,1,1,SYSTEM_ERROR
2026-03-14T01:12:10+00:00,api/error,1.62,1,1,SYSTEM_ERROR
2026-03-14T01:12:10+00:00,api/normal,0.89,0,1,none
2026-03-14T01:12:10+00:00,api/error,1.57,1,1,SYSTEM_ERROR
2026-03-14T01:12:10+00:00,api/error,2.23,1,1,SYSTEM_ERROR
2026-03-14T01:12:10+00:00,api/error,1.37,1,1,SYSTEM_ERROR
2026-03-14T01:12:10+00:00,api/normal,0.56,0,1,none
2026-03-14T01:12:10+00:00,api/error,1.46,1,1,SYSTEM_ERROR
2026-03-14T01:12:10+00:00,api/normal,0.62,0,1,none
2026-03-14T01:12:10+00:00,api/error,2.02,1,1,SYSTEM_ERROR
2026-03-14T01:12:10+00:00,api/validate,1.4,1,1,UNKNOWN
2026-03-14T01:12:10+00:00,api/normal,0.52,0,1,none
2026-03-14T01:12:10+00:00,api/error,1.38,1,1,SYSTEM_ERROR
2026-03-14T01:12:10+00:00,api/error,1.51,1,1,SYSTEM_ERROR
2026-03-14T01:12:10+00:00,api/error,1.67,1,1,SYSTEM_ERROR
2026-03-14T01:12:10+00:00,api/error,1.38,1,1,SYSTEM_ERROR
2026-03-14T01:12:10+00:00,api/normal,0.62,0,1,none
2026-03-14T01:12:10+00:00,api/error,1.32,1,1,SYSTEM_ERROR
2026-03-14T01:12:10+00:00,api/error,1.51,1,1,SYSTEM_ERROR
2026-03-14T01:12:10+00:00,api/normal,0.63,0,1,none
2026-03-14T01:12:10+00:00,api/normal,0.61,0,1,none
2026-03-14T01:12:10+00:00,api/normal,1.17,0,1,none
2026-03-14T01:12:10+00:00,api/error,1.37,1,1,SYSTEM_ERROR
2026-03-14T01:12:10+00:00,api/db,3.07,0,1,none
2026-03-14T01:12:10+00:00,api/normal,0.56,0,1,none
2026-03-14T01:12:10+00:00,api/error,1.45,1,1,SYSTEM_ERROR
2026-03-14T01:12:10+00:00,api/error,1.37,1,1,SYSTEM_ERROR
2026-03-14T01:12:10+00:00,api/normal,0.71,0,1,none
2026-03-14T01:12:10+00:00,api/normal,0.63,0,1,none
2026-03-14T01:12:10+00:00,api/normal,0.56,0,1,none
2026-03-14T01:12:10+00:00,api/normal,0.6,0,1,none
2026-03-14T01:12:12+00:00,api/slow,2001.7,0,1,none
2026-03-14T01:12:12+00:00,api/error,2.18,1,1,SYSTEM_ERROR
2026-03-14T01:12:12+00:00,api/error,1.52,1,1,SYSTEM_ERROR
2026-03-14T01:12:12+00:00,api/db,2.95,0,1,none
2026-03-14T01:12:14+00:00,api/slow,1572.33,0,1,none
2026-03-14T01:12:14+00:00,api/normal,1.04,0,1,none
2026-03-14T01:12:14+00:00,api/normal,0.97,0,1,none
2026-03-14T01:12:14+00:00,api/error,2.05,1,1,SYSTEM_ERROR
2026-03-14T01:12:14+00:00,api/error,3.03,1,1,SYSTEM_ERROR
2026-03-14T01:12:14+00:00,api/error,2.12,1,1,SYSTEM_ERROR
2026-03-14T01:12:14+00:00,api/error,4.12,1,1,SYSTEM_ERROR
2026-03-14T01:12:14+00:00,api/normal,0.87,0,1,none
2026-03-14T01:12:14+00:00,api/normal,1.1,0,1,none
2026-03-14T01:12:14+00:00,api/normal,1.09,0,1,none
2026-03-14T01:12:15+00:00,api/slow,1074.96,0,1,none
2026-03-14T01:12:15+00:00,api/normal,1.34,0,1,none
2026-03-14T01:12:15+00:00,api/error,3.97,1,1,SYSTEM_ERROR
2026-03-14T01:12:15+00:00,api/normal,0.96,0,1,none
2026-03-14T01:12:15+00:00,api/normal,0.91,0,1,none
2026-03-14T01:12:15+00:00,api/error,2.14,1,1,SYSTEM_ERROR
2026-03-14T01:12:15+00:00,api/error,3.84,1,1,SYSTEM_ERROR
2026-03-14T01:12:15+00:00,api/normal,1.74,0,1,none
2026-03-14T01:12:15+00:00,api/normal,0.86,0,1,none
2026-03-14T01:12:15+00:00,api/error,2.41,1,1,SYSTEM_ERROR
2026-03-14T01:12:15+00:00,api/normal,1.3,0,1,none
2026-03-14T01:12:16+00:00,api/normal,1.48,0,1,none
2026-03-14T01:12:16+00:00,api/normal,1.73,0,1,none
2026-03-14T01:12:16+00:00,api/normal,1.9,0,1,none
2026-03-14T01:12:16+00:00,api/normal,0.93,0,1,none
2026-03-14T01:12:16+00:00,api/normal,0.89,0,1,none
2026-03-14T01:12:16+00:00,api/normal,1.78,0,1,none
2026-03-14T01:12:16+00:00,api/error,2.08,1,1,SYSTEM_ERROR
2026-03-14T01:12:16+00:00,api/db,4.98,0,1,none
2026-03-14T01:12:16+00:00,api/error,4.1,1,1,SYSTEM_ERROR
2026-03-14T01:12:16+00:00,api/normal,0.83,0,1,none
2026-03-14T01:12:16+00:00,api/error,3.62,1,1,SYSTEM_ERROR
2026-03-14T01:12:16+00:00,api/error,5.13,1,1,SYSTEM_ERROR
2026-03-14T01:12:16+00:00,api/error,3.58,1,1,SYSTEM_ERROR
2026-03-14T01:12:16+00:00,api/normal,1.33,0,1,none
2026-03-14T01:12:16+00:00,api/db,3.94,0,1,none
2026-03-14T01:12:16+00:00,api/normal,1.52,0,1,none
2026-03-14T01:12:16+00:00,api/normal,0.88,0,1,none
2026-03-14T01:12:16+00:00,api/normal,1,0,1,none
2026-03-14T01:12:16+00:00,api/normal,0.97,0,1,none
2026-03-14T01:12:16+00:00,api/normal,2.59,0,1,none
2026-03-14T01:12:16+00:00,api/db,3.99,0,1,none
2026-03-14T01:12:16+00:00,api/error,3.96,1,1,SYSTEM_ERROR
2026-03-14T01:12:16+00:00,api/error,2.04,1,1,SYSTEM_ERROR
2026-03-14T01:12:16+00:00,api/normal,0.79,0,1,none
2026-03-14T01:12:16+00:00,api/error,3.94,1,1,SYSTEM_ERROR
2026-03-14T01:12:16+00:00,api/normal,0.91,0,1,none
2026-03-14T01:12:16+00:00,api/normal,1.12,0,1,none
2026-03-14T01:12:18+00:00,api/slow,1756.05,0,1,none
2026-03-14T01:12:18+00:00,api/normal,1.12,0,1,none
2026-03-14T01:12:18+00:00,api/normal,1.04,0,1,none
2026-03-14T01:12:18+00:00,api/error,3.5,1,1,SYSTEM_ERROR
2026-03-14T01:12:18+00:00,api/normal,0.82,0,1,none
2026-03-14T01:12:18+00:00,api/normal,1.26,0,1,none
2026-03-14T01:12:18+00:00,api/normal,0.67,0,1,none
2026-03-14T01:12:18+00:00,api/normal,1.43,0,1,none
2026-03-14T01:12:18+00:00,api/normal,1.61,0,1,none
2026-03-14T01:12:18+00:00,api/normal,1.16,0,1,none
2026-03-14T01:12:18+00:00,api/normal,1.8,0,1,none
2026-03-14T01:12:18+00:00,api/error,2.73,1,1,SYSTEM_ERROR
2026-03-14T01:12:18+00:00,api/db,3.82,0,1,none
2026-03-14T01:12:18+00:00,api/db,5.41,0,1,none
2026-03-14T01:12:18+00:00,api/error,3.41,1,1,SYSTEM_ERROR
2026-03-14T01:12:18+00:00,api/normal,0.87,0,1,none
2026-03-14T01:12:19+00:00,api/normal,1.14,0,1,none
2026-03-14T01:12:20+00:00,api/slow,1707.84,0,1,none
2026-03-14T01:12:22+00:00,api/slow,1833.05,0,1,none
2026-03-14T01:12:23+00:00,api/slow,1115.27,0,1,none
2026-03-14T01:12:23+00:00,api/validate,5.15,1,1,UNKNOWN
2026-03-14T01:12:25+00:00,api/slow,1503.46,0,1,none
2026-03-14T01:12:25+00:00,api/normal,1.72,0,1,none
2026-03-14T01:12:25+00:00,api/normal,1,0,1,none
2026-03-14T01:12:25+00:00,api/error,4.41,1,1,SYSTEM_ERROR
2026-03-14T01:12:25+00:00,api/normal,1.27,0,1,none
2026-03-14T01:12:25+00:00,api/normal,1.16,0,1,none
2026-03-14T01:12:30+00:00,api/slow,5014.52,0,1,TIMEOUT_ERROR
2026-03-14T01:12:30+00:00,api/normal,2.22,0,1,none
2026-03-14T01:12:32+00:00,api/slow,1804.96,0,1,none
2026-03-14T01:12:32+00:00,api/error,5.42,1,1,SYSTEM_ERROR
2026-03-14T01:12:34+00:00,api/slow,1609.05,0,1,none
2026-03-14T01:12:34+00:00,api/error,14.49,1,1,SYSTEM_ERROR
2026-03-14T01:12:34+00:00,api/normal,4.86,0,1,none
2026-03-14T01:12:34+00:00,api/error,5.74,1,1,SYSTEM_ERROR
2026-03-14T01:12:34+00:00,api/error,6.41,1,1,SYSTEM_ERROR
2026-03-14T01:12:35+00:00,api/slow,1252.88,0,1,none
2026-03-14T01:12:35+00:00,api/error,6.66,1,1,SYSTEM_ERROR
2026-03-14T01:12:35+00:00,api/normal,0.9,0,1,none
2026-03-14T01:12:35+00:00,api/error,2.32,1,1,SYSTEM_ERROR
2026-03-14T01:12:35+00:00,api/error,2.23,1,1,SYSTEM_ERROR
2026-03-14T01:12:35+00:00,api/normal,1.18,0,1,none
2026-03-14T01:12:35+00:00,api/normal,1.39,0,1,none
2026-03-14T01:12:35+00:00,api/normal,0.82,0,1,none
2026-03-14T01:12:35+00:00,api/normal,0.86,0,1,none
2026-03-14T01:12:36+00:00,api/normal,2.11,0,1,none
2026-03-14T01:12:36+00:00,api/normal,1.74,0,1,none
2026-03-14T01:12:36+00:00,api/normal,1.08,0,1,none
2026-03-14T01:12:36+00:00,api/error,3.41,1,1,SYSTEM_ERROR
2026-03-14T01:12:37+00:00,api/slow,1838.88,0,1,none
2026-03-14T01:12:38+00:00,api/normal,2.92,0,1,none
2026-03-14T01:12:38+00:00,api/normal,1.58,0,1,none
2026-03-14T01:12:38+00:00,api/error,9.33,1,1,SYSTEM_ERROR
2026-03-14T01:12:38+00:00,api/error,2.3,1,1,SYSTEM_ERROR
2026-03-14T01:12:39+00:00,api/slow,1645.26,0,1,none
2026-03-14T01:12:39+00:00,api/error,2.8,1,1,SYSTEM_ERROR
2026-03-14T01:12:39+00:00,api/normal,0.89,0,1,none
2026-03-14T01:12:46+00:00,api/slow,7016.02,0,1,TIMEOUT_ERROR
2026-03-14T01:12:47+00:00,api/error,9.7,1,1,SYSTEM_ERROR
2026-03-14T01:12:48+00:00,api/slow,1047.15,0,1,none
2026-03-14T01:12:49+00:00,api/slow,1077.46,0,1,none
2026-03-14T01:12:49+00:00,api/normal,3.2,0,1,none
2026-03-14T01:12:49+00:00,api/normal,0.98,0,1,none
2026-03-14T01:12:49+00:00,api/normal,1.14,0,1,none
2026-03-14T01:12:49+00:00,api/normal,2.84,0,1,none
2026-03-14T01:12:49+00:00,api/normal,0.86,0,1,none
2026-03-14T01:12:49+00:00,api/normal,0.87,0,1,none
2026-03-14T01:12:49+00:00,api/error,3.17,1,1,SYSTEM_ERROR
2026-03-14T01:12:49+00:00,api/normal,1.08,0,1,none
2026-03-14T01:12:49+00:00,api/normal,0.81,0,1,none
2026-03-14T01:12:49+00:00,api/error,1.8,1,1,SYSTEM_ERROR
2026-03-14T01:12:49+00:00,api/error,3.29,1,1,SYSTEM_ERROR
2026-03-14T01:12:49+00:00,api/normal,3.55,0,1,none
2026-03-14T01:12:49+00:00,api/error,3.88,1,1,SYSTEM_ERROR
2026-03-14T01:12:56+00:00,api/slow,7006.21,0,1,TIMEOUT_ERROR
2026-03-14T01:13:01+00:00,api/slow,5014.86,0,1,TIMEOUT_ERROR
2026-03-14T01:13:01+00:00,api/error,4,1,1,SYSTEM_ERROR
2026-03-14T01:13:01+00:00,api/error,2.33,1,1,SYSTEM_ERROR
2026-03-14T01:13:01+00:00,api/error,5.21,1,1,SYSTEM_ERROR
2026-03-14T01:13:01+00:00,api/error,3.65,1,1,SYSTEM_ERROR
2026-03-14T01:13:01+00:00,api/error,3.62,1,1,SYSTEM_ERROR
2026-03-14T01:13:01+00:00,api/error,2.09,1,1,SYSTEM_ERROR
2026-03-14T01:13:01+00:00,api/normal,1.21,0,1,none
2026-03-14T01:13:02+00:00,api/normal,0.63,0,1,none
2026-03-14T01:13:02+00:00,api/normal,1.9,0,1,none
2026-03-14T01:13:02+00:00,api/normal,4.78,0,1,none
2026-03-14T01:13:02+00:00,api/validate,2.65,1,1,UNKNOWN
2026-03-14T01:13:02+00:00,api/normal,1.23,0,1,none
2026-03-14T01:13:02+00:00,api/normal,1.28,0,1,none
2026-03-14T01:13:02+00:00,api/normal,2.38,0,1,none
2026-03-14T01:13:02+00:00,api/normal,1.89,0,1,none
2026-03-14T01:13:02+00:00,api/normal,1.28,0,1,none
2026-03-14T01:13:04+00:00,api/slow,1754.82,0,1,none
2026-03-14T01:13:04+00:00,api/db,6.25,0,1,none
2026-03-14T01:13:04+00:00,api/error,1.84,1,1,SYSTEM_ERROR
2026-03-14T01:13:04+00:00,api/normal,0.88,0,1,none
2026-03-14T01:13:04+00:00,api/error,4.66,1,1,SYSTEM_ERROR
2026-03-14T01:13:04+00:00,api/error,1.65,1,1,SYSTEM_ERROR
2026-03-14T01:13:04+00:00,api/normal,0.64,0,1,none
2026-03-14T01:13:04+00:00,api/error,3.57,1,1,SYSTEM_ERROR
2026-03-14T01:13:04+00:00,api/normal,2.31,0,1,none
2026-03-14T01:13:04+00:00,api/error,2.52,1,1,SYSTEM_ERROR
2026-03-14T01:13:04+00:00,api/error,2.44,1,1,SYSTEM_ERROR
2026-03-14T01:13:04+00:00,api/db,24.47,0,1,none
2026-03-14T01:13:04+00:00,api/normal,0.94,0,1,none
2026-03-14T01:13:04+00:00,api/validate,4.69,1,1,UNKNOWN
2026-03-14T01:13:04+00:00,api/normal,1.6,0,1,none
2026-03-14T01:13:04+00:00,api/error,2.05,1,1,SYSTEM_ERROR
2026-03-14T01:13:04+00:00,api/normal,0.76,0,1,none
2026-03-14T01:13:04+00:00,api/normal,0.91,0,1,none
2026-03-14T01:13:04+00:00,api/error,4.26,1,1,SYSTEM_ERROR
2026-03-14T01:13:06+00:00,api/slow,1423.28,0,1,none
2026-03-14T01:13:06+00:00,api/normal,0.93,0,1,none
2026-03-14T01:13:07+00:00,api/slow,1312.59,0,1,none
2026-03-14T01:13:08+00:00,api/slow,1332.9,0,1,none
2026-03-14T01:13:08+00:00,api/error,2.3,1,1,SYSTEM_ERROR
2026-03-14T01:13:09+00:00,api/error,2.1,1,1,SYSTEM_ERROR
2026-03-14T01:13:09+00:00,api/normal,0.89,0,1,none
2026-03-14T01:13:11+00:00,api/slow,1991.03,0,1,none
2026-03-14T01:13:11+00:00,api/error,7.18,1,1,SYSTEM_ERROR
2026-03-14T01:13:12+00:00,api/slow,1342.12,0,1,none
2026-03-14T01:13:13+00:00,api/slow,1063.28,0,1,none
2026-03-14T01:13:13+00:00,api/normal,2.35,0,1,none
2026-03-14T01:13:13+00:00,api/normal,1.5,0,1,none
2026-03-14T01:13:18+00:00,api/slow,5006.01,0,1,TIMEOUT_ERROR
2026-03-14T01:13:18+00:00,api/normal,2.76,0,1,none
2026-03-14T01:13:18+00:00,api/normal,2.55,0,1,none
2026-03-14T01:13:18+00:00,api/normal,1.26,0,1,none
2026-03-14T01:13:18+00:00,api/normal,0.67,0,1,none
2026-03-14T01:13:18+00:00,api/error,3.75,1,1,SYSTEM_ERROR
2026-03-14T01:13:18+00:00,api/normal,0.88,0,1,none
2026-03-14T01:13:18+00:00,api/normal,1.45,0,1,none
2026-03-14T01:13:18+00:00,api/error,2.27,1,1,SYSTEM_ERROR
2026-03-14T01:13:18+00:00,api/normal,1.97,0,1,none
2026-03-14T01:13:18+00:00,api/normal,0.85,0,1,none
2026-03-14T01:13:19+00:00,api/normal,1.25,0,1,none
2026-03-14T01:13:19+00:00,api/normal,1.66,0,1,none
2026-03-14T01:13:20+00:00,api/slow,1581.28,0,1,none
2026-03-14T01:13:20+00:00,api/error,1.76,1,1,SYSTEM_ERROR
2026-03-14T01:13:20+00:00,api/error,1.68,1,1,SYSTEM_ERROR
2026-03-14T01:13:20+00:00,api/error,2.78,1,1,SYSTEM_ERROR
2026-03-14T01:13:20+00:00,api/error,2.99,1,1,SYSTEM_ERROR
2026-03-14T01:13:20+00:00,api/normal,1.45,0,1,none
2026-03-14T01:13:22+00:00,api/slow,1303.18,0,1,none
2026-03-14T01:13:22+00:00,api/error,10.63,1,1,SYSTEM_ERROR
2026-03-14T01:13:23+00:00,api/slow,1226.15,0,1,none
2026-03-14T01:13:23+00:00,api/error,2.56,1,1,SYSTEM_ERROR
2026-03-14T01:13:23+00:00,api/error,2.22,1,1,SYSTEM_ERROR
2026-03-14T01:13:23+00:00,api/error,3.07,1,1,SYSTEM_ERROR
2026-03-14T01:13:23+00:00,api/normal,1.14,0,1,none
2026-03-14T01:13:23+00:00,api/error,2.15,1,1,SYSTEM_ERROR
2026-03-14T01:13:23+00:00,api/error,3.98,1,1,SYSTEM_ERROR
2026-03-14T01:13:23+00:00,api/error,3.22,1,1,SYSTEM_ERROR
2026-03-14T01:13:23+00:00,api/error,2.13,1,1,SYSTEM_ERROR
2026-03-14T01:13:23+00:00,api/error,3.97,1,1,SYSTEM_ERROR
2026-03-14T01:13:23+00:00,api/error,2.6,1,1,SYSTEM_ERROR
2026-03-14T01:13:23+00:00,api/normal,1.39,0,1,none
2026-03-14T01:13:23+00:00,api/normal,0.89,0,1,none
2026-03-14T01:13:30+00:00,api/slow,7002.74,0,1,TIMEOUT_ERROR
2026-03-14T01:13:30+00:00,api/normal,2.99,0,1,none
2026-03-14T01:13:30+00:00,api/normal,1.14,0,1,none
2026-03-14T01:13:37+00:00,api/slow,6004.21,0,1,TIMEOUT_ERROR
2026-03-14T01:13:37+00:00,api/error,3.75,1,1,SYSTEM_ERROR
2026-03-14T01:13:38+00:00,api/slow,1702.7,0,1,none
2026-03-14T01:13:38+00:00,api/error,2.14,1,1,SYSTEM_ERROR
2026-03-14T01:13:38+00:00,api/normal,0.84,0,1,none
2026-03-14T01:13:38+00:00,api/error,2.62,1,1,SYSTEM_ERROR
2026-03-14T01:13:38+00:00,api/normal,0.91,0,1,none
2026-03-14T01:13:38+00:00,api/normal,0.85,0,1,none
2026-03-14T01:13:40+00:00,api/slow,1958.39,0,1,none
2026-03-14T01:13:42+00:00,api/slow,1538.04,0,1,none
2026-03-14T01:13:42+00:00,api/normal,1.05,0,1,none
2026-03-14T01:13:42+00:00,api/normal,1.52,0,1,none
2026-03-14T01:13:42+00:00,api/error,3.72,1,1,SYSTEM_ERROR
2026-03-14T01:13:42+00:00,api/error,3.19,1,1,SYSTEM_ERROR
2026-03-14T01:13:43+00:00,api/slow,1121.05,0,1,none
2026-03-14T01:13:43+00:00,api/normal,1.11,0,1,none
2026-03-14T01:13:49+00:00,api/slow,6011.08,0,1,TIMEOUT_ERROR
2026-03-14T01:13:51+00:00,api/slow,1256.56,0,1,none
2026-03-14T01:13:57+00:00,api/slow,6015.06,0,1,TIMEOUT_ERROR
2026-03-14T01:13:57+00:00,api/normal,0.93,0,1,none
2026-03-14T01:13:57+00:00,api/normal,0.89,0,1,none
2026-03-14T01:13:58+00:00,api/slow,1424.47,0,1,none
2026-03-14T01:13:58+00:00,api/error,4.58,1,1,SYSTEM_ERROR
2026-03-14T01:14:04+00:00,api/slow,6014.33,0,1,TIMEOUT_ERROR
2026-03-14T01:14:04+00:00,api/error,6.28,1,1,SYSTEM_ERROR
2026-03-14T01:14:04+00:00,api/normal,1.93,0,1,none
2026-03-14T01:14:04+00:00,api/error,3.74,1,1,SYSTEM_ERROR
2026-03-14T01:14:04+00:00,api/error,2.05,1,1,SYSTEM_ERROR
2026-03-14T01:14:04+00:00,api/normal,0.64,0,1,none
2026-03-14T01:14:10+00:00,api/slow,6006.07,0,1,TIMEOUT_ERROR
2026-03-14T01:14:11+00:00,api/normal,1.38,0,1,none
2026-03-14T01:14:18+00:00,api/slow,7012.23,0,1,TIMEOUT_ERROR
2026-03-14T01:14:18+00:00,api/error,9.2,1,1,SYSTEM_ERROR
2026-03-14T01:14:18+00:00,api/error,3.65,1,1,SYSTEM_ERROR
2026-03-14T01:14:18+00:00,api/error,3.2,1,1,SYSTEM_ERROR
2026-03-14T01:14:18+00:00,api/normal,0.87,0,1,none
2026-03-14T01:14:20+00:00,api/slow,1724.21,0,1,none
2026-03-14T01:14:20+00:00,api/normal,3.29,0,1,none
2026-03-14T01:14:20+00:00,api/normal,4.42,0,1,none
2026-03-14T01:14:20+00:00,api/error,7.75,1,1,SYSTEM_ERROR
2026-03-14T01:14:20+00:00,api/normal,2.99,0,1,none
2026-03-14T01:14:20+00:00,api/normal,1.35,0,1,none
2026-03-14T01:14:20+00:00,api/normal,1.89,0,1,none
2026-03-14T01:14:21+00:00,api/slow,1398.86,0,1,none
2026-03-14T01:14:21+00:00,api/error,4.35,1,1,SYSTEM_ERROR
2026-03-14T01:14:21+00:00,api/error,3.14,1,1,SYSTEM_ERROR
2026-03-14T01:14:21+00:00,api/error,2.93,1,1,SYSTEM_ERROR
2026-03-14T01:14:21+00:00,api/error,1.68,1,1,SYSTEM_ERROR
2026-03-14T01:14:21+00:00,api/normal,0.68,0,1,none
2026-03-14T01:14:21+00:00,api/error,3.89,1,1,SYSTEM_ERROR
2026-03-14T01:14:21+00:00,api/normal,1.47,0,1,none
2026-03-14T01:14:21+00:00,api/error,2.64,1,1,SYSTEM_ERROR
2026-03-14T01:14:22+00:00,api/normal,0.87,0,1,none
2026-03-14T01:14:22+00:00,api/error,3.1,1,1,SYSTEM_ERROR
2026-03-14T01:14:22+00:00,api/error,3.4,1,1,SYSTEM_ERROR
2026-03-14T01:14:22+00:00,api/normal,1.05,0,1,none
2026-03-14T01:14:22+00:00,api/error,1.64,1,1,SYSTEM_ERROR
2026-03-14T01:14:22+00:00,api/normal,1.23,0,1,none
2026-03-14T01:14:22+00:00,api/normal,1.73,0,1,none
2026-03-14T01:14:28+00:00,api/slow,6007.81,0,1,TIMEOUT_ERROR
2026-03-14T01:14:33+00:00,api/slow,5010.9,0,1,TIMEOUT_ERROR
2026-03-14T01:14:33+00:00,api/normal,3.11,0,1,none
2026-03-14T01:14:35+00:00,api/slow,1718.94,0,1,none
2026-03-14T01:14:35+00:00,api/normal,1.07,0,1,none
2026-03-14T01:14:35+00:00,api/normal,1.43,0,1,none
2026-03-14T01:14:35+00:00,api/normal,2.23,0,1,none
2026-03-14T01:14:35+00:00,api/normal,1.05,0,1,none
2026-03-14T01:14:35+00:00,api/normal,1.6,0,1,none
2026-03-14T01:14:37+00:00,api/slow,1954.31,0,1,none
2026-03-14T01:14:37+00:00,api/normal,6.91,0,1,none
2026-03-14T01:14:37+00:00,api/normal,2.7,0,1,none
2026-03-14T01:14:37+00:00,api/db,19.8,0,1,none
2026-03-14T01:14:37+00:00,api/normal,1.31,0,1,none
2026-03-14T01:14:37+00:00,api/normal,0.99,0,1,none
2026-03-14T01:14:37+00:00,api/normal,2.25,0,1,none
2026-03-14T01:14:37+00:00,api/normal,1.42,0,1,none
2026-03-14T01:14:37+00:00,api/normal,1.08,0,1,none
2026-03-14T01:14:37+00:00,api/db,5.06,0,1,none
2026-03-14T01:14:37+00:00,api/error,4.14,1,1,SYSTEM_ERROR
2026-03-14T01:14:44+00:00,api/slow,7009.05,0,1,TIMEOUT_ERROR
2026-03-14T01:14:44+00:00,api/normal,3.2,0,1,none
2026-03-14T01:14:44+00:00,api/error,5.7,1,1,SYSTEM_ERROR
2026-03-14T01:14:44+00:00,api/normal,0.84,0,1,none
2026-03-14T01:14:44+00:00,api/normal,0.94,0,1,none
2026-03-14T01:14:44+00:00,api/error,3.26,1,1,SYSTEM_ERROR
2026-03-14T01:14:44+00:00,api/error,3.81,1,1,SYSTEM_ERROR
2026-03-14T01:14:44+00:00,api/normal,1.46,0,1,none
2026-03-14T01:14:44+00:00,api/normal,0.84,0,1,none
2026-03-14T01:14:44+00:00,api/normal,1.86,0,1,none
2026-03-14T01:14:44+00:00,api/normal,1.81,0,1,none
2026-03-14T01:14:44+00:00,api/normal,1.01,0,1,none
2026-03-14T01:14:45+00:00,api/error,3.86,1,1,SYSTEM_ERROR
2026-03-14T01:14:45+00:00,api/normal,1.03,0,1,none
2026-03-14T01:14:45+00:00,api/normal,1.66,0,1,none
2026-03-14T01:14:45+00:00,api/error,2.13,1,1,SYSTEM_ERROR
2026-03-14T01:14:45+00:00,api/error,4.68,1,1,SYSTEM_ERROR
2026-03-14T01:14:45+00:00,api/error,4.98,1,1,SYSTEM_ERROR
2026-03-14T01:14:45+00:00,api/error,2.86,1,1,SYSTEM_ERROR
2026-03-14T01:14:45+00:00,api/normal,1.65,0,1,none
2026-03-14T01:14:52+00:00,api/slow,7012.43,0,1,TIMEOUT_ERROR
2026-03-14T01:14:52+00:00,api/normal,1.71,0,1,none
2026-03-14T01:14:52+00:00,api/normal,3.33,0,1,none
2026-03-14T01:14:52+00:00,api/normal,0.99,0,1,none
2026-03-14T01:14:52+00:00,api/error,5.34,1,1,SYSTEM_ERROR
2026-03-14T01:14:54+00:00,api/slow,1678.41,0,1,none
2026-03-14T01:14:54+00:00,api/normal,1.09,0,1,none
2026-03-14T01:14:54+00:00,api/normal,1.09,0,1,none
2026-03-14T01:14:54+00:00,api/error,2.47,1,1,SYSTEM_ERROR
2026-03-14T01:14:54+00:00,api/normal,2.76,0,1,none
2026-03-14T01:14:55+00:00,api/slow,1599.42,0,1,none
2026-03-14T01:14:55+00:00,api/normal,2.41,0,1,none
2026-03-14T01:14:55+00:00,api/error,2.61,1,1,SYSTEM_ERROR
2026-03-14T01:14:55+00:00,api/db,4.37,0,1,none
2026-03-14T01:14:56+00:00,api/normal,1.24,0,1,none
2026-03-14T01:15:01+00:00,api/slow,5015.26,0,1,TIMEOUT_ERROR
2026-03-14T01:15:01+00:00,api/normal,2.37,0,1,none
2026-03-14T01:15:01+00:00,api/error,3.67,1,1,SYSTEM_ERROR
2026-03-14T01:15:01+00:00,api/normal,0.86,0,1,none
2026-03-14T01:15:01+00:00,api/normal,0.79,0,1,none
2026-03-14T01:15:01+00:00,api/error,2.26,1,1,SYSTEM_ERROR
2026-03-14T01:15:01+00:00,api/error,1.63,1,1,SYSTEM_ERROR
2026-03-14T01:15:01+00:00,api/normal,0.9,0,1,none
2026-03-14T01:15:01+00:00,api/validate,2.81,1,1,UNKNOWN
2026-03-14T01:15:02+00:00,api/slow,1436.49,0,1,none
2026-03-14T01:15:02+00:00,api/error,2.14,1,1,SYSTEM_ERROR
2026-03-14T01:15:02+00:00,api/normal,1.05,0,1,none
2026-03-14T01:15:02+00:00,api/error,2.57,1,1,SYSTEM_ERROR
2026-03-14T01:15:02+00:00,api/normal,0.92,0,1,none
2026-03-14T01:15:02+00:00,api/normal,0.67,0,1,none
2026-03-14T01:15:02+00:00,api/error,1.87,1,1,SYSTEM_ERROR
2026-03-14T01:15:02+00:00,api/normal,0.92,0,1,none
2026-03-14T01:15:02+00:00,api/error,1.94,1,1,SYSTEM_ERROR
2026-03-14T01:15:02+00:00,api/error,2.5,1,1,SYSTEM_ERROR
2026-03-14T01:15:03+00:00,api/normal,0.9,0,1,none
2026-03-14T01:15:03+00:00,api/normal,0.98,0,1,none
2026-03-14T01:15:09+00:00,api/slow,6010.21,0,1,TIMEOUT_ERROR
2026-03-14T01:15:09+00:00,api/normal,1.46,0,1,none
2026-03-14T01:15:09+00:00,api/error,3.91,1,1,SYSTEM_ERROR
2026-03-14T01:15:10+00:00,api/slow,1599.42,0,1,none
2026-03-14T01:15:10+00:00,api/error,2.69,1,1,SYSTEM_ERROR
2026-03-14T01:15:12+00:00,api/slow,1760.49,0,1,none
2026-03-14T01:15:12+00:00,api/normal,0.93,0,1,none
2026-03-14T01:15:17+00:00,api/slow,5001.93,0,1,TIMEOUT_ERROR
2026-03-14T01:15:17+00:00,api/validate,4.55,1,1,UNKNOWN
2026-03-14T01:15:17+00:00,api/normal,1.24,0,1,none
2026-03-14T01:15:17+00:00,api/error,2.39,1,1,SYSTEM_ERROR
2026-03-14T01:15:17+00:00,api/normal,0.67,0,1,none
2026-03-14T01:15:17+00:00,api/normal,0.89,0,1,none
2026-03-14T01:15:17+00:00,api/error,3.5,1,1,SYSTEM_ERROR
2026-03-14T01:15:19+00:00,api/slow,1419.41,0,1,none
2026-03-14T01:15:20+00:00,api/slow,1237.1,0,1,none
2026-03-14T01:15:20+00:00,api/error,5.18,1,1,SYSTEM_ERROR
2026-03-14T01:15:20+00:00,api/normal,1.45,0,1,none
2026-03-14T01:15:20+00:00,api/error,2.38,1,1,SYSTEM_ERROR
2026-03-14T01:15:22+00:00,api/slow,1721.52,0,1,none
2026-03-14T01:15:22+00:00,api/error,5.14,1,1,SYSTEM_ERROR
2026-03-14T01:15:22+00:00,api/normal,0.74,0,1,none
2026-03-14T01:15:23+00:00,api/slow,1290.28,0,1,none
2026-03-14T01:15:23+00:00,api/error,4.53,1,1,SYSTEM_ERROR
2026-03-14T01:15:23+00:00,api/normal,1.62,0,1,none
2026-03-14T01:15:25+00:00,api/slow,1496.96,0,1,none
2026-03-14T01:15:25+00:00,api/normal,1.29,0,1,none
2026-03-14T01:15:25+00:00,api/error,3.2,1,1,SYSTEM_ERROR
2026-03-14T01:15:25+00:00,api/normal,0.6,0,1,none
2026-03-14T01:15:26+00:00,api/slow,1022.04,0,1,none
2026-03-14T01:15:26+00:00,api/normal,1.33,0,1,none
2026-03-14T01:15:26+00:00,api/normal,0.97,0,1,none
2026-03-14T01:15:27+00:00,api/slow,1363.6,0,1,none
2026-03-14T01:15:27+00:00,api/normal,1.06,0,1,none
2026-03-14T01:15:28+00:00,api/normal,1.11,0,1,none
2026-03-14T01:15:28+00:00,api/normal,1.46,0,1,none
2026-03-14T01:15:29+00:00,api/slow,1203.19,0,1,none
2026-03-14T01:15:29+00:00,api/error,5,1,1,SYSTEM_ERROR
2026-03-14T01:15:29+00:00,api/normal,1.13,0,1,none
2026-03-14T01:15:29+00:00,api/normal,0.87,0,1,none
2026-03-14T01:15:29+00:00,api/normal,0.99,0,1,none
2026-03-14T01:15:36+00:00,api/slow,7016.81,0,1,TIMEOUT_ERROR
2026-03-14T01:15:36+00:00,api/normal,2.1,0,1,none
2026-03-14T01:15:36+00:00,api/error,3.22,1,1,SYSTEM_ERROR
2026-03-14T01:15:36+00:00,api/error,1.73,1,1,SYSTEM_ERROR
2026-03-14T01:15:36+00:00,api/error,2.71,1,1,SYSTEM_ERROR
2026-03-14T01:15:36+00:00,api/normal,1.35,0,1,none
2026-03-14T01:15:36+00:00,api/normal,1.03,0,1,none
2026-03-14T01:15:36+00:00,api/normal,0.93,0,1,none
2026-03-14T01:15:36+00:00,api/normal,1.1,0,1,none
2026-03-14T01:15:36+00:00,api/normal,1.37,0,1,none
2026-03-14T01:15:36+00:00,api/normal,1.19,0,1,none
2026-03-14T01:15:36+00:00,api/error,2.58,1,1,SYSTEM_ERROR
2026-03-14T01:15:36+00:00,api/normal,1.55,0,1,none
2026-03-14T01:15:36+00:00,api/error,3.63,1,1,SYSTEM_ERROR
2026-03-14T01:15:36+00:00,api/normal,1.56,0,1,none
2026-03-14T01:15:38+00:00,api/slow,1950.04,0,1,none
2026-03-14T01:15:44+00:00,api/slow,6014.84,0,1,TIMEOUT_ERROR
2026-03-14T01:15:44+00:00,api/normal,1.82,0,1,none
2026-03-14T01:15:44+00:00,api/error,2.43,1,1,SYSTEM_ERROR
2026-03-14T01:15:44+00:00,api/normal,0.72,0,1,none
2026-03-14T01:15:44+00:00,api/error,2.15,1,1,SYSTEM_ERROR
2026-03-14T01:15:45+00:00,api/normal,0.99,0,1,none
2026-03-14T01:15:45+00:00,api/normal,1.39,0,1,none
2026-03-14T01:15:45+00:00,api/error,2.61,1,1,SYSTEM_ERROR
2026-03-14T01:15:45+00:00,api/error,1.94,1,1,SYSTEM_ERROR
2026-03-14T01:15:45+00:00,api/normal,0.61,0,1,none
2026-03-14T01:15:45+00:00,api/normal,0.9,0,1,none
2026-03-14T01:15:45+00:00,api/normal,1.61,0,1,none
2026-03-14T01:15:45+00:00,api/normal,1.26,0,1,none
2026-03-14T01:15:45+00:00,api/normal,0.92,0,1,none
2026-03-14T01:15:45+00:00,api/normal,0.97,0,1,none
2026-03-14T01:15:45+00:00,api/error,3.96,1,1,SYSTEM_ERROR
2026-03-14T01:15:47+00:00,api/slow,1753.05,0,1,none
2026-03-14T01:15:48+00:00,api/slow,1235.53,0,1,none
2026-03-14T01:15:48+00:00,api/normal,0.84,0,1,none
2026-03-14T01:15:48+00:00,api/error,2.11,1,1,SYSTEM_ERROR
2026-03-14T01:15:48+00:00,api/normal,0.84,0,1,none
2026-03-14T01:15:48+00:00,api/normal,0.84,0,1,none
2026-03-14T01:15:48+00:00,api/normal,1.5,0,1,none
2026-03-14T01:15:48+00:00,api/error,2.73,1,1,SYSTEM_ERROR
2026-03-14T01:15:48+00:00,api/error,1.95,1,1,SYSTEM_ERROR
2026-03-14T01:15:48+00:00,api/error,1.86,1,1,SYSTEM_ERROR
2026-03-14T01:15:48+00:00,api/normal,0.76,0,1,none
2026-03-14T01:15:48+00:00,api/normal,0.73,0,1,none
2026-03-14T01:15:48+00:00,api/error,1.68,1,1,SYSTEM_ERROR
2026-03-14T01:15:48+00:00,api/normal,0.78,0,1,none
2026-03-14T01:15:48+00:00,api/error,2.24,1,1,SYSTEM_ERROR
2026-03-14T01:15:48+00:00,api/normal,0.81,0,1,none
2026-03-14T01:15:49+00:00,api/slow,1227.21,0,1,none
2026-03-14T01:15:49+00:00,api/normal,1.1,0,1,none
2026-03-14T01:15:49+00:00,api/normal,1.38,0,1,none
2026-03-14T01:15:49+00:00,api/normal,1.06,0,1,none
2026-03-14T01:15:51+00:00,api/slow,1188.63,0,1,none
2026-03-14T01:15:56+00:00,api/slow,5003.96,0,1,TIMEOUT_ERROR
2026-03-14T01:15:58+00:00,api/slow,1912.8,0,1,none
2026-03-14T01:15:58+00:00,api/error,2.63,1,1,SYSTEM_ERROR
2026-03-14T01:15:58+00:00,api/normal,1.06,0,1,none
2026-03-14T01:15:58+00:00,api/validate,2.2,1,1,UNKNOWN
2026-03-14T01:15:58+00:00,api/error,2.15,1,1,SYSTEM_ERROR
2026-03-14T01:15:58+00:00,api/error,3.19,1,1,SYSTEM_ERROR
2026-03-14T01:15:58+00:00,api/error,2.29,1,1,SYSTEM_ERROR
2026-03-14T01:15:58+00:00,api/error,2.28,1,1,SYSTEM_ERROR
2026-03-14T01:15:58+00:00,api/error,2.47,1,1,SYSTEM_ERROR
2026-03-14T01:15:58+00:00,api/error,2.04,1,1,SYSTEM_ERROR
2026-03-14T01:15:58+00:00,api/error,2.62,1,1,SYSTEM_ERROR
2026-03-14T01:15:58+00:00,api/normal,0.85,0,1,none
2026-03-14T01:16:05+00:00,api/slow,7002.4,0,1,TIMEOUT_ERROR
2026-03-14T01:16:05+00:00,api/validate,3.65,1,1,UNKNOWN
2026-03-14T01:16:05+00:00,api/db,29.44,0,1,none
2026-03-14T01:16:06+00:00,api/slow,1308.42,0,1,none
2026-03-14T01:16:06+00:00,api/error,2.78,1,1,SYSTEM_ERROR
2026-03-14T01:16:06+00:00,api/error,3.06,1,1,SYSTEM_ERROR
2026-03-14T01:16:07+00:00,api/slow,1060.83,0,1,none
2026-03-14T01:16:07+00:00,api/normal,1.11,0,1,none
2026-03-14T01:16:09+00:00,api/slow,1292.15,0,1,none
2026-03-14T01:16:09+00:00,api/db,4.59,0,1,none
2026-03-14T01:16:09+00:00,api/error,2.35,1,1,SYSTEM_ERROR
2026-03-14T01:16:09+00:00,api/error,2.87,1,1,SYSTEM_ERROR
2026-03-14T01:16:10+00:00,api/slow,1535.23,0,1,none
2026-03-14T01:16:10+00:00,api/normal,1.04,0,1,none
2026-03-14T01:16:10+00:00,api/normal,0.88,0,1,none
2026-03-14T01:16:12+00:00,api/slow,1075.65,0,1,none
2026-03-14T01:16:12+00:00,api/normal,1.82,0,1,none
2026-03-14T01:16:12+00:00,api/normal,1.09,0,1,none
2026-03-14T01:16:13+00:00,api/slow,1439.94,0,1,none
2026-03-14T01:16:13+00:00,api/validate,3.08,1,1,UNKNOWN
2026-03-14T01:16:13+00:00,api/error,2.58,1,1,SYSTEM_ERROR
2026-03-14T01:16:13+00:00,api/normal,1.18,0,1,none
2026-03-14T01:16:13+00:00,api/error,2.14,1,1,SYSTEM_ERROR
2026-03-14T01:16:13+00:00,api/normal,1.25,0,1,none
2026-03-14T01:16:13+00:00,api/error,2.71,1,1,SYSTEM_ERROR
2026-03-14T01:16:13+00:00,api/normal,0.94,0,1,none
2026-03-14T01:16:13+00:00,api/normal,1.26,0,1,none
2026-03-14T01:16:13+00:00,api/error,2.73,1,1,SYSTEM_ERROR
2026-03-14T01:16:13+00:00,api/normal,0.72,0,1,none
2026-03-14T01:16:13+00:00,api/error,2.58,1,1,SYSTEM_ERROR
2026-03-14T01:16:13+00:00,api/normal,0.83,0,1,none
2026-03-14T01:16:13+00:00,api/normal,1.14,0,1,none
2026-03-14T01:16:13+00:00,api/normal,1.2,0,1,none
2026-03-14T01:16:19+00:00,api/slow,6005.31,0,1,TIMEOUT_ERROR
2026-03-14T01:16:19+00:00,api/normal,2.03,0,1,none
2026-03-14T01:16:19+00:00,api/error,3.39,1,1,SYSTEM_ERROR
2026-03-14T01:16:20+00:00,api/error,3.1,1,1,SYSTEM_ERROR
2026-03-14T01:16:20+00:00,api/db,4.43,0,1,none
2026-03-14T01:16:20+00:00,api/error,2.87,1,1,SYSTEM_ERROR
2026-03-14T01:16:20+00:00,api/error,7.43,1,1,SYSTEM_ERROR
2026-03-14T01:16:20+00:00,api/normal,1.62,0,1,none
2026-03-14T01:16:20+00:00,api/error,5.01,1,1,SYSTEM_ERROR
2026-03-14T01:16:20+00:00,api/normal,1.06,0,1,none
2026-03-14T01:16:20+00:00,api/normal,1.63,0,1,none
2026-03-14T01:16:20+00:00,api/error,3.32,1,1,SYSTEM_ERROR
2026-03-14T01:16:27+00:00,api/slow,7004.84,0,1,TIMEOUT_ERROR
2026-03-14T01:16:27+00:00,api/normal,1.7,0,1,none
2026-03-14T01:16:27+00:00,api/error,2.16,1,1,SYSTEM_ERROR
2026-03-14T01:16:27+00:00,api/error,2.29,1,1,SYSTEM_ERROR
2026-03-14T01:16:27+00:00,api/validate,2.45,1,1,UNKNOWN
2026-03-14T01:16:27+00:00,api/error,2.66,1,1,SYSTEM_ERROR
2026-03-14T01:16:27+00:00,api/error,2.79,1,1,SYSTEM_ERROR
2026-03-14T01:16:27+00:00,api/error,3.69,1,1,SYSTEM_ERROR
2026-03-14T01:16:27+00:00,api/error,1.8,1,1,SYSTEM_ERROR
2026-03-14T01:16:27+00:00,api/normal,1.77,0,1,none
2026-03-14T01:16:29+00:00,api/slow,1570.59,0,1,none
2026-03-14T01:16:29+00:00,api/normal,1.11,0,1,none
2026-03-14T01:16:29+00:00,api/normal,1.18,0,1,none
2026-03-14T01:16:30+00:00,api/slow,1115.36,0,1,none
2026-03-14T01:16:30+00:00,api/normal,1.45,0,1,none
2026-03-14T01:16:30+00:00,api/error,2.44,1,1,SYSTEM_ERROR
2026-03-14T01:16:30+00:00,api/normal,0.58,0,1,none
2026-03-14T01:16:30+00:00,api/error,2.67,1,1,SYSTEM_ERROR
2026-03-14T01:16:32+00:00,api/slow,1595.72,0,1,none
2026-03-14T01:16:32+00:00,api/normal,1.18,0,1,none
2026-03-14T01:16:32+00:00,api/normal,0.97,0,1,none
2026-03-14T01:16:32+00:00,api/error,1.84,1,1,SYSTEM_ERROR
2026-03-14T01:16:32+00:00,api/normal,0.87,0,1,none
2026-03-14T01:16:33+00:00,api/slow,1584.4,0,1,none
2026-03-14T01:16:38+00:00,api/slow,5014.58,0,1,TIMEOUT_ERROR
2026-03-14T01:16:44+00:00,api/slow,6014.19,0,1,TIMEOUT_ERROR
2026-03-14T01:16:44+00:00,api/normal,1.25,0,1,none
2026-03-14T01:16:44+00:00,api/normal,1.44,0,1,none
2026-03-14T01:16:44+00:00,api/error,2.81,1,1,SYSTEM_ERROR
2026-03-14T01:16:45+00:00,api/normal,0.91,0,1,none
2026-03-14T01:16:45+00:00,api/error,1.94,1,1,SYSTEM_ERROR
2026-03-14T01:16:45+00:00,api/normal,0.95,0,1,none
2026-03-14T01:16:45+00:00,api/error,3.61,1,1,SYSTEM_ERROR
2026-03-14T01:16:51+00:00,api/slow,6015.6,0,1,TIMEOUT_ERROR
2026-03-14T01:16:51+00:00,api/normal,1.78,0,1,none
2026-03-14T01:16:51+00:00,api/normal,1.28,0,1,none
2026-03-14T01:16:51+00:00,api/error,2.65,1,1,SYSTEM_ERROR
2026-03-14T01:16:51+00:00,api/normal,0.89,0,1,none
2026-03-14T01:16:51+00:00,api/error,2.2,1,1,SYSTEM_ERROR
2026-03-14T01:16:52+00:00,api/slow,1446.43,0,1,none
2026-03-14T01:16:52+00:00,api/normal,0.71,0,1,none
2026-03-14T01:16:52+00:00,api/normal,1.87,0,1,none
2026-03-14T01:16:54+00:00,api/slow,1502.2,0,1,none
2026-03-14T01:16:54+00:00,api/validate,5.69,1,1,UNKNOWN
2026-03-14T01:16:54+00:00,api/db,3.92,0,1,none
2026-03-14T01:16:54+00:00,api/normal,0.58,0,1,none
2026-03-14T01:16:54+00:00,api/normal,0.98,0,1,none
2026-03-14T01:16:54+00:00,api/normal,0.84,0,1,none
2026-03-14T01:16:54+00:00,api/error,2.46,1,1,SYSTEM_ERROR
2026-03-14T01:16:54+00:00,api/normal,1.14,0,1,none
2026-03-14T01:16:54+00:00,api/normal,0.98,0,1,none
2026-03-14T01:16:54+00:00,api/normal,0.86,0,1,none
2026-03-14T01:16:54+00:00,api/validate,2.98,1,1,UNKNOWN
2026-03-14T01:16:54+00:00,api/error,4.82,1,1,SYSTEM_ERROR
2026-03-14T01:16:54+00:00,api/error,3.38,1,1,SYSTEM_ERROR
2026-03-14T01:16:54+00:00,api/normal,1.6,0,1,none
2026-03-14T01:16:54+00:00,api/normal,0.9,0,1,none
2026-03-14T01:16:54+00:00,api/normal,1.71,0,1,none
2026-03-14T01:16:54+00:00,api/error,2.09,1,1,SYSTEM_ERROR
2026-03-14T01:16:54+00:00,api/normal,1.1,0,1,none
2026-03-14T01:16:54+00:00,api/normal,1.31,0,1,none
2026-03-14T01:16:55+00:00,api/slow,1022.43,0,1,none
2026-03-14T01:16:56+00:00,api/slow,1098.45,0,1,none
2026-03-14T01:16:57+00:00,api/error,3.14,1,1,SYSTEM_ERROR
2026-03-14T01:16:57+00:00,api/error,1.73,1,1,SYSTEM_ERROR
2026-03-14T01:17:04+00:00,api/slow,7006.36,0,1,TIMEOUT_ERROR
2026-03-14T01:17:04+00:00,api/normal,1.69,0,1,none
2026-03-14T01:17:04+00:00,api/validate,2.7,1,1,UNKNOWN
2026-03-14T01:17:04+00:00,api/error,2.27,1,1,SYSTEM_ERROR
2026-03-14T01:17:11+00:00,api/slow,7008.73,0,1,TIMEOUT_ERROR
2026-03-14T01:17:11+00:00,api/normal,1.4,0,1,none
2026-03-14T01:17:11+00:00,api/normal,0.61,0,1,none
2026-03-14T01:17:11+00:00,api/validate,1.73,1,1,UNKNOWN
2026-03-14T01:17:17+00:00,api/slow,6002.84,0,1,TIMEOUT_ERROR
2026-03-14T01:17:17+00:00,api/normal,1.49,0,1,none
2026-03-14T01:17:17+00:00,api/error,2.78,1,1,SYSTEM_ERROR
2026-03-14T01:17:17+00:00,api/error,1.95,1,1,SYSTEM_ERROR
2026-03-14T01:17:17+00:00,api/normal,1,0,1,none
2026-03-14T01:17:17+00:00,api/error,1.89,1,1,SYSTEM_ERROR
2026-03-14T01:17:17+00:00,api/normal,0.94,0,1,none
2026-03-14T01:17:23+00:00,api/slow,6006.3,0,1,TIMEOUT_ERROR
2026-03-14T01:17:23+00:00,api/normal,2.6,0,1,none
2026-03-14T01:17:23+00:00,api/error,2.6,1,1,SYSTEM_ERROR
2026-03-14T01:17:23+00:00,api/error,3.14,1,1,SYSTEM_ERROR
2026-03-14T01:17:23+00:00,api/normal,1.14,0,1,none
2026-03-14T01:17:23+00:00,api/error,2.84,1,1,SYSTEM_ERROR
2026-03-14T01:17:23+00:00,api/normal,1.24,0,1,none
2026-03-14T01:17:25+00:00,api/slow,1491.41,0,1,none
2026-03-14T01:17:25+00:00,api/error,1.91,1,1,SYSTEM_ERROR
2026-03-14T01:17:25+00:00,api/error,3.96,1,1,SYSTEM_ERROR
2026-03-14T01:17:25+00:00,api/normal,1.08,0,1,none
2026-03-14T01:17:25+00:00,api/normal,1.02,0,1,none
2026-03-14T01:17:27+00:00,api/slow,1926.67,0,1,none
2026-03-14T01:17:27+00:00,api/error,4.09,1,1,SYSTEM_ERROR
2026-03-14T01:17:29+00:00,api/slow,1921.01,0,1,none
2026-03-14T01:17:29+00:00,api/error,2.44,1,1,SYSTEM_ERROR
2026-03-14T01:17:29+00:00,api/error,3.04,1,1,SYSTEM_ERROR
2026-03-14T01:17:29+00:00,api/normal,1.43,0,1,none
2026-03-14T01:17:30+00:00,api/slow,1472.19,0,1,none
2026-03-14T01:17:30+00:00,api/error,4.25,1,1,SYSTEM_ERROR
2026-03-14T01:17:30+00:00,api/error,4.08,1,1,SYSTEM_ERROR
2026-03-14T01:17:31+00:00,api/validate,3.59,1,1,UNKNOWN
2026-03-14T01:17:31+00:00,api/normal,0.98,0,1,none
2026-03-14T01:17:32+00:00,api/slow,1492.76,0,1,none
2026-03-14T01:17:37+00:00,api/slow,5008.7,0,1,TIMEOUT_ERROR
2026-03-14T01:17:37+00:00,api/error,4.23,1,1,SYSTEM_ERROR
2026-03-14T01:17:37+00:00,api/error,4.49,1,1,SYSTEM_ERROR
2026-03-14T01:17:37+00:00,api/error,5.33,1,1,SYSTEM_ERROR
2026-03-14T01:17:37+00:00,api/error,2.35,1,1,SYSTEM_ERROR
2026-03-14T01:17:37+00:00,api/normal,0.77,0,1,none
2026-03-14T01:17:37+00:00,api/error,3.07,1,1,SYSTEM_ERROR
2026-03-14T01:17:37+00:00,api/normal,0.92,0,1,none
2026-03-14T01:17:37+00:00,api/normal,1.02,0,1,none
2026-03-14T01:17:37+00:00,api/normal,0.81,0,1,none
2026-03-14T01:17:37+00:00,api/validate,4.18,1,1,UNKNOWN
2026-03-14T01:17:37+00:00,api/normal,1.12,0,1,none
2026-03-14T01:17:38+00:00,api/normal,1.07,0,1,none
2026-03-14T01:17:38+00:00,api/normal,0.85,0,1,none
2026-03-14T01:17:38+00:00,api/normal,1.17,0,1,none
2026-03-14T01:17:38+00:00,api/error,2.23,1,1,SYSTEM_ERROR
2026-03-14T01:17:38+00:00,api/normal,0.9,0,1,none
2026-03-14T01:17:38+00:00,api/error,4.95,1,1,SYSTEM_ERROR
2026-03-14T01:17:38+00:00,api/db,4.23,0,1,none
2026-03-14T01:17:40+00:00,api/slow,1821.3,0,1,none
2026-03-14T01:17:41+00:00,api/slow,1670.19,0,1,none
2026-03-14T01:17:41+00:00,api/error,3.79,1,1,SYSTEM_ERROR
2026-03-14T01:17:41+00:00,api/normal,1.77,0,1,none
2026-03-14T01:17:41+00:00,api/error,3.98,1,1,SYSTEM_ERROR
2026-03-14T01:17:41+00:00,api/normal,2.47,0,1,none
2026-03-14T01:17:41+00:00,api/error,2.45,1,1,SYSTEM_ERROR
2026-03-14T01:17:46+00:00,api/slow,5015.34,0,1,TIMEOUT_ERROR
2026-03-14T01:17:47+00:00,api/normal,1.86,0,1,none
2026-03-14T01:17:47+00:00,api/error,3.29,1,1,SYSTEM_ERROR
2026-03-14T01:17:47+00:00,api/normal,1.01,0,1,none
2026-03-14T01:17:47+00:00,api/normal,1.22,0,1,none
2026-03-14T01:17:47+00:00,api/error,4.52,1,1,SYSTEM_ERROR
2026-03-14T01:17:47+00:00,api/error,4.8,1,1,SYSTEM_ERROR
2026-03-14T01:17:47+00:00,api/db,4.65,0,1,none
2026-03-14T01:17:47+00:00,api/normal,1.03,0,1,none
2026-03-14T01:17:47+00:00,api/normal,3.28,0,1,none
2026-03-14T01:17:47+00:00,api/normal,1.04,0,1,none
2026-03-14T01:17:47+00:00,api/normal,0.75,0,1,none
2026-03-14T01:17:47+00:00,api/normal,1.01,0,1,none
2026-03-14T01:17:54+00:00,api/slow,7002.56,0,1,TIMEOUT_ERROR
2026-03-14T01:17:54+00:00,api/error,3.28,1,1,SYSTEM_ERROR
2026-03-14T01:17:54+00:00,api/error,3.96,1,1,SYSTEM_ERROR
2026-03-14T01:17:54+00:00,api/error,2.49,1,1,SYSTEM_ERROR
2026-03-14T01:17:54+00:00,api/error,3.91,1,1,SYSTEM_ERROR
2026-03-14T01:17:54+00:00,api/error,2.46,1,1,SYSTEM_ERROR
2026-03-14T01:17:56+00:00,api/slow,1946.32,0,1,none
2026-03-14T01:17:56+00:00,api/normal,1.04,0,1,none
2026-03-14T01:17:56+00:00,api/normal,0.86,0,1,none
2026-03-14T01:17:56+00:00,api/normal,1.24,0,1,none
2026-03-14T01:17:56+00:00,api/error,3.17,1,1,SYSTEM_ERROR
2026-03-14T01:17:56+00:00,api/error,4.46,1,1,SYSTEM_ERROR
2026-03-14T01:17:56+00:00,api/normal,1.42,0,1,none
2026-03-14T01:17:56+00:00,api/db,5.47,0,1,none
2026-03-14T01:17:56+00:00,api/normal,1.04,0,1,none
2026-03-14T01:17:56+00:00,api/normal,1.1,0,1,none
2026-03-14T01:17:56+00:00,api/error,4.82,1,1,SYSTEM_ERROR
2026-03-14T01:17:56+00:00,api/error,2.44,1,1,SYSTEM_ERROR
2026-03-14T01:17:56+00:00,api/error,4.4,1,1,SYSTEM_ERROR
2026-03-14T01:17:57+00:00,api/error,1.63,1,1,SYSTEM_ERROR
2026-03-14T01:17:58+00:00,api/slow,1111.77,0,1,none
2026-03-14T01:17:59+00:00,api/slow,1322.93,0,1,none
2026-03-14T01:17:59+00:00,api/normal,0.82,0,1,none
2026-03-14T01:18:00+00:00,api/slow,1161.37,0,1,none
2026-03-14T01:18:00+00:00,api/normal,2.09,0,1,none
2026-03-14T01:18:00+00:00,api/normal,0.72,0,1,none
2026-03-14T01:18:07+00:00,api/slow,7005.77,0,1,TIMEOUT_ERROR
2026-03-14T01:18:07+00:00,api/normal,1.15,0,1,none
2026-03-14T01:18:07+00:00,api/error,6.07,1,1,SYSTEM_ERROR
2026-03-14T01:18:07+00:00,api/normal,0.7,0,1,none
2026-03-14T01:18:09+00:00,api/slow,1055.77,0,1,none
2026-03-14T01:18:16+00:00,api/slow,7011.6,0,1,TIMEOUT_ERROR
2026-03-14T01:18:16+00:00,api/normal,2.03,0,1,none
2026-03-14T01:18:16+00:00,api/normal,0.75,0,1,none
2026-03-14T01:18:16+00:00,api/error,4.28,1,1,SYSTEM_ERROR
2026-03-14T01:18:16+00:00,api/normal,1.54,0,1,none
2026-03-14T01:18:16+00:00,api/error,1.69,1,1,SYSTEM_ERROR
2026-03-14T01:18:16+00:00,api/normal,2.05,0,1,none
2026-03-14T01:18:17+00:00,api/slow,1515.84,0,1,none
2026-03-14T01:18:17+00:00,api/error,2.61,1,1,SYSTEM_ERROR
2026-03-14T01:18:17+00:00,api/error,2.61,1,1,SYSTEM_ERROR
2026-03-14T01:18:17+00:00,api/normal,1.09,0,1,none
2026-03-14T01:18:17+00:00,api/error,3.8,1,1,SYSTEM_ERROR
2026-03-14T01:18:17+00:00,api/error,2.81,1,1,SYSTEM_ERROR
2026-03-14T01:18:17+00:00,api/normal,0.73,0,1,none
2026-03-14T01:18:18+00:00,api/error,1.98,1,1,SYSTEM_ERROR
2026-03-14T01:18:18+00:00,api/normal,3.22,0,1,none
2026-03-14T01:18:18+00:00,api/error,2.63,1,1,SYSTEM_ERROR
2026-03-14T01:18:19+00:00,api/slow,1843.38,0,1,none
2026-03-14T01:18:19+00:00,api/normal,2.17,0,1,none
2026-03-14T01:18:21+00:00,api/slow,1991.17,0,1,none
2026-03-14T01:18:22+00:00,api/normal,1.38,0,1,none
2026-03-14T01:18:23+00:00,api/slow,1348.19,0,1,none
2026-03-14T01:18:23+00:00,api/error,2.55,1,1,SYSTEM_ERROR
2026-03-14T01:18:23+00:00,api/normal,1.09,0,1,none
2026-03-14T01:18:23+00:00,api/error,2.21,1,1,SYSTEM_ERROR
2026-03-14T01:18:23+00:00,api/normal,0.83,0,1,none
2026-03-14T01:18:23+00:00,api/error,2.19,1,1,SYSTEM_ERROR
2026-03-14T01:18:23+00:00,api/normal,2.03,0,1,none
2026-03-14T01:18:23+00:00,api/normal,0.69,0,1,none
2026-03-14T01:18:23+00:00,api/error,2.75,1,1,SYSTEM_ERROR
2026-03-14T01:18:23+00:00,api/normal,1.18,0,1,none
2026-03-14T01:18:23+00:00,api/normal,1.35,0,1,none
2026-03-14T01:18:23+00:00,api/normal,1.01,0,1,none
2026-03-14T01:18:23+00:00,api/error,3.12,1,1,SYSTEM_ERROR
2026-03-14T01:18:24+00:00,api/slow,1063.54,0,1,none
2026-03-14T01:18:24+00:00,api/normal,1.14,0,1,none
2026-03-14T01:18:26+00:00,api/slow,1976.06,0,1,none
2026-03-14T01:18:26+00:00,api/normal,2.1,0,1,none
2026-03-14T01:18:26+00:00,api/normal,1.29,0,1,none
2026-03-14T01:18:26+00:00,api/normal,2.18,0,1,none
2026-03-14T01:18:26+00:00,api/normal,1.76,0,1,none
2026-03-14T01:18:27+00:00,api/error,2.52,1,1,SYSTEM_ERROR
2026-03-14T01:18:27+00:00,api/error,2.04,1,1,SYSTEM_ERROR
2026-03-14T01:18:28+00:00,api/slow,1173.17,0,1,none
2026-03-14T01:18:28+00:00,api/normal,0.63,0,1,none
2026-03-14T01:18:35+00:00,api/slow,7007.4,0,1,TIMEOUT_ERROR
2026-03-14T01:18:35+00:00,api/error,4.87,1,1,SYSTEM_ERROR
2026-03-14T01:18:36+00:00,api/slow,1056.57,0,1,none
2026-03-14T01:18:36+00:00,api/normal,0.97,0,1,none
2026-03-14T01:18:42+00:00,api/slow,6016.18,0,1,TIMEOUT_ERROR
2026-03-14T01:18:42+00:00,api/normal,5.17,0,1,none
2026-03-14T01:18:42+00:00,api/normal,1.18,0,1,none
2026-03-14T01:18:42+00:00,api/normal,1.18,0,1,none
2026-03-14T01:18:42+00:00,api/normal,0.83,0,1,none
2026-03-14T01:18:44+00:00,api/slow,1539.09,0,1,none
2026-03-14T01:18:44+00:00,api/error,2.73,1,1,SYSTEM_ERROR
2026-03-14T01:18:44+00:00,api/normal,1.26,0,1,none
2026-03-14T01:18:44+00:00,api/db,4.3,0,1,none
2026-03-14T01:18:44+00:00,api/error,2.97,1,1,SYSTEM_ERROR
2026-03-14T01:18:44+00:00,api/error,2.22,1,1,SYSTEM_ERROR
2026-03-14T01:18:44+00:00,api/normal,1.3,0,1,none
2026-03-14T01:18:44+00:00,api/error,2.86,1,1,SYSTEM_ERROR
2026-03-14T01:18:44+00:00,api/normal,1.91,0,1,none
2026-03-14T01:18:51+00:00,api/slow,7014.27,0,1,TIMEOUT_ERROR
2026-03-14T01:18:51+00:00,api/normal,3.08,0,1,none
2026-03-14T01:18:51+00:00,api/normal,1.07,0,1,none
2026-03-14T01:18:53+00:00,api/slow,1512.15,0,1,none
2026-03-14T01:18:53+00:00,api/validate,3.74,1,1,UNKNOWN
2026-03-14T01:18:53+00:00,api/error,2,1,1,SYSTEM_ERROR
2026-03-14T01:18:53+00:00,api/error,2.29,1,1,SYSTEM_ERROR
2026-03-14T01:18:53+00:00,api/normal,0.81,0,1,none
2026-03-14T01:18:53+00:00,api/error,3.27,1,1,SYSTEM_ERROR
2026-03-14T01:18:53+00:00,api/validate,2.84,1,1,UNKNOWN
2026-03-14T01:18:53+00:00,api/error,2.51,1,1,SYSTEM_ERROR
2026-03-14T01:18:53+00:00,api/error,2.35,1,1,SYSTEM_ERROR
2026-03-14T01:18:53+00:00,api/error,3.42,1,1,SYSTEM_ERROR
2026-03-14T01:18:53+00:00,api/normal,0.87,0,1,none
2026-03-14T01:19:00+00:00,api/slow,7012.14,0,1,TIMEOUT_ERROR
2026-03-14T01:19:00+00:00,api/normal,1.49,0,1,none
2026-03-14T01:19:00+00:00,api/error,6.68,1,1,SYSTEM_ERROR
2026-03-14T01:19:00+00:00,api/normal,0.99,0,1,none
2026-03-14T01:19:01+00:00,api/slow,1272.86,0,1,none
2026-03-14T01:19:03+00:00,api/slow,1186.12,0,1,none
2026-03-14T01:19:03+00:00,api/error,4.57,1,1,SYSTEM_ERROR
2026-03-14T01:19:03+00:00,api/normal,0.63,0,1,none
2026-03-14T01:19:03+00:00,api/normal,0.79,0,1,none
2026-03-14T01:19:03+00:00,api/error,3.01,1,1,SYSTEM_ERROR
2026-03-14T01:19:03+00:00,api/error,2.92,1,1,SYSTEM_ERROR
2026-03-14T01:19:03+00:00,api/normal,1.3,0,1,none
2026-03-14T01:19:03+00:00,api/error,1.85,1,1,SYSTEM_ERROR
2026-03-14T01:19:03+00:00,api/error,2.65,1,1,SYSTEM_ERROR
2026-03-14T01:19:03+00:00,api/error,2.86,1,1,SYSTEM_ERROR
2026-03-14T01:19:03+00:00,api/error,2.9,1,1,SYSTEM_ERROR
2026-03-14T01:19:03+00:00,api/error,2.47,1,1,SYSTEM_ERROR
2026-03-14T01:19:04+00:00,api/slow,1347.41,0,1,none
2026-03-14T01:19:04+00:00,api/error,2.71,1,1,SYSTEM_ERROR
2026-03-14T01:19:04+00:00,api/normal,0.6,0,1,none
2026-03-14T01:19:04+00:00,api/normal,1.3,0,1,none
2026-03-14T01:19:04+00:00,api/error,2.39,1,1,SYSTEM_ERROR
2026-03-14T01:19:04+00:00,api/error,1.62,1,1,SYSTEM_ERROR
2026-03-14T01:19:04+00:00,api/error,2.16,1,1,SYSTEM_ERROR
2026-03-14T01:19:04+00:00,api/error,3.2,1,1,SYSTEM_ERROR
2026-03-14T01:19:04+00:00,api/normal,1.45,0,1,none
2026-03-14T01:19:04+00:00,api/error,2.76,1,1,SYSTEM_ERROR
2026-03-14T01:19:05+00:00,api/error,2.33,1,1,SYSTEM_ERROR
2026-03-14T01:19:05+00:00,api/normal,1.32,0,1,none
2026-03-14T01:19:11+00:00,api/slow,6001.09,0,1,TIMEOUT_ERROR
2026-03-14T01:19:11+00:00,api/normal,1.31,0,1,none
2026-03-14T01:19:11+00:00,api/error,1.79,1,1,SYSTEM_ERROR
2026-03-14T01:19:13+00:00,api/slow,1969.4,0,1,none
2026-03-14T01:19:13+00:00,api/normal,0.65,0,1,none
2026-03-14T01:19:13+00:00,api/normal,1.1,0,1,none
2026-03-14T01:19:13+00:00,api/normal,1,0,1,none
2026-03-14T01:19:13+00:00,api/normal,1.08,0,1,none
2026-03-14T01:19:13+00:00,api/normal,1.63,0,1,none
2026-03-14T01:19:13+00:00,api/error,2.11,1,1,SYSTEM_ERROR
2026-03-14T01:19:13+00:00,api/error,2.8,1,1,SYSTEM_ERROR
2026-03-14T01:19:13+00:00,api/normal,1.25,0,1,none
2026-03-14T01:19:13+00:00,api/normal,1.21,0,1,none
2026-03-14T01:19:13+00:00,api/normal,1.92,0,1,none
2026-03-14T01:19:13+00:00,api/normal,1.24,0,1,none
2026-03-14T01:19:13+00:00,api/normal,1.2,0,1,none
2026-03-14T01:19:13+00:00,api/normal,1.58,0,1,none
2026-03-14T01:19:13+00:00,api/normal,1.3,0,1,none
2026-03-14T01:19:13+00:00,api/normal,0.76,0,1,none
2026-03-14T01:19:13+00:00,api/normal,0.83,0,1,none
2026-03-14T01:19:13+00:00,api/normal,1.02,0,1,none
2026-03-14T01:19:13+00:00,api/error,3.15,1,1,SYSTEM_ERROR
2026-03-14T01:19:13+00:00,api/error,1.85,1,1,SYSTEM_ERROR
2026-03-14T01:19:13+00:00,api/validate,2.29,1,1,UNKNOWN
2026-03-14T01:19:13+00:00,api/db,4.31,0,1,none
2026-03-14T01:19:13+00:00,api/error,3.17,1,1,SYSTEM_ERROR
2026-03-14T01:19:15+00:00,api/slow,1376.56,0,1,none
2026-03-14T01:19:15+00:00,api/error,4.12,1,1,SYSTEM_ERROR
2026-03-14T01:19:16+00:00,api/slow,1319.79,0,1,none
2026-03-14T01:19:16+00:00,api/error,3.14,1,1,SYSTEM_ERROR
2026-03-14T01:19:16+00:00,api/normal,1.18,0,1,none
2026-03-14T01:19:16+00:00,api/normal,0.9,0,1,none
2026-03-14T01:19:16+00:00,api/normal,0.82,0,1,none
2026-03-14T01:19:16+00:00,api/normal,0.85,0,1,none
2026-03-14T01:19:18+00:00,api/slow,1575.61,0,1,none
2026-03-14T01:19:18+00:00,api/normal,1.73,0,1,none
2026-03-14T01:19:18+00:00,api/error,1.63,1,1,SYSTEM_ERROR
2026-03-14T01:19:18+00:00,api/error,2.24,1,1,SYSTEM_ERROR
2026-03-14T01:19:19+00:00,api/slow,1082.72,0,1,none
2026-03-14T01:19:19+00:00,api/normal,0.89,0,1,none
2026-03-14T01:19:19+00:00,api/error,2.65,1,1,SYSTEM_ERROR
2026-03-14T01:19:19+00:00,api/normal,1.13,0,1,none
2026-03-14T01:19:19+00:00,api/normal,1.04,0,1,none
2026-03-14T01:19:19+00:00,api/normal,1.16,0,1,none
2026-03-14T01:19:19+00:00,api/normal,0.73,0,1,none
2026-03-14T01:19:19+00:00,api/normal,1.28,0,1,none
2026-03-14T01:19:19+00:00,api/normal,0.9,0,1,none
2026-03-14T01:19:19+00:00,api/normal,1.37,0,1,none
2026-03-14T01:19:19+00:00,api/error,2.11,1,1,SYSTEM_ERROR
2026-03-14T01:19:19+00:00,api/error,2.19,1,1,SYSTEM_ERROR
2026-03-14T01:19:19+00:00,api/normal,1.03,0,1,none
2026-03-14T01:19:19+00:00,api/error,1.92,1,1,SYSTEM_ERROR
2026-03-14T01:19:19+00:00,api/error,3.84,1,1,SYSTEM_ERROR
2026-03-14T01:19:19+00:00,api/error,2.39,1,1,SYSTEM_ERROR
2026-03-14T01:19:19+00:00,api/normal,1.96,0,1,none
2026-03-14T01:19:19+00:00,api/normal,0.89,0,1,none
2026-03-14T01:19:19+00:00,api/normal,0.78,0,1,none
2026-03-14T01:19:19+00:00,api/normal,0.99,0,1,none
2026-03-14T01:19:19+00:00,api/error,2.91,1,1,SYSTEM_ERROR
2026-03-14T01:19:19+00:00,api/error,3,1,1,SYSTEM_ERROR
2026-03-14T01:19:19+00:00,api/normal,0.88,0,1,none
2026-03-14T01:19:19+00:00,api/normal,1.6,0,1,none
2026-03-14T01:19:22+00:00,api/slow,1998.5,0,1,none
2026-03-14T01:19:22+00:00,api/validate,3.79,1,1,UNKNOWN
2026-03-14T01:19:22+00:00,api/error,2.46,1,1,SYSTEM_ERROR
2026-03-14T01:19:22+00:00,api/error,2.9,1,1,SYSTEM_ERROR
2026-03-14T01:19:22+00:00,api/normal,0.96,0,1,none
2026-03-14T01:19:22+00:00,api/error,2.02,1,1,SYSTEM_ERROR
2026-03-14T01:19:22+00:00,api/normal,0.82,0,1,none
2026-03-14T01:19:22+00:00,api/error,1.83,1,1,SYSTEM_ERROR
2026-03-14T01:19:22+00:00,api/error,4.16,1,1,SYSTEM_ERROR
2026-03-14T01:19:24+00:00,api/slow,1872.36,0,1,none
2026-03-14T01:19:25+00:00,api/slow,1017.84,0,1,none
2026-03-14T01:19:25+00:00,api/normal,2.24,0,1,none
2026-03-14T01:19:25+00:00,api/error,2.57,1,1,SYSTEM_ERROR
2026-03-14T01:19:25+00:00,api/error,3.42,1,1,SYSTEM_ERROR
2026-03-14T01:19:31+00:00,api/slow,6002.72,0,1,TIMEOUT_ERROR
2026-03-14T01:19:31+00:00,api/error,9.65,1,1,SYSTEM_ERROR
2026-03-14T01:19:31+00:00,api/normal,0.87,0,1,none
2026-03-14T01:19:31+00:00,api/error,3.42,1,1,SYSTEM_ERROR
2026-03-14T01:19:31+00:00,api/error,3.28,1,1,SYSTEM_ERROR
2026-03-14T01:19:31+00:00,api/error,3.31,1,1,SYSTEM_ERROR
2026-03-14T01:19:31+00:00,api/normal,1.78,0,1,none
2026-03-14T01:19:31+00:00,api/normal,1.14,0,1,none
2026-03-14T01:19:31+00:00,api/error,2.84,1,1,SYSTEM_ERROR
2026-03-14T01:19:31+00:00,api/normal,1.22,0,1,none
2026-03-14T01:19:31+00:00,api/error,3.32,1,1,SYSTEM_ERROR
2026-03-14T01:19:31+00:00,api/normal,1.15,0,1,none
2026-03-14T01:19:31+00:00,api/normal,1.89,0,1,none
2026-03-14T01:19:31+00:00,api/error,2.76,1,1,SYSTEM_ERROR
2026-03-14T01:19:31+00:00,api/normal,1.01,0,1,none
2026-03-14T01:19:31+00:00,api/normal,1.28,0,1,none
2026-03-14T01:19:31+00:00,api/normal,1.05,0,1,none
2026-03-14T01:19:31+00:00,api/normal,1.14,0,1,none
2026-03-14T01:19:31+00:00,api/normal,2.12,0,1,none
2026-03-14T01:19:31+00:00,api/error,5.14,1,1,SYSTEM_ERROR
2026-03-14T01:19:31+00:00,api/normal,1.18,0,1,none
2026-03-14T01:19:31+00:00,api/error,2.96,1,1,SYSTEM_ERROR
2026-03-14T01:19:31+00:00,api/normal,1.41,0,1,none
2026-03-14T01:19:31+00:00,api/error,2.77,1,1,SYSTEM_ERROR
2026-03-14T01:19:31+00:00,api/normal,1.07,0,1,none
2026-03-14T01:19:32+00:00,api/error,3.18,1,1,SYSTEM_ERROR
2026-03-14T01:19:32+00:00,api/error,2.83,1,1,SYSTEM_ERROR
2026-03-14T01:19:32+00:00,api/normal,1.64,0,1,none
2026-03-14T01:19:32+00:00,api/normal,2.04,0,1,none
2026-03-14T01:19:33+00:00,api/slow,1646.95,0,1,none
2026-03-14T01:19:33+00:00,api/normal,0.77,0,1,none
2026-03-14T01:19:33+00:00,api/error,2.69,1,1,SYSTEM_ERROR
2026-03-14T01:19:33+00:00,api/normal,1.24,0,1,none
2026-03-14T01:19:33+00:00,api/normal,1.32,0,1,none
2026-03-14T01:19:33+00:00,api/error,2.99,1,1,SYSTEM_ERROR
2026-03-14T01:19:33+00:00,api/error,2.59,1,1,SYSTEM_ERROR
2026-03-14T01:19:33+00:00,api/error,3.02,1,1,SYSTEM_ERROR
2026-03-14T01:19:34+00:00,api/normal,0.99,0,1,none
2026-03-14T01:19:34+00:00,api/normal,1.2,0,1,none
2026-03-14T01:19:34+00:00,api/normal,1.47,0,1,none
2026-03-14T01:19:35+00:00,api/slow,1075.6,0,1,none
2026-03-14T01:19:42+00:00,api/slow,7016.6,0,1,TIMEOUT_ERROR
2026-03-14T01:19:48+00:00,api/slow,6010.02,0,1,TIMEOUT_ERROR
2026-03-14T01:19:49+00:00,api/slow,1463.88,0,1,none
2026-03-14T01:19:49+00:00,api/normal,0.97,0,1,none
2026-03-14T01:19:49+00:00,api/normal,1.08,0,1,none
2026-03-14T01:19:49+00:00,api/error,2.58,1,1,SYSTEM_ERROR
2026-03-14T01:19:54+00:00,api/slow,5014.51,0,1,TIMEOUT_ERROR
2026-03-14T01:19:56+00:00,api/slow,1183.95,0,1,none
2026-03-14T01:19:56+00:00,api/normal,0.68,0,1,none
2026-03-14T01:19:58+00:00,api/slow,1932.2,0,1,none
2026-03-14T01:19:58+00:00,api/error,2.6,1,1,SYSTEM_ERROR
2026-03-14T01:19:58+00:00,api/normal,0.85,0,1,none
2026-03-14T01:19:58+00:00,api/normal,0.63,0,1,none
2026-03-14T01:19:58+00:00,api/normal,1.03,0,1,none
2026-03-14T01:19:58+00:00,api/db,2.99,0,1,none
2026-03-14T01:19:58+00:00,api/normal,0.82,0,1,none
2026-03-14T01:19:58+00:00,api/error,1.89,1,1,SYSTEM_ERROR
2026-03-14T01:19:58+00:00,api/error,2.05,1,1,SYSTEM_ERROR
2026-03-14T01:19:58+00:00,api/normal,0.91,0,1,none
2026-03-14T01:19:58+00:00,api/normal,0.56,0,1,none
2026-03-14T01:19:58+00:00,api/normal,1.35,0,1,none
2026-03-14T01:19:58+00:00,api/db,2.96,0,1,none
2026-03-14T01:19:58+00:00,api/normal,0.73,0,1,none
2026-03-14T01:19:58+00:00,api/error,2.7,1,1,SYSTEM_ERROR
2026-03-14T01:19:58+00:00,api/error,2.27,1,1,SYSTEM_ERROR
2026-03-14T01:19:58+00:00,api/error,2.14,1,1,SYSTEM_ERROR
2026-03-14T01:19:58+00:00,api/error,2.1,1,1,SYSTEM_ERROR
2026-03-14T01:19:58+00:00,api/normal,0.85,0,1,none
2026-03-14T01:19:58+00:00,api/error,1.38,1,1,SYSTEM_ERROR
2026-03-14T01:19:58+00:00,api/normal,0.75,0,1,none
2026-03-14T01:19:58+00:00,api/error,2.14,1,1,SYSTEM_ERROR
2026-03-14T01:19:59+00:00,api/slow,1262.5,0,1,none
2026-03-14T01:19:59+00:00,api/error,1.42,1,1,SYSTEM_ERROR
2026-03-14T01:19:59+00:00,api/error,1.7,1,1,SYSTEM_ERROR
2026-03-14T01:19:59+00:00,api/db,2.79,0,1,none
2026-03-14T01:19:59+00:00,api/normal,0.66,0,1,none
2026-03-14T01:19:59+00:00,api/normal,1.19,0,1,none
2026-03-14T01:19:59+00:00,api/normal,1.12,0,1,none
2026-03-14T01:19:59+00:00,api/error,2.34,1,1,SYSTEM_ERROR
2026-03-14T01:20:05+00:00,api/slow,6005.72,0,1,TIMEOUT_ERROR
2026-03-14T01:20:05+00:00,api/normal,1.67,0,1,none
2026-03-14T01:20:05+00:00,api/validate,2.69,1,1,UNKNOWN
2026-03-14T01:20:06+00:00,api/normal,1.11,0,1,none
2026-03-14T01:20:06+00:00,api/error,1.71,1,1,SYSTEM_ERROR
2026-03-14T01:20:06+00:00,api/normal,0.92,0,1,none
2026-03-14T01:20:06+00:00,api/error,2.68,1,1,SYSTEM_ERROR
2026-03-14T01:20:06+00:00,api/normal,0.88,0,1,none
2026-03-14T01:20:06+00:00,api/normal,0.7,0,1,none
2026-03-14T01:20:06+00:00,api/normal,0.88,0,1,none
2026-03-14T01:20:06+00:00,api/error,2.86,1,1,SYSTEM_ERROR
2026-03-14T01:20:06+00:00,api/normal,0.83,0,1,none
2026-03-14T01:20:06+00:00,api/normal,1.42,0,1,none
2026-03-14T01:20:06+00:00,api/error,2.66,1,1,SYSTEM_ERROR
2026-03-14T01:20:06+00:00,api/normal,0.81,0,1,none
2026-03-14T01:20:07+00:00,api/slow,1644.08,0,1,none
2026-03-14T01:20:07+00:00,api/normal,0.8,0,1,none
2026-03-14T01:20:07+00:00,api/normal,0.61,0,1,none
2026-03-14T01:20:13+00:00,api/slow,5016.94,0,1,TIMEOUT_ERROR
2026-03-14T01:20:13+00:00,api/db,4.36,0,1,none
2026-03-14T01:20:13+00:00,api/db,26.89,0,1,none
2026-03-14T01:20:13+00:00,api/normal,0.95,0,1,none
2026-03-14T01:20:13+00:00,api/normal,0.89,0,1,none
2026-03-14T01:20:13+00:00,api/error,3.04,1,1,SYSTEM_ERROR
2026-03-14T01:20:13+00:00,api/normal,0.59,0,1,none
2026-03-14T01:20:13+00:00,api/normal,1.51,0,1,none
2026-03-14T01:20:13+00:00,api/normal,0.85,0,1,none
2026-03-14T01:20:13+00:00,api/error,3.02,1,1,SYSTEM_ERROR
2026-03-14T01:20:13+00:00,api/error,2.38,1,1,SYSTEM_ERROR
2026-03-14T01:20:13+00:00,api/error,2.27,1,1,SYSTEM_ERROR
2026-03-14T01:20:13+00:00,api/normal,0.96,0,1,none
2026-03-14T01:20:13+00:00,api/error,2.62,1,1,SYSTEM_ERROR
2026-03-14T01:20:13+00:00,api/error,2.36,1,1,SYSTEM_ERROR
2026-03-14T01:20:13+00:00,api/error,2.31,1,1,SYSTEM_ERROR
2026-03-14T01:20:13+00:00,api/normal,1.13,0,1,none
2026-03-14T01:20:13+00:00,api/error,2.37,1,1,SYSTEM_ERROR
2026-03-14T01:20:13+00:00,api/error,2.42,1,1,SYSTEM_ERROR
2026-03-14T01:20:13+00:00,api/db,4.27,0,1,none
2026-03-14T01:20:15+00:00,api/slow,1654.15,0,1,none
2026-03-14T01:20:15+00:00,api/error,2.73,1,1,SYSTEM_ERROR
2026-03-14T01:20:15+00:00,api/error,3.23,1,1,SYSTEM_ERROR
2026-03-14T01:20:15+00:00,api/normal,1.1,0,1,none
2026-03-14T01:20:15+00:00,api/error,2.32,1,1,SYSTEM_ERROR
2026-03-14T01:20:15+00:00,api/normal,1.16,0,1,none
2026-03-14T01:20:15+00:00,api/normal,1.05,0,1,none
2026-03-14T01:20:15+00:00,api/error,2.38,1,1,SYSTEM_ERROR
2026-03-14T01:20:16+00:00,api/slow,1186.06,0,1,none
2026-03-14T01:20:16+00:00,api/error,4.24,1,1,SYSTEM_ERROR
2026-03-14T01:20:16+00:00,api/normal,1.06,0,1,none
2026-03-14T01:20:16+00:00,api/normal,1.02,0,1,none
2026-03-14T01:20:16+00:00,api/error,2.65,1,1,SYSTEM_ERROR
2026-03-14T01:20:16+00:00,api/error,2.08,1,1,SYSTEM_ERROR
2026-03-14T01:20:22+00:00,api/slow,6015.32,0,1,TIMEOUT_ERROR
2026-03-14T01:20:22+00:00,api/normal,1.45,0,1,none
2026-03-14T01:20:22+00:00,api/normal,0.87,0,1,none
2026-03-14T01:20:22+00:00,api/normal,0.59,0,1,none
2026-03-14T01:20:22+00:00,api/error,3.06,1,1,SYSTEM_ERROR
2026-03-14T01:20:22+00:00,api/normal,0.89,0,1,none
2026-03-14T01:20:22+00:00,api/error,2.39,1,1,SYSTEM_ERROR
2026-03-14T01:20:24+00:00,api/slow,1526.42,0,1,none
2026-03-14T01:20:24+00:00,api/normal,1.24,0,1,none
2026-03-14T01:20:29+00:00,api/slow,5010.47,0,1,TIMEOUT_ERROR
2026-03-14T01:20:34+00:00,api/slow,5004.55,0,1,TIMEOUT_ERROR
2026-03-14T01:20:34+00:00,api/normal,1.51,0,1,none
2026-03-14T01:20:36+00:00,api/slow,1539.74,0,1,none
2026-03-14T01:20:43+00:00,api/slow,7003.62,0,1,TIMEOUT_ERROR
2026-03-14T01:20:43+00:00,api/error,7.33,1,1,SYSTEM_ERROR
2026-03-14T01:20:43+00:00,api/db,3.14,0,1,none
2026-03-14T01:20:43+00:00,api/normal,0.81,0,1,none
2026-03-14T01:20:43+00:00,api/normal,0.84,0,1,none
2026-03-14T01:20:43+00:00,api/error,2.81,1,1,SYSTEM_ERROR
2026-03-14T01:20:43+00:00,api/normal,0.85,0,1,none
2026-03-14T01:20:43+00:00,api/normal,1.01,0,1,none
2026-03-14T01:20:43+00:00,api/normal,1.91,0,1,none
2026-03-14T01:20:43+00:00,api/error,2.9,1,1,SYSTEM_ERROR
2026-03-14T01:20:43+00:00,api/error,4.23,1,1,SYSTEM_ERROR
2026-03-14T01:20:43+00:00,api/error,2.92,1,1,SYSTEM_ERROR
2026-03-14T01:20:43+00:00,api/normal,0.92,0,1,none
2026-03-14T01:20:43+00:00,api/normal,0.88,0,1,none
2026-03-14T01:20:43+00:00,api/normal,0.9,0,1,none
2026-03-14T01:20:43+00:00,api/error,2.13,1,1,SYSTEM_ERROR
2026-03-14T01:20:48+00:00,api/slow,5012.8,0,1,TIMEOUT_ERROR
2026-03-14T01:20:48+00:00,api/normal,2.14,0,1,none
2026-03-14T01:20:48+00:00,api/error,3.05,1,1,SYSTEM_ERROR
2026-03-14T01:20:48+00:00,api/error,2.8,1,1,SYSTEM_ERROR
2026-03-14T01:20:48+00:00,api/normal,0.69,0,1,none
2026-03-14T01:20:48+00:00,api/normal,1.05,0,1,none
2026-03-14T01:20:48+00:00,api/error,2.72,1,1,SYSTEM_ERROR
2026-03-14T01:20:48+00:00,api/error,3.31,1,1,SYSTEM_ERROR
2026-03-14T01:20:48+00:00,api/normal,0.9,0,1,none
2026-03-14T01:20:48+00:00,api/error,1.91,1,1,SYSTEM_ERROR
2026-03-14T01:20:48+00:00,api/error,3.24,1,1,SYSTEM_ERROR
2026-03-14T01:20:48+00:00,api/db,5.42,0,1,none
2026-03-14T01:20:48+00:00,api/normal,1.06,0,1,none
2026-03-14T01:20:48+00:00,api/normal,0.77,0,1,none
2026-03-14T01:20:50+00:00,api/slow,1198.46,0,1,none
2026-03-14T01:20:50+00:00,api/error,2.21,1,1,SYSTEM_ERROR
2026-03-14T01:20:50+00:00,api/error,5.01,1,1,SYSTEM_ERROR
2026-03-14T01:20:51+00:00,api/slow,1349.93,0,1,none
2026-03-14T01:20:51+00:00,api/error,5.71,1,1,SYSTEM_ERROR
2026-03-14T01:20:51+00:00,api/error,2.61,1,1,SYSTEM_ERROR
2026-03-14T01:20:52+00:00,api/slow,1193.42,0,1,none
2026-03-14T01:20:52+00:00,api/normal,0.84,0,1,none
2026-03-14T01:20:52+00:00,api/normal,0.86,0,1,none
2026-03-14T01:20:52+00:00,api/error,2.03,1,1,SYSTEM_ERROR
2026-03-14T01:20:52+00:00,api/normal,1.61,0,1,none
2026-03-14T01:20:52+00:00,api/normal,0.89,0,1,none
2026-03-14T01:20:53+00:00,api/error,4.31,1,1,SYSTEM_ERROR
2026-03-14T01:20:54+00:00,api/slow,1714.97,0,1,none
2026-03-14T01:20:54+00:00,api/normal,2.78,0,1,none
2026-03-14T01:20:54+00:00,api/db,4.16,0,1,none
2026-03-14T01:20:54+00:00,api/normal,0.97,0,1,none
2026-03-14T01:20:54+00:00,api/normal,1.84,0,1,none
2026-03-14T01:20:54+00:00,api/normal,0.65,0,1,none
2026-03-14T01:20:54+00:00,api/normal,0.77,0,1,none
2026-03-14T01:20:54+00:00,api/normal,1.34,0,1,none
2026-03-14T01:20:55+00:00,api/normal,0.87,0,1,none
2026-03-14T01:20:56+00:00,api/slow,1324.42,0,1,none
2026-03-14T01:20:56+00:00,api/error,1.47,1,1,SYSTEM_ERROR
2026-03-14T01:20:56+00:00,api/normal,0.87,0,1,none
2026-03-14T01:20:56+00:00,api/error,3.16,1,1,SYSTEM_ERROR
2026-03-14T01:20:56+00:00,api/error,5.69,1,1,SYSTEM_ERROR
2026-03-14T01:20:56+00:00,api/error,2.19,1,1,SYSTEM_ERROR
2026-03-14T01:20:56+00:00,api/normal,0.84,0,1,none
2026-03-14T01:20:56+00:00,api/error,2.84,1,1,SYSTEM_ERROR
2026-03-14T01:20:56+00:00,api/error,2.82,1,1,SYSTEM_ERROR
2026-03-14T01:20:56+00:00,api/db,4.83,0,1,none
2026-03-14T01:20:56+00:00,api/normal,2.47,0,1,none
2026-03-14T01:20:56+00:00,api/normal,0.85,0,1,none
2026-03-14T01:20:56+00:00,api/normal,0.8,0,1,none
2026-03-14T01:20:56+00:00,api/error,2.97,1,1,SYSTEM_ERROR
2026-03-14T01:20:56+00:00,api/error,2.04,1,1,SYSTEM_ERROR
2026-03-14T01:20:56+00:00,api/error,5.04,1,1,SYSTEM_ERROR
2026-03-14T01:20:56+00:00,api/normal,0.75,0,1,none
2026-03-14T01:20:56+00:00,api/error,3.4,1,1,SYSTEM_ERROR
2026-03-14T01:20:56+00:00,api/error,5.44,1,1,SYSTEM_ERROR
2026-03-14T01:20:56+00:00,api/normal,1.15,0,1,none
2026-03-14T01:20:56+00:00,api/normal,0.87,0,1,none
2026-03-14T01:20:57+00:00,api/normal,0.74,0,1,none
2026-03-14T01:20:57+00:00,api/normal,1.59,0,1,none
2026-03-14T01:20:57+00:00,api/error,1.57,1,1,SYSTEM_ERROR
2026-03-14T01:20:57+00:00,api/error,3.44,1,1,SYSTEM_ERROR
2026-03-14T01:20:57+00:00,api/error,1.76,1,1,SYSTEM_ERROR
2026-03-14T01:20:57+00:00,api/db,4.36,0,1,none
2026-03-14T01:20:57+00:00,api/normal,0.82,0,1,none
2026-03-14T01:20:57+00:00,api/error,2.94,1,1,SYSTEM_ERROR
2026-03-14T01:20:57+00:00,api/normal,0.75,0,1,none
2026-03-14T01:20:57+00:00,api/normal,0.63,0,1,none
2026-03-14T01:20:57+00:00,api/normal,1.23,0,1,none
2026-03-14T01:20:57+00:00,api/error,2.59,1,1,SYSTEM_ERROR
2026-03-14T01:20:57+00:00,api/error,3.9,1,1,SYSTEM_ERROR
2026-03-14T01:20:57+00:00,api/validate,4.48,1,1,UNKNOWN
2026-03-14T01:20:57+00:00,api/normal,0.86,0,1,none
2026-03-14T01:20:57+00:00,api/error,3.49,1,1,SYSTEM_ERROR
2026-03-14T01:20:57+00:00,api/validate,3.08,1,1,UNKNOWN
2026-03-14T01:20:57+00:00,api/error,2.25,1,1,SYSTEM_ERROR
2026-03-14T01:20:57+00:00,api/db,4.96,0,1,none
2026-03-14T01:20:57+00:00,api/error,2.29,1,1,SYSTEM_ERROR
2026-03-14T01:20:59+00:00,api/slow,1460.43,0,1,none
2026-03-14T01:20:59+00:00,api/error,4.17,1,1,SYSTEM_ERROR
2026-03-14T01:20:59+00:00,api/error,3.42,1,1,SYSTEM_ERROR
2026-03-14T01:20:59+00:00,api/normal,1,0,1,none
2026-03-14T01:20:59+00:00,api/error,2.04,1,1,SYSTEM_ERROR
2026-03-14T01:20:59+00:00,api/normal,0.95,0,1,none
2026-03-14T01:20:59+00:00,api/error,2.78,1,1,SYSTEM_ERROR
2026-03-14T01:20:59+00:00,api/normal,0.99,0,1,none
2026-03-14T01:21:00+00:00,api/slow,1094.14,0,1,none
2026-03-14T01:21:00+00:00,api/error,4.06,1,1,SYSTEM_ERROR
2026-03-14T01:21:00+00:00,api/normal,3.89,0,1,none
2026-03-14T01:21:00+00:00,api/error,7.55,1,1,SYSTEM_ERROR
2026-03-14T01:21:00+00:00,api/error,3.14,1,1,SYSTEM_ERROR
2026-03-14T01:21:00+00:00,api/normal,1.34,0,1,none
2026-03-14T01:21:00+00:00,api/normal,0.87,0,1,none
2026-03-14T01:21:00+00:00,api/error,2.98,1,1,SYSTEM_ERROR
2026-03-14T01:21:00+00:00,api/error,3.09,1,1,SYSTEM_ERROR
2026-03-14T01:21:00+00:00,api/normal,1.58,0,1,none
2026-03-14T01:21:00+00:00,api/error,2.93,1,1,SYSTEM_ERROR
2026-03-14T01:21:00+00:00,api/normal,0.85,0,1,none
2026-03-14T01:21:00+00:00,api/error,2.76,1,1,SYSTEM_ERROR
2026-03-14T01:21:00+00:00,api/error,2.93,1,1,SYSTEM_ERROR
2026-03-14T01:21:00+00:00,api/normal,0.87,0,1,none
2026-03-14T01:21:00+00:00,api/normal,1.42,0,1,none
2026-03-14T01:21:00+00:00,api/normal,0.84,0,1,none
2026-03-14T01:21:00+00:00,api/validate,2.02,1,1,UNKNOWN
2026-03-14T01:21:00+00:00,api/normal,0.97,0,1,none
2026-03-14T01:21:01+00:00,api/error,4.71,1,1,SYSTEM_ERROR
2026-03-14T01:21:02+00:00,api/slow,1721.13,0,1,none
2026-03-14T01:21:02+00:00,api/normal,1.18,0,1,none
2026-03-14T01:21:02+00:00,api/error,5.84,1,1,SYSTEM_ERROR
2026-03-14T01:21:02+00:00,api/normal,1.1,0,1,none
2026-03-14T01:21:02+00:00,api/normal,1.62,0,1,none
2026-03-14T01:21:02+00:00,api/normal,1.9,0,1,none
2026-03-14T01:21:02+00:00,api/normal,1.24,0,1,none
2026-03-14T01:21:07+00:00,api/slow,5003.29,0,1,TIMEOUT_ERROR
2026-03-14T01:21:09+00:00,api/slow,1431.79,0,1,none
2026-03-14T01:21:09+00:00,api/normal,1.02,0,1,none
2026-03-14T01:21:09+00:00,api/normal,1.45,0,1,none
2026-03-14T01:21:11+00:00,api/slow,1979.66,0,1,none
2026-03-14T01:21:11+00:00,api/normal,1.69,0,1,none
2026-03-14T01:21:11+00:00,api/normal,1.19,0,1,none
2026-03-14T01:21:18+00:00,api/slow,7011.64,0,1,TIMEOUT_ERROR
2026-03-14T01:21:20+00:00,api/slow,1985.02,0,1,none
2026-03-14T01:21:20+00:00,api/normal,0.67,0,1,none
2026-03-14T01:21:20+00:00,api/normal,1.18,0,1,none
2026-03-14T01:21:20+00:00,api/error,3.21,1,1,SYSTEM_ERROR
2026-03-14T01:21:20+00:00,api/normal,0.99,0,1,none
2026-03-14T01:21:20+00:00,api/normal,0.8,0,1,none
2026-03-14T01:21:20+00:00,api/normal,0.97,0,1,none
2026-03-14T01:21:20+00:00,api/normal,0.77,0,1,none
2026-03-14T01:21:20+00:00,api/normal,0.94,0,1,none
2026-03-14T01:21:20+00:00,api/error,1.72,1,1,SYSTEM_ERROR
2026-03-14T01:21:22+00:00,api/slow,1788.55,0,1,none
2026-03-14T01:21:24+00:00,api/slow,1943.67,0,1,none
2026-03-14T01:21:24+00:00,api/normal,0.94,0,1,none
2026-03-14T01:21:24+00:00,api/error,3.09,1,1,SYSTEM_ERROR
2026-03-14T01:21:30+00:00,api/slow,6013.07,0,1,TIMEOUT_ERROR
2026-03-14T01:21:30+00:00,api/normal,2.37,0,1,none
2026-03-14T01:21:30+00:00,api/error,3.97,1,1,SYSTEM_ERROR
2026-03-14T01:21:32+00:00,api/slow,1270.12,0,1,none
2026-03-14T01:21:32+00:00,api/normal,0.69,0,1,none
2026-03-14T01:21:32+00:00,api/normal,1.12,0,1,none
2026-03-14T01:21:32+00:00,api/normal,1.06,0,1,none
2026-03-14T01:21:32+00:00,api/error,3.07,1,1,SYSTEM_ERROR
2026-03-14T01:21:32+00:00,api/normal,1.05,0,1,none
2026-03-14T01:21:32+00:00,api/normal,1.3,0,1,none
2026-03-14T01:21:32+00:00,api/error,2.4,1,1,SYSTEM_ERROR
2026-03-14T01:21:32+00:00,api/error,3.38,1,1,SYSTEM_ERROR
2026-03-14T01:21:32+00:00,api/error,5.68,1,1,SYSTEM_ERROR
2026-03-14T01:21:32+00:00,api/error,5.26,1,1,SYSTEM_ERROR
2026-03-14T01:21:32+00:00,api/error,10.45,1,1,SYSTEM_ERROR
2026-03-14T01:21:32+00:00,api/error,7.32,1,1,SYSTEM_ERROR
2026-03-14T01:21:32+00:00,api/normal,0.78,0,1,none
2026-03-14T01:21:34+00:00,api/slow,1518.51,0,1,none
2026-03-14T01:21:34+00:00,api/normal,2.84,0,1,none
2026-03-14T01:21:36+00:00,api/slow,1730.41,0,1,none
2026-03-14T01:21:36+00:00,api/normal,1.14,0,1,none
2026-03-14T01:21:36+00:00,api/error,2.84,1,1,SYSTEM_ERROR
2026-03-14T01:21:37+00:00,api/slow,1029.93,0,1,none
2026-03-14T01:21:37+00:00,api/normal,1.68,0,1,none
2026-03-14T01:21:37+00:00,api/normal,1.41,0,1,none
2026-03-14T01:21:37+00:00,api/normal,2,0,1,none
2026-03-14T01:21:37+00:00,api/normal,1.41,0,1,none
2026-03-14T01:21:44+00:00,api/slow,7017.35,0,1,TIMEOUT_ERROR
2026-03-14T01:21:44+00:00,api/normal,1.2,0,1,none
2026-03-14T01:21:44+00:00,api/error,4.08,1,1,SYSTEM_ERROR
2026-03-14T01:21:49+00:00,api/slow,5010.57,0,1,TIMEOUT_ERROR
2026-03-14T01:21:49+00:00,api/normal,2.38,0,1,none
2026-03-14T01:21:49+00:00,api/error,3.14,1,1,SYSTEM_ERROR
2026-03-14T01:21:49+00:00,api/error,2.95,1,1,SYSTEM_ERROR
2026-03-14T01:21:49+00:00,api/error,1.68,1,1,SYSTEM_ERROR
2026-03-14T01:21:49+00:00,api/error,3.49,1,1,SYSTEM_ERROR
2026-03-14T01:21:49+00:00,api/normal,1.2,0,1,none
2026-03-14T01:21:49+00:00,api/normal,1.07,0,1,none
2026-03-14T01:21:49+00:00,api/normal,1.3,0,1,none
2026-03-14T01:21:51+00:00,api/slow,1803.95,0,1,none
2026-03-14T01:21:51+00:00,api/error,3.16,1,1,SYSTEM_ERROR
2026-03-14T01:21:51+00:00,api/normal,0.87,0,1,none
2026-03-14T01:21:51+00:00,api/error,4.08,1,1,SYSTEM_ERROR
2026-03-14T01:21:57+00:00,api/slow,6010.21,0,1,TIMEOUT_ERROR
2026-03-14T01:21:57+00:00,api/normal,1.47,0,1,none
2026-03-14T01:21:57+00:00,api/normal,2.5,0,1,none
2026-03-14T01:21:57+00:00,api/error,3.05,1,1,SYSTEM_ERROR
2026-03-14T01:21:57+00:00,api/error,2.42,1,1,SYSTEM_ERROR
2026-03-14T01:21:57+00:00,api/error,5.01,1,1,SYSTEM_ERROR
2026-03-14T01:21:57+00:00,api/error,2.77,1,1,SYSTEM_ERROR
2026-03-14T01:21:57+00:00,api/normal,1.08,0,1,none
2026-03-14T01:21:57+00:00,api/normal,1.01,0,1,none
2026-03-14T01:21:57+00:00,api/normal,1.12,0,1,none
2026-03-14T01:21:58+00:00,api/error,3.88,1,1,SYSTEM_ERROR
2026-03-14T01:21:59+00:00,api/slow,1854.52,0,1,none
2026-03-14T01:21:59+00:00,api/error,2.24,1,1,SYSTEM_ERROR
2026-03-14T01:21:59+00:00,api/normal,0.98,0,1,none
2026-03-14T01:21:59+00:00,api/error,3.08,1,1,SYSTEM_ERROR
2026-03-14T01:22:00+00:00,api/error,4.34,1,1,SYSTEM_ERROR
2026-03-14T01:22:00+00:00,api/error,4.21,1,1,SYSTEM_ERROR
2026-03-14T01:22:00+00:00,api/error,2.24,1,1,SYSTEM_ERROR
2026-03-14T01:22:00+00:00,api/normal,0.89,0,1,none
2026-03-14T01:22:00+00:00,api/error,4.19,1,1,SYSTEM_ERROR
2026-03-14T01:22:00+00:00,api/normal,1.16,0,1,none
2026-03-14T01:22:00+00:00,api/error,2.72,1,1,SYSTEM_ERROR
2026-03-14T01:22:00+00:00,api/normal,1.63,0,1,none
2026-03-14T01:22:00+00:00,api/normal,1.52,0,1,none
2026-03-14T01:22:00+00:00,api/normal,2.67,0,1,none
2026-03-14T01:22:00+00:00,api/error,2.05,1,1,SYSTEM_ERROR
2026-03-14T01:22:00+00:00,api/error,9.43,1,1,SYSTEM_ERROR
2026-03-14T01:22:00+00:00,api/normal,4.86,0,1,none
2026-03-14T01:22:00+00:00,api/normal,1.86,0,1,none
2026-03-14T01:22:00+00:00,api/error,2.77,1,1,SYSTEM_ERROR
2026-03-14T01:22:00+00:00,api/normal,1.79,0,1,none
2026-03-14T01:22:00+00:00,api/error,5.12,1,1,SYSTEM_ERROR
2026-03-14T01:22:00+00:00,api/error,2.96,1,1,SYSTEM_ERROR
2026-03-14T01:22:00+00:00,api/error,1.91,1,1,SYSTEM_ERROR
2026-03-14T01:22:07+00:00,api/slow,7003.67,0,1,TIMEOUT_ERROR
2026-03-14T01:22:07+00:00,api/normal,2.98,0,1,none
2026-03-14T01:22:07+00:00,api/normal,0.94,0,1,none
2026-03-14T01:22:07+00:00,api/error,3.61,1,1,SYSTEM_ERROR
2026-03-14T01:22:07+00:00,api/normal,1.62,0,1,none
2026-03-14T01:22:07+00:00,api/normal,0.67,0,1,none
2026-03-14T01:22:07+00:00,api/normal,1.78,0,1,none
2026-03-14T01:22:07+00:00,api/normal,1.97,0,1,none
2026-03-14T01:22:07+00:00,api/normal,0.88,0,1,none
2026-03-14T01:22:08+00:00,api/normal,0.92,0,1,none
2026-03-14T01:22:08+00:00,api/db,6.28,0,1,none
2026-03-14T01:22:08+00:00,api/normal,0.98,0,1,none
2026-03-14T01:22:08+00:00,api/error,3.27,1,1,SYSTEM_ERROR
2026-03-14T01:22:08+00:00,api/normal,1.39,0,1,none
2026-03-14T01:22:08+00:00,api/error,3.11,1,1,SYSTEM_ERROR
2026-03-14T01:22:08+00:00,api/normal,0.87,0,1,none
2026-03-14T01:22:08+00:00,api/error,2.1,1,1,SYSTEM_ERROR
2026-03-14T01:22:08+00:00,api/normal,1.05,0,1,none
2026-03-14T01:22:08+00:00,api/error,2.57,1,1,SYSTEM_ERROR
2026-03-14T01:22:08+00:00,api/normal,1.39,0,1,none
2026-03-14T01:22:08+00:00,api/normal,0.82,0,1,none
2026-03-14T01:22:08+00:00,api/normal,2,0,1,none
2026-03-14T01:22:08+00:00,api/db,4.9,0,1,none
2026-03-14T01:22:08+00:00,api/normal,2.31,0,1,none
2026-03-14T01:22:08+00:00,api/error,2.93,1,1,SYSTEM_ERROR
2026-03-14T01:22:08+00:00,api/error,2.04,1,1,SYSTEM_ERROR
2026-03-14T01:22:08+00:00,api/error,2.04,1,1,SYSTEM_ERROR
2026-03-14T01:22:08+00:00,api/normal,1.3,0,1,none
2026-03-14T01:22:08+00:00,api/db,3.55,0,1,none
2026-03-14T01:22:08+00:00,api/normal,1.54,0,1,none
2026-03-14T01:22:08+00:00,api/normal,1.22,0,1,none
2026-03-14T01:22:08+00:00,api/error,4.6,1,1,SYSTEM_ERROR
2026-03-14T01:22:08+00:00,api/error,1.83,1,1,SYSTEM_ERROR
2026-03-14T01:22:08+00:00,api/normal,1.39,0,1,none
2026-03-14T01:22:08+00:00,api/normal,1.94,0,1,none
2026-03-14T01:22:08+00:00,api/error,2.31,1,1,SYSTEM_ERROR
2026-03-14T01:22:08+00:00,api/normal,1.4,0,1,none
2026-03-14T01:22:08+00:00,api/normal,0.99,0,1,none
2026-03-14T01:22:08+00:00,api/error,1.74,1,1,SYSTEM_ERROR
2026-03-14T01:22:08+00:00,api/error,2.66,1,1,SYSTEM_ERROR
2026-03-14T01:22:08+00:00,api/error,4.75,1,1,SYSTEM_ERROR
2026-03-14T01:22:09+00:00,api/normal,1.18,0,1,none
2026-03-14T01:22:09+00:00,api/normal,0.87,0,1,none
2026-03-14T01:22:09+00:00,api/error,3.53,1,1,SYSTEM_ERROR
2026-03-14T01:22:16+00:00,api/slow,7004,0,1,TIMEOUT_ERROR
2026-03-14T01:22:16+00:00,api/error,3.8,1,1,SYSTEM_ERROR
2026-03-14T01:22:16+00:00,api/error,4.38,1,1,SYSTEM_ERROR
2026-03-14T01:22:17+00:00,api/slow,1380.5,0,1,none
2026-03-14T01:22:19+00:00,api/slow,1906.13,0,1,none
2026-03-14T01:22:19+00:00,api/normal,2.94,0,1,none
2026-03-14T01:22:19+00:00,api/normal,0.93,0,1,none
2026-03-14T01:22:19+00:00,api/normal,0.85,0,1,none
2026-03-14T01:22:19+00:00,api/normal,0.89,0,1,none
2026-03-14T01:22:19+00:00,api/normal,1.51,0,1,none
2026-03-14T01:22:25+00:00,api/slow,6010.37,0,1,TIMEOUT_ERROR
2026-03-14T01:22:25+00:00,api/error,5.27,1,1,SYSTEM_ERROR
2026-03-14T01:22:27+00:00,api/slow,1425.07,0,1,none
2026-03-14T01:22:27+00:00,api/db,5.91,0,1,none
2026-03-14T01:22:27+00:00,api/error,2.34,1,1,SYSTEM_ERROR
2026-03-14T01:22:27+00:00,api/normal,0.83,0,1,none
2026-03-14T01:22:27+00:00,api/normal,1.37,0,1,none
2026-03-14T01:22:27+00:00,api/normal,0.8,0,1,none
2026-03-14T01:22:27+00:00,api/normal,1.78,0,1,none
2026-03-14T01:22:27+00:00,api/normal,2.08,0,1,none
2026-03-14T01:22:27+00:00,api/normal,1.29,0,1,none
2026-03-14T01:22:27+00:00,api/error,3.64,1,1,SYSTEM_ERROR
2026-03-14T01:22:27+00:00,api/normal,2.09,0,1,none
2026-03-14T01:22:27+00:00,api/normal,0.99,0,1,none
2026-03-14T01:22:27+00:00,api/error,2.21,1,1,SYSTEM_ERROR
2026-03-14T01:22:27+00:00,api/normal,1.1,0,1,none
2026-03-14T01:22:27+00:00,api/error,3.66,1,1,SYSTEM_ERROR
2026-03-14T01:22:27+00:00,api/normal,1.05,0,1,none
2026-03-14T01:22:27+00:00,api/normal,1.57,0,1,none
2026-03-14T01:22:27+00:00,api/normal,1.64,0,1,none
2026-03-14T01:22:27+00:00,api/normal,1.66,0,1,none
2026-03-14T01:22:27+00:00,api/normal,0.76,0,1,none
2026-03-14T01:22:29+00:00,api/slow,1163.92,0,1,none
2026-03-14T01:22:29+00:00,api/normal,2.57,0,1,none
2026-03-14T01:22:29+00:00,api/normal,0.71,0,1,none
2026-03-14T01:22:29+00:00,api/error,7.44,1,1,SYSTEM_ERROR
2026-03-14T01:22:29+00:00,api/normal,0.74,0,1,none
2026-03-14T01:22:29+00:00,api/error,1.95,1,1,SYSTEM_ERROR
2026-03-14T01:22:29+00:00,api/normal,0.63,0,1,none
2026-03-14T01:22:29+00:00,api/normal,2.93,0,1,none
2026-03-14T01:22:29+00:00,api/normal,1.97,0,1,none
2026-03-14T01:22:29+00:00,api/normal,0.83,0,1,none
2026-03-14T01:22:29+00:00,api/normal,0.97,0,1,none
2026-03-14T01:22:29+00:00,api/normal,1.01,0,1,none
2026-03-14T01:22:29+00:00,api/normal,1.12,0,1,none
2026-03-14T01:22:29+00:00,api/error,3.03,1,1,SYSTEM_ERROR
2026-03-14T01:22:29+00:00,api/error,4.72,1,1,SYSTEM_ERROR
2026-03-14T01:22:30+00:00,api/slow,1219.13,0,1,none
2026-03-14T01:22:30+00:00,api/error,2.42,1,1,SYSTEM_ERROR
2026-03-14T01:22:30+00:00,api/normal,0.79,0,1,none
2026-03-14T01:22:30+00:00,api/error,2.59,1,1,SYSTEM_ERROR
2026-03-14T01:22:30+00:00,api/normal,0.85,0,1,none
2026-03-14T01:22:30+00:00,api/normal,0.66,0,1,none
2026-03-14T01:22:30+00:00,api/normal,0.89,0,1,none
2026-03-14T01:22:30+00:00,api/db,3.77,0,1,none
2026-03-14T01:22:30+00:00,api/db,25.08,0,1,none
2026-03-14T01:22:31+00:00,api/error,2.94,1,1,SYSTEM_ERROR
2026-03-14T01:22:31+00:00,api/normal,0.9,0,1,none
2026-03-14T01:22:32+00:00,api/slow,1716.9,0,1,none
2026-03-14T01:22:32+00:00,api/validate,7.39,1,1,UNKNOWN
2026-03-14T01:22:32+00:00,api/error,3.77,1,1,SYSTEM_ERROR
2026-03-14T01:22:34+00:00,api/slow,1532.37,0,1,none
2026-03-14T01:22:34+00:00,api/normal,1.37,0,1,none
2026-03-14T01:22:35+00:00,api/slow,1438.45,0,1,none
2026-03-14T01:22:35+00:00,api/normal,1.77,0,1,none
2026-03-14T01:22:35+00:00,api/normal,1.51,0,1,none
2026-03-14T01:22:36+00:00,api/normal,1.31,0,1,none
2026-03-14T01:22:36+00:00,api/normal,1.84,0,1,none
2026-03-14T01:22:37+00:00,api/slow,1603.6,0,1,none
2026-03-14T01:22:39+00:00,api/slow,1440.42,0,1,none
2026-03-14T01:22:39+00:00,api/error,4.55,1,1,SYSTEM_ERROR
2026-03-14T01:22:39+00:00,api/validate,4.59,1,1,UNKNOWN
2026-03-14T01:22:39+00:00,api/normal,1.24,0,1,none
2026-03-14T01:22:39+00:00,api/normal,1.22,0,1,none
2026-03-14T01:22:40+00:00,api/slow,1075.34,0,1,none
2026-03-14T01:22:40+00:00,api/normal,1.91,0,1,none
2026-03-14T01:22:40+00:00,api/error,6.79,1,1,SYSTEM_ERROR
2026-03-14T01:22:40+00:00,api/normal,1.49,0,1,none
2026-03-14T01:22:40+00:00,api/normal,2.41,0,1,none
2026-03-14T01:22:42+00:00,api/slow,1486.4,0,1,none
2026-03-14T01:22:42+00:00,api/normal,4.45,0,1,none
2026-03-14T01:22:42+00:00,api/normal,1.14,0,1,none
2026-03-14T01:22:42+00:00,api/normal,0.99,0,1,none
2026-03-14T01:22:42+00:00,api/normal,0.88,0,1,none
2026-03-14T01:22:47+00:00,api/slow,5012.66,0,1,TIMEOUT_ERROR
2026-03-14T01:22:47+00:00,api/normal,5.2,0,1,none
2026-03-14T01:22:47+00:00,api/normal,1.02,0,1,none
2026-03-14T01:22:47+00:00,api/normal,0.9,0,1,none
2026-03-14T01:22:47+00:00,api/normal,1.73,0,1,none
2026-03-14T01:22:47+00:00,api/error,2.07,1,1,SYSTEM_ERROR
2026-03-14T01:22:47+00:00,api/validate,2,1,1,UNKNOWN
2026-03-14T01:22:47+00:00,api/normal,1.36,0,1,none
2026-03-14T01:22:47+00:00,api/normal,1.33,0,1,none
2026-03-14T01:22:49+00:00,api/slow,1673.61,0,1,none
2026-03-14T01:22:49+00:00,api/normal,2.77,0,1,none
2026-03-14T01:22:50+00:00,api/slow,1266.46,0,1,none
2026-03-14T01:22:56+00:00,api/slow,6003.27,0,1,TIMEOUT_ERROR
2026-03-14T01:22:56+00:00,api/normal,1.1,0,1,none
2026-03-14T01:22:56+00:00,api/error,2.1,1,1,SYSTEM_ERROR
2026-03-14T01:22:56+00:00,api/normal,0.62,0,1,none
2026-03-14T01:22:56+00:00,api/error,2,1,1,SYSTEM_ERROR
2026-03-14T01:22:56+00:00,api/normal,0.71,0,1,none
2026-03-14T01:22:56+00:00,api/normal,0.89,0,1,none
2026-03-14T01:22:56+00:00,api/error,3.5,1,1,SYSTEM_ERROR
2026-03-14T01:22:56+00:00,api/normal,1.22,0,1,none
2026-03-14T01:22:57+00:00,api/error,2.49,1,1,SYSTEM_ERROR
2026-03-14T01:22:57+00:00,api/normal,1.14,0,1,none
2026-03-14T01:22:57+00:00,api/error,3.74,1,1,SYSTEM_ERROR
2026-03-14T01:22:57+00:00,api/normal,1.04,0,1,none
2026-03-14T01:22:57+00:00,api/error,4.96,1,1,SYSTEM_ERROR
2026-03-14T01:22:58+00:00,api/slow,1606.74,0,1,none
2026-03-14T01:22:58+00:00,api/normal,2.19,0,1,none
2026-03-14T01:22:58+00:00,api/error,3.25,1,1,SYSTEM_ERROR
2026-03-14T01:22:58+00:00,api/normal,0.95,0,1,none
2026-03-14T01:22:58+00:00,api/normal,1.67,0,1,none
2026-03-14T01:22:58+00:00,api/normal,0.77,0,1,none
2026-03-14T01:22:58+00:00,api/normal,0.91,0,1,none
2026-03-14T01:22:58+00:00,api/normal,1.32,0,1,none
2026-03-14T01:22:59+00:00,api/normal,1.81,0,1,none
2026-03-14T01:22:59+00:00,api/normal,1.75,0,1,none
2026-03-14T01:22:59+00:00,api/error,4.56,1,1,SYSTEM_ERROR
2026-03-14T01:22:59+00:00,api/error,2.54,1,1,SYSTEM_ERROR
2026-03-14T01:22:59+00:00,api/error,3.95,1,1,SYSTEM_ERROR
2026-03-14T01:22:59+00:00,api/db,4.5,0,1,none
2026-03-14T01:23:06+00:00,api/slow,7013.73,0,1,TIMEOUT_ERROR
2026-03-14T01:23:06+00:00,api/normal,1.56,0,1,none
2026-03-14T01:23:06+00:00,api/normal,1.18,0,1,none
2026-03-14T01:23:06+00:00,api/normal,0.88,0,1,none
2026-03-14T01:23:06+00:00,api/normal,0.85,0,1,none
2026-03-14T01:23:06+00:00,api/normal,1.14,0,1,none
2026-03-14T01:23:06+00:00,api/normal,0.92,0,1,none
2026-03-14T01:23:06+00:00,api/error,4.07,1,1,SYSTEM_ERROR
2026-03-14T01:23:06+00:00,api/error,3.05,1,1,SYSTEM_ERROR
2026-03-14T01:23:06+00:00,api/error,3.91,1,1,SYSTEM_ERROR
2026-03-14T01:23:06+00:00,api/normal,1.25,0,1,none
2026-03-14T01:23:06+00:00,api/normal,1.98,0,1,none
2026-03-14T01:23:06+00:00,api/normal,3.36,0,1,none
2026-03-14T01:23:06+00:00,api/normal,0.72,0,1,none
2026-03-14T01:23:06+00:00,api/db,5.68,0,1,none
2026-03-14T01:23:06+00:00,api/error,2.22,1,1,SYSTEM_ERROR
2026-03-14T01:23:12+00:00,api/slow,6003.72,0,1,TIMEOUT_ERROR
2026-03-14T01:23:12+00:00,api/normal,1.82,0,1,none
2026-03-14T01:23:12+00:00,api/error,3.66,1,1,SYSTEM_ERROR
2026-03-14T01:23:19+00:00,api/slow,7011.22,0,1,TIMEOUT_ERROR
2026-03-14T01:23:21+00:00,api/slow,1942.56,0,1,none
2026-03-14T01:23:21+00:00,api/normal,1.46,0,1,none
2026-03-14T01:23:21+00:00,api/normal,0.64,0,1,none
2026-03-14T01:23:23+00:00,api/slow,1776.97,0,1,none
2026-03-14T01:23:23+00:00,api/error,4.88,1,1,SYSTEM_ERROR
2026-03-14T01:23:23+00:00,api/error,2.92,1,1,SYSTEM_ERROR
2026-03-14T01:23:23+00:00,api/normal,0.96,0,1,none
2026-03-14T01:23:30+00:00,api/slow,7008.23,0,1,TIMEOUT_ERROR
2026-03-14T01:23:30+00:00,api/normal,1.59,0,1,none
2026-03-14T01:23:30+00:00,api/error,6.05,1,1,SYSTEM_ERROR
2026-03-14T01:23:32+00:00,api/slow,1246.94,0,1,none
2026-03-14T01:23:32+00:00,api/normal,0.68,0,1,none
2026-03-14T01:23:32+00:00,api/normal,1.68,0,1,none
2026-03-14T01:23:32+00:00,api/error,2.22,1,1,SYSTEM_ERROR
2026-03-14T01:23:32+00:00,api/db,4.78,0,1,none
2026-03-14T01:23:32+00:00,api/error,4.66,1,1,SYSTEM_ERROR
2026-03-14T01:23:32+00:00,api/error,1.8,1,1,SYSTEM_ERROR
2026-03-14T01:23:32+00:00,api/normal,1.13,0,1,none
2026-03-14T01:23:32+00:00,api/error,4.48,1,1,SYSTEM_ERROR
2026-03-14T01:23:32+00:00,api/error,4.7,1,1,SYSTEM_ERROR
2026-03-14T01:23:32+00:00,api/validate,4.46,1,1,UNKNOWN
2026-03-14T01:23:32+00:00,api/error,4.26,1,1,SYSTEM_ERROR
2026-03-14T01:23:32+00:00,api/normal,2.32,0,1,none
2026-03-14T01:23:32+00:00,api/normal,1.13,0,1,none
2026-03-14T01:23:32+00:00,api/error,2.37,1,1,SYSTEM_ERROR
2026-03-14T01:23:32+00:00,api/normal,2.47,0,1,none
2026-03-14T01:23:38+00:00,api/slow,6013.81,0,1,TIMEOUT_ERROR
2026-03-14T01:23:38+00:00,api/error,3.87,1,1,SYSTEM_ERROR
2026-03-14T01:23:38+00:00,api/normal,0.87,0,1,none
2026-03-14T01:23:38+00:00,api/error,1.9,1,1,SYSTEM_ERROR
2026-03-14T01:23:38+00:00,api/validate,1.45,1,1,UNKNOWN
2026-03-14T01:23:39+00:00,api/db,4.48,0,1,none
2026-03-14T01:23:40+00:00,api/slow,1824.97,0,1,none
2026-03-14T01:23:40+00:00,api/error,3.29,1,1,SYSTEM_ERROR
2026-03-14T01:23:40+00:00,api/error,3.07,1,1,SYSTEM_ERROR
2026-03-14T01:23:40+00:00,api/normal,0.98,0,1,none
2026-03-14T01:23:42+00:00,api/slow,1916.79,0,1,none
2026-03-14T01:23:42+00:00,api/error,5.69,1,1,SYSTEM_ERROR
2026-03-14T01:23:44+00:00,api/slow,1536.73,0,1,none
2026-03-14T01:23:44+00:00,api/normal,1.63,0,1,none
2026-03-14T01:23:44+00:00,api/error,3.11,1,1,SYSTEM_ERROR
2026-03-14T01:23:44+00:00,api/db,3.99,0,1,none
2026-03-14T01:23:44+00:00,api/normal,1.07,0,1,none
2026-03-14T01:23:44+00:00,api/error,1.94,1,1,SYSTEM_ERROR
2026-03-14T01:23:44+00:00,api/normal,0.89,0,1,none
2026-03-14T01:23:44+00:00,api/normal,1.28,0,1,none
2026-03-14T01:23:44+00:00,api/error,3.01,1,1,SYSTEM_ERROR
2026-03-14T01:23:44+00:00,api/normal,2.42,0,1,none
2026-03-14T01:23:44+00:00,api/normal,0.93,0,1,none
2026-03-14T01:23:44+00:00,api/error,4.4,1,1,SYSTEM_ERROR
2026-03-14T01:23:44+00:00,api/error,3.27,1,1,SYSTEM_ERROR
2026-03-14T01:23:44+00:00,api/normal,1.19,0,1,none
2026-03-14T01:23:45+00:00,api/normal,0.97,0,1,none
2026-03-14T01:23:45+00:00,api/error,5.29,1,1,SYSTEM_ERROR
2026-03-14T01:23:45+00:00,api/error,3.87,1,1,SYSTEM_ERROR
2026-03-14T01:23:46+00:00,api/slow,1530.83,0,1,none
2026-03-14T01:23:47+00:00,api/slow,1171.27,0,1,none
2026-03-14T01:23:47+00:00,api/error,1.71,1,1,SYSTEM_ERROR
2026-03-14T01:23:47+00:00,api/normal,0.85,0,1,none
2026-03-14T01:23:47+00:00,api/normal,3.06,0,1,none
2026-03-14T01:23:47+00:00,api/normal,1.6,0,1,none
2026-03-14T01:23:49+00:00,api/slow,1050.55,0,1,none
2026-03-14T01:23:49+00:00,api/normal,2.42,0,1,none
2026-03-14T01:23:49+00:00,api/error,3.53,1,1,SYSTEM_ERROR
2026-03-14T01:23:49+00:00,api/error,2.54,1,1,SYSTEM_ERROR
2026-03-14T01:23:49+00:00,api/normal,0.87,0,1,none
2026-03-14T01:23:49+00:00,api/db,4.24,0,1,none
2026-03-14T01:23:49+00:00,api/error,1.59,1,1,SYSTEM_ERROR
2026-03-14T01:23:49+00:00,api/error,1.85,1,1,SYSTEM_ERROR
2026-03-14T01:23:49+00:00,api/error,3.97,1,1,SYSTEM_ERROR
2026-03-14T01:23:49+00:00,api/normal,2.36,0,1,none
2026-03-14T01:23:49+00:00,api/normal,2.53,0,1,none
2026-03-14T01:23:49+00:00,api/normal,1.12,0,1,none
2026-03-14T01:23:49+00:00,api/normal,1.05,0,1,none
2026-03-14T01:23:49+00:00,api/normal,1.06,0,1,none
2026-03-14T01:23:49+00:00,api/error,2.97,1,1,SYSTEM_ERROR
2026-03-14T01:23:49+00:00,api/normal,1.19,0,1,none
2026-03-14T01:23:49+00:00,api/normal,1.38,0,1,none
2026-03-14T01:23:49+00:00,api/normal,1.12,0,1,none
2026-03-14T01:23:49+00:00,api/normal,1.48,0,1,none
2026-03-14T01:23:49+00:00,api/normal,1.05,0,1,none
2026-03-14T01:23:49+00:00,api/error,2.27,1,1,SYSTEM_ERROR
2026-03-14T01:23:49+00:00,api/normal,1.43,0,1,none
2026-03-14T01:23:49+00:00,api/normal,0.63,0,1,none
2026-03-14T01:23:49+00:00,api/error,2.04,1,1,SYSTEM_ERROR
2026-03-14T01:23:49+00:00,api/error,2.93,1,1,SYSTEM_ERROR
2026-03-14T01:23:49+00:00,api/error,4.07,1,1,SYSTEM_ERROR
2026-03-14T01:23:56+00:00,api/slow,7005.86,0,1,TIMEOUT_ERROR
2026-03-14T01:23:56+00:00,api/error,3.06,1,1,SYSTEM_ERROR
2026-03-14T01:23:56+00:00,api/normal,0.69,0,1,none
2026-03-14T01:23:56+00:00,api/normal,0.77,0,1,none
2026-03-14T01:23:56+00:00,api/normal,0.67,0,1,none
2026-03-14T01:23:56+00:00,api/error,3.82,1,1,SYSTEM_ERROR
2026-03-14T01:24:03+00:00,api/slow,7003.47,0,1,TIMEOUT_ERROR
2026-03-14T01:24:03+00:00,api/normal,1.51,0,1,none
2026-03-14T01:24:03+00:00,api/normal,0.92,0,1,none
2026-03-14T01:24:04+00:00,api/normal,0.9,0,1,none
2026-03-14T01:24:11+00:00,api/slow,7004.84,0,1,TIMEOUT_ERROR
2026-03-14T01:24:11+00:00,api/normal,1.92,0,1,none
2026-03-14T01:24:11+00:00,api/db,4.14,0,1,none
2026-03-14T01:24:11+00:00,api/error,3.32,1,1,SYSTEM_ERROR
2026-03-14T01:24:11+00:00,api/normal,1.77,0,1,none
2026-03-14T01:24:11+00:00,api/normal,1.15,0,1,none
2026-03-14T01:24:11+00:00,api/normal,1.04,0,1,none
2026-03-14T01:24:16+00:00,api/slow,5010.7,0,1,TIMEOUT_ERROR
2026-03-14T01:24:16+00:00,api/error,3.65,1,1,SYSTEM_ERROR
2026-03-14T01:24:16+00:00,api/error,2.52,1,1,SYSTEM_ERROR
2026-03-14T01:24:16+00:00,api/error,2.72,1,1,SYSTEM_ERROR
2026-03-14T01:24:16+00:00,api/error,3.14,1,1,SYSTEM_ERROR
2026-03-14T01:24:16+00:00,api/normal,0.68,0,1,none
2026-03-14T01:24:16+00:00,api/error,2.16,1,1,SYSTEM_ERROR
2026-03-14T01:24:17+00:00,api/slow,1079.48,0,1,none
2026-03-14T01:24:17+00:00,api/normal,0.58,0,1,none
2026-03-14T01:24:24+00:00,api/slow,7005.99,0,1,TIMEOUT_ERROR
2026-03-14T01:24:25+00:00,api/slow,1257.08,0,1,none
2026-03-14T01:24:25+00:00,api/error,2.52,1,1,SYSTEM_ERROR
2026-03-14T01:24:30+00:00,api/slow,5015.87,0,1,TIMEOUT_ERROR
2026-03-14T01:24:31+00:00,api/error,4.38,1,1,SYSTEM_ERROR
2026-03-14T01:24:31+00:00,api/error,2.73,1,1,SYSTEM_ERROR
2026-03-14T01:24:31+00:00,api/normal,0.87,0,1,none
2026-03-14T01:24:37+00:00,api/slow,6011.39,0,1,TIMEOUT_ERROR
2026-03-14T01:24:38+00:00,api/slow,1421.55,0,1,none
2026-03-14T01:24:40+00:00,api/slow,1607.59,0,1,none
2026-03-14T01:24:40+00:00,api/normal,1.09,0,1,none
2026-03-14T01:24:40+00:00,api/error,2.45,1,1,SYSTEM_ERROR
2026-03-14T01:24:41+00:00,api/slow,1355.38,0,1,none
2026-03-14T01:24:41+00:00,api/normal,0.9,0,1,none
2026-03-14T01:24:42+00:00,api/slow,1170.99,0,1,none
2026-03-14T01:24:42+00:00,api/normal,0.66,0,1,none
2026-03-14T01:24:42+00:00,api/normal,0.71,0,1,none
2026-03-14T01:24:44+00:00,api/slow,1682.71,0,1,none
2026-03-14T01:24:44+00:00,api/normal,0.73,0,1,none
2026-03-14T01:24:44+00:00,api/error,2.35,1,1,SYSTEM_ERROR
2026-03-14T01:24:44+00:00,api/normal,0.85,0,1,none
2026-03-14T01:24:49+00:00,api/slow,5005.58,0,1,TIMEOUT_ERROR
2026-03-14T01:24:50+00:00,api/slow,1031.26,0,1,none
2026-03-14T01:24:50+00:00,api/normal,0.77,0,1,none
2026-03-14T01:24:52+00:00,api/slow,1279.26,0,1,none
2026-03-14T01:24:52+00:00,api/error,4.18,1,1,SYSTEM_ERROR
2026-03-14T01:24:52+00:00,api/error,1.94,1,1,SYSTEM_ERROR
2026-03-14T01:24:52+00:00,api/normal,0.92,0,1,none
2026-03-14T01:24:52+00:00,api/error,2.08,1,1,SYSTEM_ERROR
2026-03-14T01:24:53+00:00,api/slow,1035.34,0,1,none
2026-03-14T01:24:53+00:00,api/normal,1.12,0,1,none
2026-03-14T01:24:53+00:00,api/error,2.26,1,1,SYSTEM_ERROR
2026-03-14T01:24:53+00:00,api/error,2.52,1,1,SYSTEM_ERROR
2026-03-14T01:24:53+00:00,api/normal,1.24,0,1,none
2026-03-14T01:24:53+00:00,api/validate,2.53,1,1,UNKNOWN
2026-03-14T01:24:53+00:00,api/normal,1.1,0,1,none
2026-03-14T01:24:55+00:00,api/slow,1833.08,0,1,none
2026-03-14T01:24:55+00:00,api/error,3.17,1,1,SYSTEM_ERROR
2026-03-14T01:24:55+00:00,api/error,2.54,1,1,SYSTEM_ERROR
2026-03-14T01:24:55+00:00,api/normal,0.89,0,1,none
2026-03-14T01:24:55+00:00,api/normal,1.06,0,1,none
2026-03-14T01:24:55+00:00,api/error,2.21,1,1,SYSTEM_ERROR
2026-03-14T01:24:55+00:00,api/error,2.43,1,1,SYSTEM_ERROR
2026-03-14T01:25:02+00:00,api/slow,7009.68,0,1,TIMEOUT_ERROR
2026-03-14T01:25:04+00:00,api/slow,1685.83,0,1,none
2026-03-14T01:25:04+00:00,api/error,2.67,1,1,SYSTEM_ERROR
2026-03-14T01:25:04+00:00,api/error,2.14,1,1,SYSTEM_ERROR
2026-03-14T01:25:04+00:00,api/normal,0.82,0,1,none
2026-03-14T01:25:04+00:00,api/error,2.52,1,1,SYSTEM_ERROR
2026-03-14T01:25:04+00:00,api/error,2.36,1,1,SYSTEM_ERROR
2026-03-14T01:25:04+00:00,api/error,2.32,1,1,SYSTEM_ERROR
2026-03-14T01:25:04+00:00,api/normal,0.97,0,1,none
2026-03-14T01:25:04+00:00,api/error,2.44,1,1,SYSTEM_ERROR
2026-03-14T01:25:04+00:00,api/error,2.48,1,1,SYSTEM_ERROR
2026-03-14T01:25:04+00:00,api/normal,0.81,0,1,none
2026-03-14T01:25:04+00:00,api/error,2.55,1,1,SYSTEM_ERROR
2026-03-14T01:25:04+00:00,api/error,3.01,1,1,SYSTEM_ERROR
2026-03-14T01:25:04+00:00,api/normal,1.62,0,1,none
2026-03-14T01:25:04+00:00,api/normal,1.34,0,1,none
2026-03-14T01:25:04+00:00,api/error,3.16,1,1,SYSTEM_ERROR
2026-03-14T01:25:06+00:00,api/slow,1800.55,0,1,none
2026-03-14T01:25:06+00:00,api/error,2.89,1,1,SYSTEM_ERROR
2026-03-14T01:25:06+00:00,api/normal,0.98,0,1,none
2026-03-14T01:25:06+00:00,api/normal,1.17,0,1,none
2026-03-14T01:25:07+00:00,api/slow,1321.94,0,1,none
2026-03-14T01:25:07+00:00,api/normal,1.09,0,1,none
2026-03-14T01:25:07+00:00,api/normal,0.98,0,1,none
2026-03-14T01:25:07+00:00,api/error,4.55,1,1,SYSTEM_ERROR
2026-03-14T01:25:08+00:00,api/slow,1028.53,0,1,none
2026-03-14T01:25:08+00:00,api/normal,0.91,0,1,none
2026-03-14T01:25:08+00:00,api/normal,0.84,0,1,none
2026-03-14T01:25:08+00:00,api/error,1.9,1,1,SYSTEM_ERROR
2026-03-14T01:25:09+00:00,api/normal,1.16,0,1,none
2026-03-14T01:25:09+00:00,api/normal,1.66,0,1,none
2026-03-14T01:25:09+00:00,api/error,2.36,1,1,SYSTEM_ERROR
2026-03-14T01:25:09+00:00,api/error,6.27,1,1,SYSTEM_ERROR
2026-03-14T01:25:09+00:00,api/normal,1.17,0,1,none
2026-03-14T01:25:09+00:00,api/error,2.63,1,1,SYSTEM_ERROR
2026-03-14T01:25:09+00:00,api/error,2.62,1,1,SYSTEM_ERROR
2026-03-14T01:25:09+00:00,api/normal,0.73,0,1,none
2026-03-14T01:25:09+00:00,api/normal,1.2,0,1,none
2026-03-14T01:25:09+00:00,api/normal,0.97,0,1,none
2026-03-14T01:25:09+00:00,api/normal,0.98,0,1,none
2026-03-14T01:25:09+00:00,api/normal,0.84,0,1,none
2026-03-14T01:25:09+00:00,api/normal,1.12,0,1,none
2026-03-14T01:25:09+00:00,api/normal,0.72,0,1,none
2026-03-14T01:25:09+00:00,api/normal,0.9,0,1,none
2026-03-14T01:25:09+00:00,api/error,2.09,1,1,SYSTEM_ERROR
2026-03-14T01:25:14+00:00,api/slow,5009.73,0,1,TIMEOUT_ERROR
2026-03-14T01:25:14+00:00,api/normal,1.93,0,1,none
2026-03-14T01:25:14+00:00,api/normal,0.95,0,1,none
2026-03-14T01:25:21+00:00,api/slow,7005.81,0,1,TIMEOUT_ERROR
2026-03-14T01:25:21+00:00,api/error,4.4,1,1,SYSTEM_ERROR
2026-03-14T01:25:23+00:00,api/slow,1849.76,0,1,none
2026-03-14T01:25:23+00:00,api/normal,1.14,0,1,none
2026-03-14T01:25:23+00:00,api/error,2.47,1,1,SYSTEM_ERROR
2026-03-14T01:25:23+00:00,api/error,2.98,1,1,SYSTEM_ERROR
2026-03-14T01:25:23+00:00,api/error,2.09,1,1,SYSTEM_ERROR
2026-03-14T01:25:23+00:00,api/error,1.92,1,1,SYSTEM_ERROR
2026-03-14T01:25:25+00:00,api/slow,1711.86,0,1,none
2026-03-14T01:25:31+00:00,api/slow,6003.65,0,1,TIMEOUT_ERROR
2026-03-14T01:25:31+00:00,api/normal,2.48,0,1,none
2026-03-14T01:25:31+00:00,api/normal,0.69,0,1,none
2026-03-14T01:25:31+00:00,api/error,3.05,1,1,SYSTEM_ERROR
2026-03-14T01:25:31+00:00,api/normal,1.96,0,1,none
2026-03-14T01:25:31+00:00,api/normal,1.12,0,1,none
2026-03-14T01:25:31+00:00,api/error,3.46,1,1,SYSTEM_ERROR
2026-03-14T01:25:31+00:00,api/error,3.69,1,1,SYSTEM_ERROR
2026-03-14T01:25:31+00:00,api/error,2.36,1,1,SYSTEM_ERROR
2026-03-14T01:25:31+00:00,api/normal,1.51,0,1,none
2026-03-14T01:25:31+00:00,api/error,2.6,1,1,SYSTEM_ERROR
2026-03-14T01:25:36+00:00,api/slow,5004.33,0,1,TIMEOUT_ERROR
2026-03-14T01:25:36+00:00,api/normal,2.56,0,1,none
2026-03-14T01:25:36+00:00,api/normal,1.18,0,1,none
2026-03-14T01:25:36+00:00,api/normal,1.11,0,1,none
2026-03-14T01:25:36+00:00,api/error,3.38,1,1,SYSTEM_ERROR
2026-03-14T01:25:36+00:00,api/db,5.61,0,1,none
2026-03-14T01:25:36+00:00,api/normal,1.67,0,1,none
2026-03-14T01:25:43+00:00,api/slow,7009.94,0,1,TIMEOUT_ERROR
2026-03-14T01:25:43+00:00,api/normal,2.91,0,1,none
2026-03-14T01:25:43+00:00,api/error,2.98,1,1,SYSTEM_ERROR
2026-03-14T01:25:44+00:00,api/validate,2.43,1,1,UNKNOWN
2026-03-14T01:25:44+00:00,api/normal,0.95,0,1,none
2026-03-14T01:25:44+00:00,api/normal,0.69,0,1,none
2026-03-14T01:25:44+00:00,api/error,1.74,1,1,SYSTEM_ERROR
2026-03-14T01:25:44+00:00,api/normal,6.29,0,1,none
2026-03-14T01:25:44+00:00,api/normal,3.64,0,1,none
2026-03-14T01:25:44+00:00,api/error,3.23,1,1,SYSTEM_ERROR
2026-03-14T01:25:44+00:00,api/normal,0.68,0,1,none
2026-03-14T01:25:44+00:00,api/normal,0.83,0,1,none
2026-03-14T01:25:44+00:00,api/normal,1.09,0,1,none
2026-03-14T01:25:44+00:00,api/error,2.86,1,1,SYSTEM_ERROR
2026-03-14T01:25:44+00:00,api/error,2.05,1,1,SYSTEM_ERROR
2026-03-14T01:25:44+00:00,api/normal,0.88,0,1,none
2026-03-14T01:25:44+00:00,api/normal,1.33,0,1,none
2026-03-14T01:25:44+00:00,api/normal,1.46,0,1,none
2026-03-14T01:25:46+00:00,api/slow,1714.63,0,1,none
2026-03-14T01:25:46+00:00,api/normal,1.5,0,1,none
2026-03-14T01:25:46+00:00,api/error,4.34,1,1,SYSTEM_ERROR
2026-03-14T01:25:46+00:00,api/normal,0.84,0,1,none
2026-03-14T01:25:46+00:00,api/error,2.9,1,1,SYSTEM_ERROR
2026-03-14T01:25:46+00:00,api/normal,1.77,0,1,none
2026-03-14T01:25:46+00:00,api/error,2.02,1,1,SYSTEM_ERROR
2026-03-14T01:25:46+00:00,api/error,2.46,1,1,SYSTEM_ERROR
2026-03-14T01:25:52+00:00,api/slow,6014.92,0,1,TIMEOUT_ERROR
2026-03-14T01:25:52+00:00,api/normal,2.54,0,1,none
2026-03-14T01:25:52+00:00,api/normal,0.89,0,1,none
2026-03-14T01:25:52+00:00,api/error,2.14,1,1,SYSTEM_ERROR
2026-03-14T01:25:52+00:00,api/normal,0.65,0,1,none
2026-03-14T01:25:52+00:00,api/normal,0.88,0,1,none
2026-03-14T01:25:52+00:00,api/error,3.32,1,1,SYSTEM_ERROR
2026-03-14T01:25:52+00:00,api/error,3.87,1,1,SYSTEM_ERROR
2026-03-14T01:25:52+00:00,api/error,2.17,1,1,SYSTEM_ERROR
2026-03-14T01:25:52+00:00,api/db,4.7,0,1,none
2026-03-14T01:25:52+00:00,api/normal,1.24,0,1,none
2026-03-14T01:25:52+00:00,api/normal,0.84,0,1,none
2026-03-14T01:25:52+00:00,api/error,5.43,1,1,SYSTEM_ERROR
2026-03-14T01:25:52+00:00,api/error,3.4,1,1,SYSTEM_ERROR
2026-03-14T01:25:52+00:00,api/normal,0.99,0,1,none
2026-03-14T01:25:52+00:00,api/normal,1.13,0,1,none
2026-03-14T01:25:53+00:00,api/error,2.36,1,1,SYSTEM_ERROR
2026-03-14T01:26:00+00:00,api/slow,7004.4,0,1,TIMEOUT_ERROR
2026-03-14T01:26:00+00:00,api/error,5.94,1,1,SYSTEM_ERROR
2026-03-14T01:26:00+00:00,api/normal,0.69,0,1,none
2026-03-14T01:26:00+00:00,api/normal,1.45,0,1,none
2026-03-14T01:26:00+00:00,api/normal,1.37,0,1,none
2026-03-14T01:26:00+00:00,api/normal,0.84,0,1,none
2026-03-14T01:26:01+00:00,api/slow,1631.08,0,1,none
2026-03-14T01:26:01+00:00,api/normal,1.45,0,1,none
2026-03-14T01:26:01+00:00,api/error,2.88,1,1,SYSTEM_ERROR
2026-03-14T01:26:01+00:00,api/normal,1.11,0,1,none
2026-03-14T01:26:01+00:00,api/normal,0.87,0,1,none
2026-03-14T01:26:01+00:00,api/error,1.86,1,1,SYSTEM_ERROR
2026-03-14T01:26:02+00:00,api/error,2.88,1,1,SYSTEM_ERROR
2026-03-14T01:26:02+00:00,api/error,2.44,1,1,SYSTEM_ERROR
2026-03-14T01:26:02+00:00,api/error,2.05,1,1,SYSTEM_ERROR
2026-03-14T01:26:02+00:00,api/error,4.02,1,1,SYSTEM_ERROR
2026-03-14T01:26:02+00:00,api/error,2.77,1,1,SYSTEM_ERROR
2026-03-14T01:26:02+00:00,api/normal,1.85,0,1,none
2026-03-14T01:26:02+00:00,api/error,1.93,1,1,SYSTEM_ERROR
2026-03-14T01:26:02+00:00,api/normal,0.77,0,1,none
2026-03-14T01:26:02+00:00,api/normal,0.97,0,1,none
2026-03-14T01:26:02+00:00,api/error,2.1,1,1,SYSTEM_ERROR
2026-03-14T01:26:02+00:00,api/normal,0.88,0,1,none
2026-03-14T01:26:02+00:00,api/error,3.34,1,1,SYSTEM_ERROR
2026-03-14T01:26:02+00:00,api/normal,1.83,0,1,none
2026-03-14T01:26:02+00:00,api/normal,1.05,0,1,none
2026-03-14T01:26:02+00:00,api/error,2.32,1,1,SYSTEM_ERROR
2026-03-14T01:26:02+00:00,api/error,2.11,1,1,SYSTEM_ERROR
2026-03-14T01:26:02+00:00,api/error,3.62,1,1,SYSTEM_ERROR
2026-03-14T01:26:02+00:00,api/normal,0.8,0,1,none
2026-03-14T01:26:08+00:00,api/slow,6014.56,0,1,TIMEOUT_ERROR
2026-03-14T01:26:08+00:00,api/error,4.14,1,1,SYSTEM_ERROR
2026-03-14T01:26:10+00:00,api/slow,1779.17,0,1,none
2026-03-14T01:26:10+00:00,api/error,4.33,1,1,SYSTEM_ERROR
2026-03-14T01:26:10+00:00,api/normal,0.91,0,1,none
2026-03-14T01:26:10+00:00,api/error,2.28,1,1,SYSTEM_ERROR
2026-03-14T01:26:10+00:00,api/error,7.01,1,1,SYSTEM_ERROR
2026-03-14T01:26:10+00:00,api/error,6.16,1,1,SYSTEM_ERROR
2026-03-14T01:26:10+00:00,api/normal,3.45,0,1,none
2026-03-14T01:26:10+00:00,api/error,4.2,1,1,SYSTEM_ERROR
2026-03-14T01:26:10+00:00,api/normal,1.36,0,1,none
2026-03-14T01:26:10+00:00,api/error,6.38,1,1,SYSTEM_ERROR
2026-03-14T01:26:10+00:00,api/normal,1.08,0,1,none
2026-03-14T01:26:10+00:00,api/error,3.76,1,1,SYSTEM_ERROR
2026-03-14T01:26:15+00:00,api/slow,5014.84,0,1,TIMEOUT_ERROR
2026-03-14T01:26:15+00:00,api/error,8.65,1,1,SYSTEM_ERROR
2026-03-14T01:26:21+00:00,api/slow,5003.99,0,1,TIMEOUT_ERROR
2026-03-14T01:26:22+00:00,api/slow,1255.57,0,1,none
2026-03-14T01:26:22+00:00,api/validate,3.58,1,1,UNKNOWN
2026-03-14T01:26:22+00:00,api/db,3.74,0,1,none
2026-03-14T01:26:22+00:00,api/error,2.4,1,1,SYSTEM_ERROR
2026-03-14T01:26:22+00:00,api/error,3.27,1,1,SYSTEM_ERROR
2026-03-14T01:26:22+00:00,api/error,4.58,1,1,SYSTEM_ERROR
2026-03-14T01:26:22+00:00,api/normal,1.34,0,1,none
2026-03-14T01:26:22+00:00,api/error,2.18,1,1,SYSTEM_ERROR
2026-03-14T01:26:22+00:00,api/error,4.33,1,1,SYSTEM_ERROR
2026-03-14T01:26:23+00:00,api/slow,1290.59,0,1,none
2026-03-14T01:26:25+00:00,api/slow,1566.59,0,1,none
2026-03-14T01:26:25+00:00,api/error,5.12,1,1,SYSTEM_ERROR
2026-03-14T01:26:25+00:00,api/error,4.43,1,1,SYSTEM_ERROR
2026-03-14T01:26:25+00:00,api/normal,1.12,0,1,none
2026-03-14T01:26:25+00:00,api/error,2.01,1,1,SYSTEM_ERROR
2026-03-14T01:26:25+00:00,api/normal,1.1,0,1,none
2026-03-14T01:26:25+00:00,api/normal,0.85,0,1,none
2026-03-14T01:26:25+00:00,api/error,3.34,1,1,SYSTEM_ERROR
2026-03-14T01:26:25+00:00,api/error,3,1,1,SYSTEM_ERROR
2026-03-14T01:26:25+00:00,api/db,4.48,0,1,none
2026-03-14T01:26:25+00:00,api/normal,1.2,0,1,none
2026-03-14T01:26:25+00:00,api/normal,0.9,0,1,none
2026-03-14T01:26:25+00:00,api/error,5.4,1,1,SYSTEM_ERROR
2026-03-14T01:26:25+00:00,api/normal,0.87,0,1,none
2026-03-14T01:26:25+00:00,api/normal,2.66,0,1,none
2026-03-14T01:26:26+00:00,api/normal,0.94,0,1,none
2026-03-14T01:26:26+00:00,api/error,2.91,1,1,SYSTEM_ERROR
2026-03-14T01:26:26+00:00,api/error,2.87,1,1,SYSTEM_ERROR
2026-03-14T01:26:26+00:00,api/normal,1.7,0,1,none
2026-03-14T01:26:26+00:00,api/error,2.06,1,1,SYSTEM_ERROR
2026-03-14T01:26:26+00:00,api/normal,1.95,0,1,none
2026-03-14T01:26:26+00:00,api/normal,0.95,0,1,none
2026-03-14T01:26:26+00:00,api/normal,0.95,0,1,none
2026-03-14T01:26:26+00:00,api/normal,1.26,0,1,none
2026-03-14T01:26:26+00:00,api/normal,2.08,0,1,none
2026-03-14T01:26:26+00:00,api/normal,0.91,0,1,none
2026-03-14T01:26:33+00:00,api/slow,7002.27,0,1,TIMEOUT_ERROR
2026-03-14T01:26:33+00:00,api/validate,2.93,1,1,UNKNOWN
2026-03-14T01:26:33+00:00,api/normal,0.66,0,1,none
2026-03-14T01:26:33+00:00,api/normal,0.87,0,1,none
2026-03-14T01:26:40+00:00,api/slow,7003.31,0,1,TIMEOUT_ERROR
2026-03-14T01:26:40+00:00,api/error,6.6,1,1,SYSTEM_ERROR
2026-03-14T01:26:40+00:00,api/error,2.21,1,1,SYSTEM_ERROR
2026-03-14T01:26:47+00:00,api/slow,7004.16,0,1,TIMEOUT_ERROR
2026-03-14T01:26:47+00:00,api/error,5.07,1,1,SYSTEM_ERROR
2026-03-14T01:26:47+00:00,api/normal,0.93,0,1,none
2026-03-14T01:26:54+00:00,api/slow,7006.42,0,1,TIMEOUT_ERROR
2026-03-14T01:27:00+00:00,api/slow,6014.21,0,1,TIMEOUT_ERROR
2026-03-14T01:27:07+00:00,api/slow,7006.73,0,1,TIMEOUT_ERROR
2026-03-14T01:27:07+00:00,api/normal,1.55,0,1,none
2026-03-14T01:27:07+00:00,api/normal,2.22,0,1,none
2026-03-14T01:27:07+00:00,api/normal,1.26,0,1,none
2026-03-14T01:27:08+00:00,api/normal,0.99,0,1,none
2026-03-14T01:27:08+00:00,api/error,6.33,1,1,SYSTEM_ERROR
2026-03-14T01:27:08+00:00,api/normal,1.37,0,1,none
2026-03-14T01:27:08+00:00,api/db,4.54,0,1,none
2026-03-14T01:27:08+00:00,api/normal,1.47,0,1,none
2026-03-14T01:27:08+00:00,api/error,2.93,1,1,SYSTEM_ERROR
2026-03-14T01:27:08+00:00,api/error,4.58,1,1,SYSTEM_ERROR
2026-03-14T01:27:08+00:00,api/normal,2.33,0,1,none
2026-03-14T01:27:08+00:00,api/error,2.5,1,1,SYSTEM_ERROR
2026-03-14T01:27:08+00:00,api/normal,1.14,0,1,none
2026-03-14T01:27:08+00:00,api/error,4,1,1,SYSTEM_ERROR
2026-03-14T01:27:10+00:00,api/slow,1998.65,0,1,none
2026-03-14T01:27:11+00:00,api/slow,1518.67,0,1,none
2026-03-14T01:27:11+00:00,api/normal,1.79,0,1,none
2026-03-14T01:27:12+00:00,api/normal,1.74,0,1,none
2026-03-14T01:27:12+00:00,api/error,2.28,1,1,SYSTEM_ERROR
2026-03-14T01:27:13+00:00,api/slow,1296.7,0,1,none
2026-03-14T01:27:15+00:00,api/slow,1907.8,0,1,none
2026-03-14T01:27:15+00:00,api/normal,1.11,0,1,none
2026-03-14T01:27:15+00:00,api/normal,1.26,0,1,none
2026-03-14T01:27:15+00:00,api/normal,2.2,0,1,none
2026-03-14T01:27:15+00:00,api/normal,1.96,0,1,none
2026-03-14T01:27:15+00:00,api/normal,0.65,0,1,none
2026-03-14T01:27:15+00:00,api/normal,0.93,0,1,none
2026-03-14T01:27:15+00:00,api/error,2.33,1,1,SYSTEM_ERROR
2026-03-14T01:27:15+00:00,api/normal,0.9,0,1,none
2026-03-14T01:27:15+00:00,api/normal,0.81,0,1,none
2026-03-14T01:27:15+00:00,api/validate,3.64,1,1,UNKNOWN
2026-03-14T01:27:15+00:00,api/normal,1.45,0,1,none
2026-03-14T01:27:15+00:00,api/normal,1,0,1,none
2026-03-14T01:27:15+00:00,api/normal,0.86,0,1,none
2026-03-14T01:27:15+00:00,api/normal,0.93,0,1,none
2026-03-14T01:27:15+00:00,api/error,2.09,1,1,SYSTEM_ERROR
2026-03-14T01:27:15+00:00,api/error,3.67,1,1,SYSTEM_ERROR
2026-03-14T01:27:15+00:00,api/normal,0.92,0,1,none
2026-03-14T01:27:15+00:00,api/normal,1.47,0,1,none
2026-03-14T01:27:15+00:00,api/normal,2.36,0,1,none
2026-03-14T01:27:15+00:00,api/normal,0.86,0,1,none
2026-03-14T01:27:17+00:00,api/slow,1565.73,0,1,none
2026-03-14T01:27:17+00:00,api/normal,1.57,0,1,none
2026-03-14T01:27:17+00:00,api/error,6.13,1,1,SYSTEM_ERROR
2026-03-14T01:27:17+00:00,api/normal,0.76,0,1,none
2026-03-14T01:27:17+00:00,api/error,3.78,1,1,SYSTEM_ERROR
2026-03-14T01:27:17+00:00,api/normal,0.69,0,1,none
2026-03-14T01:27:17+00:00,api/error,3.8,1,1,SYSTEM_ERROR
2026-03-14T01:27:17+00:00,api/normal,1.05,0,1,none
2026-03-14T01:27:17+00:00,api/error,2.89,1,1,SYSTEM_ERROR
2026-03-14T01:27:17+00:00,api/normal,1.18,0,1,none
2026-03-14T01:27:19+00:00,api/slow,1237.09,0,1,none
2026-03-14T01:27:20+00:00,api/slow,1801.08,0,1,none
2026-03-14T01:27:21+00:00,api/normal,1.82,0,1,none
2026-03-14T01:27:21+00:00,api/error,3.35,1,1,SYSTEM_ERROR
2026-03-14T01:27:21+00:00,api/error,4.29,1,1,SYSTEM_ERROR
2026-03-14T01:27:21+00:00,api/normal,0.92,0,1,none
2026-03-14T01:27:21+00:00,api/normal,0.72,0,1,none
2026-03-14T01:27:21+00:00,api/normal,2.85,0,1,none
2026-03-14T01:27:21+00:00,api/normal,1.95,0,1,none
2026-03-14T01:27:21+00:00,api/normal,0.71,0,1,none
2026-03-14T01:27:21+00:00,api/error,1.83,1,1,SYSTEM_ERROR
2026-03-14T01:27:21+00:00,api/normal,0.8,0,1,none
2026-03-14T01:27:21+00:00,api/normal,2.08,0,1,none
2026-03-14T01:27:21+00:00,api/normal,2,0,1,none
2026-03-14T01:27:21+00:00,api/normal,0.88,0,1,none
2026-03-14T01:27:21+00:00,api/normal,1.07,0,1,none
2026-03-14T01:27:21+00:00,api/error,3.89,1,1,SYSTEM_ERROR
2026-03-14T01:27:21+00:00,api/error,5.11,1,1,SYSTEM_ERROR
2026-03-14T01:27:21+00:00,api/normal,0.9,0,1,none
2026-03-14T01:27:21+00:00,api/error,5.88,1,1,SYSTEM_ERROR
2026-03-14T01:27:21+00:00,api/error,2.14,1,1,SYSTEM_ERROR
2026-03-14T01:27:21+00:00,api/normal,1.65,0,1,none
2026-03-14T01:27:21+00:00,api/validate,2.79,1,1,UNKNOWN
2026-03-14T01:27:21+00:00,api/error,3.24,1,1,SYSTEM_ERROR
2026-03-14T01:27:28+00:00,api/slow,7013.77,0,1,TIMEOUT_ERROR
2026-03-14T01:27:28+00:00,api/error,4.4,1,1,SYSTEM_ERROR
2026-03-14T01:27:28+00:00,api/normal,1.54,0,1,none
2026-03-14T01:27:28+00:00,api/error,1.6,1,1,SYSTEM_ERROR
2026-03-14T01:27:28+00:00,api/error,3.51,1,1,SYSTEM_ERROR
2026-03-14T01:27:28+00:00,api/error,2.18,1,1,SYSTEM_ERROR
2026-03-14T01:27:28+00:00,api/normal,1.51,0,1,none
2026-03-14T01:27:28+00:00,api/normal,0.82,0,1,none
2026-03-14T01:27:28+00:00,api/normal,0.87,0,1,none
2026-03-14T01:27:29+00:00,api/normal,0.85,0,1,none
2026-03-14T01:27:29+00:00,api/normal,1.02,0,1,none
2026-03-14T01:27:29+00:00,api/error,4.12,1,1,SYSTEM_ERROR
2026-03-14T01:27:29+00:00,api/error,4.12,1,1,SYSTEM_ERROR
2026-03-14T01:27:29+00:00,api/error,3.15,1,1,SYSTEM_ERROR
2026-03-14T01:27:29+00:00,api/error,2.33,1,1,SYSTEM_ERROR
2026-03-14T01:27:29+00:00,api/normal,1.35,0,1,none
2026-03-14T01:27:29+00:00,api/normal,1.04,0,1,none
2026-03-14T01:27:29+00:00,api/error,2.86,1,1,SYSTEM_ERROR
2026-03-14T01:27:29+00:00,api/normal,1.75,0,1,none
2026-03-14T01:27:29+00:00,api/error,4.91,1,1,SYSTEM_ERROR
2026-03-14T01:27:29+00:00,api/normal,0.86,0,1,none
2026-03-14T01:27:29+00:00,api/validate,4.24,1,1,UNKNOWN
2026-03-14T01:27:29+00:00,api/error,2.07,1,1,SYSTEM_ERROR
2026-03-14T01:27:29+00:00,api/db,3.51,0,1,none
2026-03-14T01:27:29+00:00,api/normal,3.03,0,1,none
2026-03-14T01:27:29+00:00,api/normal,1.03,0,1,none
2026-03-14T01:27:29+00:00,api/error,3.13,1,1,SYSTEM_ERROR
2026-03-14T01:27:29+00:00,api/error,2.9,1,1,SYSTEM_ERROR
2026-03-14T01:27:29+00:00,api/error,3.68,1,1,SYSTEM_ERROR
2026-03-14T01:27:30+00:00,api/slow,1146.99,0,1,none
2026-03-14T01:27:30+00:00,api/normal,1.2,0,1,none
2026-03-14T01:27:30+00:00,api/normal,2.41,0,1,none
2026-03-14T01:27:30+00:00,api/error,6.78,1,1,SYSTEM_ERROR
2026-03-14T01:27:30+00:00,api/normal,0.73,0,1,none
2026-03-14T01:27:31+00:00,api/error,6.08,1,1,SYSTEM_ERROR
2026-03-14T01:27:32+00:00,api/slow,1083.63,0,1,none
2026-03-14T01:27:32+00:00,api/normal,1.3,0,1,none
2026-03-14T01:27:32+00:00,api/error,5.28,1,1,SYSTEM_ERROR
2026-03-14T01:27:32+00:00,api/error,3.87,1,1,SYSTEM_ERROR
2026-03-14T01:27:32+00:00,api/normal,1.33,0,1,none
2026-03-14T01:27:33+00:00,api/slow,1447.19,0,1,none
2026-03-14T01:27:33+00:00,api/normal,2.44,0,1,none
2026-03-14T01:27:33+00:00,api/error,2.86,1,1,SYSTEM_ERROR
2026-03-14T01:27:33+00:00,api/normal,1.08,0,1,none
2026-03-14T01:27:33+00:00,api/error,4.53,1,1,SYSTEM_ERROR
2026-03-14T01:27:33+00:00,api/normal,0.87,0,1,none
2026-03-14T01:27:33+00:00,api/normal,0.9,0,1,none
2026-03-14T01:27:34+00:00,api/error,2.35,1,1,SYSTEM_ERROR
2026-03-14T01:27:35+00:00,api/slow,1774.25,0,1,none
2026-03-14T01:27:35+00:00,api/normal,0.86,0,1,none
2026-03-14T01:27:35+00:00,api/error,6.02,1,1,SYSTEM_ERROR
2026-03-14T01:27:35+00:00,api/error,2.27,1,1,SYSTEM_ERROR
2026-03-14T01:27:35+00:00,api/error,2.64,1,1,SYSTEM_ERROR
2026-03-14T01:27:37+00:00,api/slow,1775.84,0,1,none
2026-03-14T01:27:37+00:00,api/error,3.94,1,1,SYSTEM_ERROR
2026-03-14T01:27:37+00:00,api/normal,1.13,0,1,none
2026-03-14T01:27:37+00:00,api/normal,0.87,0,1,none
2026-03-14T01:27:37+00:00,api/normal,0.99,0,1,none
2026-03-14T01:27:39+00:00,api/slow,1686.36,0,1,none
2026-03-14T01:27:39+00:00,api/normal,0.8,0,1,none
2026-03-14T01:27:41+00:00,api/slow,1702.07,0,1,none
2026-03-14T01:27:41+00:00,api/error,4.09,1,1,SYSTEM_ERROR
2026-03-14T01:27:43+00:00,api/slow,1821.2,0,1,none
2026-03-14T01:27:43+00:00,api/normal,0.9,0,1,none
2026-03-14T01:27:44+00:00,api/slow,1197.94,0,1,none
2026-03-14T01:27:44+00:00,api/error,6.25,1,1,SYSTEM_ERROR
2026-03-14T01:27:44+00:00,api/error,3.97,1,1,SYSTEM_ERROR
2026-03-14T01:27:44+00:00,api/normal,1.28,0,1,none
2026-03-14T01:27:44+00:00,api/normal,0.9,0,1,none
2026-03-14T01:27:44+00:00,api/error,3.07,1,1,SYSTEM_ERROR
2026-03-14T01:27:44+00:00,api/error,4.19,1,1,SYSTEM_ERROR
2026-03-14T01:27:44+00:00,api/normal,0.93,0,1,none
2026-03-14T01:27:44+00:00,api/error,4.66,1,1,SYSTEM_ERROR
2026-03-14T01:27:44+00:00,api/normal,1.27,0,1,none
2026-03-14T01:27:46+00:00,api/slow,1703.76,0,1,none
2026-03-14T01:27:46+00:00,api/normal,2.09,0,1,none
2026-03-14T01:27:52+00:00,api/slow,6007.03,0,1,TIMEOUT_ERROR
2026-03-14T01:27:52+00:00,api/normal,2.96,0,1,none
2026-03-14T01:27:52+00:00,api/normal,1.53,0,1,none
2026-03-14T01:27:52+00:00,api/error,4.95,1,1,SYSTEM_ERROR
2026-03-14T01:27:52+00:00,api/error,5.68,1,1,SYSTEM_ERROR
2026-03-14T01:27:52+00:00,api/error,4.63,1,1,SYSTEM_ERROR
2026-03-14T01:27:52+00:00,api/normal,1.01,0,1,none
2026-03-14T01:27:52+00:00,api/normal,1.95,0,1,none
2026-03-14T01:27:52+00:00,api/error,3.08,1,1,SYSTEM_ERROR
2026-03-14T01:27:52+00:00,api/error,5.92,1,1,SYSTEM_ERROR
2026-03-14T01:27:53+00:00,api/error,3.24,1,1,SYSTEM_ERROR
2026-03-14T01:27:54+00:00,api/slow,1762.25,0,1,none
2026-03-14T01:27:54+00:00,api/normal,1.01,0,1,none
2026-03-14T01:27:54+00:00,api/normal,1.6,0,1,none
2026-03-14T01:27:54+00:00,api/normal,1.16,0,1,none
2026-03-14T01:27:54+00:00,api/normal,1.09,0,1,none
2026-03-14T01:27:54+00:00,api/normal,1.09,0,1,none
2026-03-14T01:27:55+00:00,api/normal,1.81,0,1,none
2026-03-14T01:28:01+00:00,api/slow,6008.76,0,1,TIMEOUT_ERROR
2026-03-14T01:28:01+00:00,api/error,5.54,1,1,SYSTEM_ERROR
2026-03-14T01:28:01+00:00,api/normal,1.41,0,1,none
2026-03-14T01:28:01+00:00,api/error,2.08,1,1,SYSTEM_ERROR
2026-03-14T01:28:07+00:00,api/slow,6005.98,0,1,TIMEOUT_ERROR
2026-03-14T01:28:07+00:00,api/normal,6.83,0,1,none
2026-03-14T01:28:07+00:00,api/normal,4.1,0,1,none
2026-03-14T01:28:07+00:00,api/error,3.03,1,1,SYSTEM_ERROR
2026-03-14T01:28:07+00:00,api/validate,3.96,1,1,UNKNOWN
2026-03-14T01:28:07+00:00,api/normal,1.37,0,1,none
2026-03-14T01:28:07+00:00,api/normal,1.49,0,1,none
2026-03-14T01:28:07+00:00,api/normal,0.92,0,1,none
2026-03-14T01:28:07+00:00,api/error,4.78,1,1,SYSTEM_ERROR
2026-03-14T01:28:07+00:00,api/error,2.27,1,1,SYSTEM_ERROR
2026-03-14T01:28:07+00:00,api/error,2.43,1,1,SYSTEM_ERROR
2026-03-14T01:28:07+00:00,api/normal,2.29,0,1,none
2026-03-14T01:28:07+00:00,api/error,3.29,1,1,SYSTEM_ERROR
2026-03-14T01:28:07+00:00,api/error,1.74,1,1,SYSTEM_ERROR
2026-03-14T01:28:07+00:00,api/error,3.44,1,1,SYSTEM_ERROR
2026-03-14T01:28:07+00:00,api/error,1.92,1,1,SYSTEM_ERROR
2026-03-14T01:28:07+00:00,api/normal,0.99,0,1,none
2026-03-14T01:28:07+00:00,api/error,3.22,1,1,SYSTEM_ERROR
2026-03-14T01:28:07+00:00,api/normal,1.55,0,1,none
2026-03-14T01:28:12+00:00,api/slow,5008.95,0,1,TIMEOUT_ERROR
2026-03-14T01:28:12+00:00,api/normal,5.23,0,1,none
2026-03-14T01:28:14+00:00,api/slow,1121.41,0,1,none
2026-03-14T01:28:14+00:00,api/normal,1.27,0,1,none
2026-03-14T01:28:14+00:00,api/normal,1.03,0,1,none
2026-03-14T01:28:14+00:00,api/error,6.12,1,1,SYSTEM_ERROR
2026-03-14T01:28:14+00:00,api/error,2.2,1,1,SYSTEM_ERROR
2026-03-14T01:28:14+00:00,api/normal,0.85,0,1,none
2026-03-14T01:28:14+00:00,api/normal,1.19,0,1,none
2026-03-14T01:28:14+00:00,api/error,2.84,1,1,SYSTEM_ERROR
2026-03-14T01:28:14+00:00,api/error,6.15,1,1,SYSTEM_ERROR
2026-03-14T01:28:16+00:00,api/slow,1819.77,0,1,none
2026-03-14T01:28:16+00:00,api/normal,2.61,0,1,none
2026-03-14T01:28:16+00:00,api/normal,1.63,0,1,none
2026-03-14T01:28:16+00:00,api/error,3.27,1,1,SYSTEM_ERROR
2026-03-14T01:28:16+00:00,api/db,5.71,0,1,none
2026-03-14T01:28:16+00:00,api/error,3.72,1,1,SYSTEM_ERROR
2026-03-14T01:28:16+00:00,api/normal,1.19,0,1,none
2026-03-14T01:28:16+00:00,api/normal,0.87,0,1,none
2026-03-14T01:28:21+00:00,api/slow,5011.28,0,1,TIMEOUT_ERROR
2026-03-14T01:28:21+00:00,api/error,5.26,1,1,SYSTEM_ERROR
2026-03-14T01:28:21+00:00,api/normal,2.82,0,1,none
2026-03-14T01:28:21+00:00,api/normal,0.85,0,1,none
2026-03-14T01:28:21+00:00,api/normal,2.12,0,1,none
2026-03-14T01:28:21+00:00,api/error,2.37,1,1,SYSTEM_ERROR
2026-03-14T01:28:21+00:00,api/normal,0.61,0,1,none
2026-03-14T01:28:21+00:00,api/normal,1.02,0,1,none
2026-03-14T01:28:21+00:00,api/normal,1.51,0,1,none
2026-03-14T01:28:21+00:00,api/normal,0.69,0,1,none
2026-03-14T01:28:21+00:00,api/normal,0.9,0,1,none
2026-03-14T01:28:21+00:00,api/error,2.04,1,1,SYSTEM_ERROR
2026-03-14T01:28:21+00:00,api/normal,0.73,0,1,none
2026-03-14T01:28:21+00:00,api/normal,0.89,0,1,none
2026-03-14T01:28:22+00:00,api/error,2.15,1,1,SYSTEM_ERROR
2026-03-14T01:28:22+00:00,api/db,3.37,0,1,none
2026-03-14T01:28:22+00:00,api/error,2.14,1,1,SYSTEM_ERROR
2026-03-14T01:28:22+00:00,api/normal,1.88,0,1,none
2026-03-14T01:28:22+00:00,api/normal,1.64,0,1,none
2026-03-14T01:28:22+00:00,api/normal,2.04,0,1,none
2026-03-14T01:28:24+00:00,api/slow,1887.19,0,1,none
2026-03-14T01:28:24+00:00,api/error,2.55,1,1,SYSTEM_ERROR
2026-03-14T01:28:24+00:00,api/normal,2.02,0,1,none
2026-03-14T01:28:24+00:00,api/normal,1.15,0,1,none
2026-03-14T01:28:24+00:00,api/error,5.19,1,1,SYSTEM_ERROR
2026-03-14T01:28:24+00:00,api/normal,1.27,0,1,none
2026-03-14T01:28:24+00:00,api/normal,1.32,0,1,none
2026-03-14T01:28:24+00:00,api/normal,1.11,0,1,none
2026-03-14T01:28:24+00:00,api/error,2.38,1,1,SYSTEM_ERROR
2026-03-14T01:28:24+00:00,api/normal,0.91,0,1,none
2026-03-14T01:28:24+00:00,api/error,2.13,1,1,SYSTEM_ERROR
2026-03-14T01:28:24+00:00,api/normal,0.93,0,1,none
2026-03-14T01:28:24+00:00,api/db,17.98,0,1,none
2026-03-14T01:28:24+00:00,api/error,2.87,1,1,SYSTEM_ERROR
2026-03-14T01:28:24+00:00,api/normal,1.73,0,1,none
2026-03-14T01:28:24+00:00,api/normal,0.83,0,1,none
2026-03-14T01:28:24+00:00,api/error,3.31,1,1,SYSTEM_ERROR
2026-03-14T01:28:25+00:00,api/slow,1167.9,0,1,none
2026-03-14T01:28:25+00:00,api/normal,1.31,0,1,none
2026-03-14T01:28:25+00:00,api/normal,0.67,0,1,none
2026-03-14T01:28:25+00:00,api/db,4.42,0,1,none
2026-03-14T01:28:27+00:00,api/slow,1965.74,0,1,none
2026-03-14T01:28:27+00:00,api/normal,2.37,0,1,none
2026-03-14T01:28:27+00:00,api/normal,2.02,0,1,none
2026-03-14T01:28:27+00:00,api/error,3.28,1,1,SYSTEM_ERROR
2026-03-14T01:28:27+00:00,api/error,2.53,1,1,SYSTEM_ERROR
2026-03-14T01:28:27+00:00,api/normal,1.59,0,1,none
2026-03-14T01:28:27+00:00,api/normal,1.82,0,1,none
2026-03-14T01:28:28+00:00,api/normal,1.22,0,1,none
2026-03-14T01:28:28+00:00,api/normal,1.9,0,1,none
2026-03-14T01:28:28+00:00,api/db,4.86,0,1,none
2026-03-14T01:28:28+00:00,api/normal,0.85,0,1,none
2026-03-14T01:28:28+00:00,api/normal,2.51,0,1,none
2026-03-14T01:28:28+00:00,api/error,5.23,1,1,SYSTEM_ERROR
2026-03-14T01:28:28+00:00,api/error,2.58,1,1,SYSTEM_ERROR
2026-03-14T01:28:28+00:00,api/db,3.45,0,1,none
2026-03-14T01:28:28+00:00,api/normal,1.51,0,1,none
2026-03-14T01:28:28+00:00,api/error,2.58,1,1,SYSTEM_ERROR
2026-03-14T01:28:28+00:00,api/error,4.02,1,1,SYSTEM_ERROR
2026-03-14T01:28:28+00:00,api/normal,0.97,0,1,none
2026-03-14T01:28:28+00:00,api/error,2.94,1,1,SYSTEM_ERROR
2026-03-14T01:28:28+00:00,api/normal,1.4,0,1,none
2026-03-14T01:28:28+00:00,api/normal,1.03,0,1,none
2026-03-14T01:28:28+00:00,api/normal,1.13,0,1,none
2026-03-14T01:28:29+00:00,api/slow,1060.2,0,1,none
2026-03-14T01:28:29+00:00,api/normal,2.12,0,1,none
2026-03-14T01:28:29+00:00,api/error,4.62,1,1,SYSTEM_ERROR
2026-03-14T01:28:29+00:00,api/error,2.16,1,1,SYSTEM_ERROR
2026-03-14T01:28:29+00:00,api/error,2.61,1,1,SYSTEM_ERROR
2026-03-14T01:28:29+00:00,api/normal,0.82,0,1,none
2026-03-14T01:28:29+00:00,api/error,3.51,1,1,SYSTEM_ERROR
2026-03-14T01:28:29+00:00,api/error,2.93,1,1,SYSTEM_ERROR
2026-03-14T01:28:29+00:00,api/normal,1.36,0,1,none
2026-03-14T01:28:29+00:00,api/normal,0.93,0,1,none
2026-03-14T01:28:29+00:00,api/normal,1.26,0,1,none
2026-03-14T01:28:29+00:00,api/error,2.04,1,1,SYSTEM_ERROR
2026-03-14T01:28:29+00:00,api/error,3.23,1,1,SYSTEM_ERROR
2026-03-14T01:28:29+00:00,api/normal,2.76,0,1,none
2026-03-14T01:28:36+00:00,api/slow,7008.61,0,1,TIMEOUT_ERROR
2026-03-14T01:28:37+00:00,api/db,4.36,0,1,none
2026-03-14T01:28:37+00:00,api/normal,0.96,0,1,none
2026-03-14T01:28:38+00:00,api/slow,1688.23,0,1,none
2026-03-14T01:28:39+00:00,api/slow,1146.24,0,1,none
2026-03-14T01:28:39+00:00,api/normal,1.23,0,1,none
2026-03-14T01:28:39+00:00,api/normal,1.43,0,1,none
2026-03-14T01:28:40+00:00,api/normal,1.74,0,1,none
2026-03-14T01:28:40+00:00,api/normal,1.53,0,1,none
2026-03-14T01:28:40+00:00,api/normal,0.88,0,1,none
2026-03-14T01:28:40+00:00,api/error,2.66,1,1,SYSTEM_ERROR
2026-03-14T01:28:40+00:00,api/normal,1.17,0,1,none
2026-03-14T01:28:40+00:00,api/validate,1.48,1,1,UNKNOWN
2026-03-14T01:28:40+00:00,api/error,2.59,1,1,SYSTEM_ERROR
2026-03-14T01:28:42+00:00,api/slow,1844.77,0,1,none
2026-03-14T01:28:42+00:00,api/normal,1.93,0,1,none
2026-03-14T01:28:42+00:00,api/error,2.27,1,1,SYSTEM_ERROR
2026-03-14T01:28:49+00:00,api/slow,7010.68,0,1,TIMEOUT_ERROR
2026-03-14T01:28:49+00:00,api/normal,2.82,0,1,none
2026-03-14T01:28:49+00:00,api/error,3.39,1,1,SYSTEM_ERROR
2026-03-14T01:28:49+00:00,api/normal,1.63,0,1,none
2026-03-14T01:28:49+00:00,api/error,2.03,1,1,SYSTEM_ERROR
2026-03-14T01:28:49+00:00,api/error,3.65,1,1,SYSTEM_ERROR
2026-03-14T01:28:49+00:00,api/error,2.87,1,1,SYSTEM_ERROR
2026-03-14T01:28:49+00:00,api/normal,1,0,1,none
2026-03-14T01:28:55+00:00,api/slow,6006.96,0,1,TIMEOUT_ERROR
2026-03-14T01:28:57+00:00,api/slow,1661.49,0,1,none
2026-03-14T01:28:57+00:00,api/normal,1.32,0,1,none
2026-03-14T01:28:57+00:00,api/normal,2.04,0,1,none
2026-03-14T01:28:59+00:00,api/slow,1934.89,0,1,none
2026-03-14T01:28:59+00:00,api/normal,1.59,0,1,none
2026-03-14T01:28:59+00:00,api/normal,1.03,0,1,none
2026-03-14T01:28:59+00:00,api/error,2.51,1,1,SYSTEM_ERROR
2026-03-14T01:28:59+00:00,api/error,2.7,1,1,SYSTEM_ERROR
2026-03-14T01:28:59+00:00,api/normal,1.19,0,1,none
2026-03-14T01:28:59+00:00,api/error,2.94,1,1,SYSTEM_ERROR
2026-03-14T01:28:59+00:00,api/normal,0.95,0,1,none
2026-03-14T01:28:59+00:00,api/normal,0.93,0,1,none
2026-03-14T01:28:59+00:00,api/error,2.72,1,1,SYSTEM_ERROR
2026-03-14T01:28:59+00:00,api/normal,1.62,0,1,none
2026-03-14T01:29:01+00:00,api/slow,1643.39,0,1,none
2026-03-14T01:29:07+00:00,api/slow,6016.73,0,1,TIMEOUT_ERROR
2026-03-14T01:29:07+00:00,api/normal,11.62,0,1,none
2026-03-14T01:29:07+00:00,api/error,7.57,1,1,SYSTEM_ERROR
2026-03-14T01:29:07+00:00,api/error,3.7,1,1,SYSTEM_ERROR
2026-03-14T01:29:08+00:00,api/slow,1465.42,0,1,none
2026-03-14T01:29:08+00:00,api/normal,1.61,0,1,none
2026-03-14T01:29:08+00:00,api/normal,1.24,0,1,none
2026-03-14T01:29:15+00:00,api/slow,7016.62,0,1,TIMEOUT_ERROR
2026-03-14T01:29:15+00:00,api/normal,1.58,0,1,none
2026-03-14T01:29:15+00:00,api/normal,0.84,0,1,none
2026-03-14T01:29:16+00:00,api/error,4.17,1,1,SYSTEM_ERROR
2026-03-14T01:29:16+00:00,api/normal,0.89,0,1,none
2026-03-14T01:29:16+00:00,api/normal,0.96,0,1,none
2026-03-14T01:29:16+00:00,api/error,1.91,1,1,SYSTEM_ERROR
2026-03-14T01:29:17+00:00,api/slow,1084.59,0,1,none
2026-03-14T01:29:17+00:00,api/normal,1.07,0,1,none
2026-03-14T01:29:17+00:00,api/normal,0.76,0,1,none
2026-03-14T01:29:17+00:00,api/db,13.32,0,1,none
2026-03-14T01:29:17+00:00,api/normal,0.79,0,1,none
2026-03-14T01:29:17+00:00,api/error,2.64,1,1,SYSTEM_ERROR
2026-03-14T01:29:17+00:00,api/normal,0.98,0,1,none
2026-03-14T01:29:17+00:00,api/normal,0.72,0,1,none
2026-03-14T01:29:17+00:00,api/normal,0.59,0,1,none
2026-03-14T01:29:18+00:00,api/slow,1286.12,0,1,none
2026-03-14T01:29:18+00:00,api/normal,1.8,0,1,none
2026-03-14T01:29:18+00:00,api/normal,0.94,0,1,none
2026-03-14T01:29:18+00:00,api/normal,0.84,0,1,none
2026-03-14T01:29:24+00:00,api/slow,6005.62,0,1,TIMEOUT_ERROR
2026-03-14T01:29:24+00:00,api/normal,1.56,0,1,none
2026-03-14T01:29:24+00:00,api/error,2.36,1,1,SYSTEM_ERROR
2026-03-14T01:29:24+00:00,api/error,1.69,1,1,SYSTEM_ERROR
2026-03-14T01:29:24+00:00,api/error,1.87,1,1,SYSTEM_ERROR
2026-03-14T01:29:24+00:00,api/error,2.22,1,1,SYSTEM_ERROR
2026-03-14T01:29:26+00:00,api/slow,1656.81,0,1,none
2026-03-14T01:29:26+00:00,api/normal,0.85,0,1,none
2026-03-14T01:29:26+00:00,api/normal,1.06,0,1,none
2026-03-14T01:29:26+00:00,api/normal,0.82,0,1,none
2026-03-14T01:29:26+00:00,api/normal,0.8,0,1,none
2026-03-14T01:29:28+00:00,api/slow,1976.89,0,1,none
2026-03-14T01:29:28+00:00,api/error,4.36,1,1,SYSTEM_ERROR
2026-03-14T01:29:28+00:00,api/error,2.27,1,1,SYSTEM_ERROR
2026-03-14T01:29:28+00:00,api/error,2.33,1,1,SYSTEM_ERROR
2026-03-14T01:29:28+00:00,api/db,4,0,1,none
2026-03-14T01:29:28+00:00,api/normal,0.87,0,1,none
2026-03-14T01:29:28+00:00,api/normal,0.72,0,1,none
2026-03-14T01:29:28+00:00,api/normal,0.93,0,1,none
2026-03-14T01:29:28+00:00,api/error,2.69,1,1,SYSTEM_ERROR
2026-03-14T01:29:28+00:00,api/error,2.3,1,1,SYSTEM_ERROR
2026-03-14T01:29:28+00:00,api/normal,0.93,0,1,none
2026-03-14T01:29:34+00:00,api/slow,6007.05,0,1,TIMEOUT_ERROR
2026-03-14T01:29:34+00:00,api/normal,1.37,0,1,none
2026-03-14T01:29:36+00:00,api/slow,1342.86,0,1,none
2026-03-14T01:29:36+00:00,api/normal,0.97,0,1,none
2026-03-14T01:29:36+00:00,api/error,3.06,1,1,SYSTEM_ERROR
2026-03-14T01:29:36+00:00,api/normal,0.88,0,1,none
2026-03-14T01:29:36+00:00,api/normal,1.07,0,1,none
2026-03-14T01:29:36+00:00,api/error,1.73,1,1,SYSTEM_ERROR
2026-03-14T01:29:36+00:00,api/error,2.33,1,1,SYSTEM_ERROR
2026-03-14T01:29:36+00:00,api/normal,0.95,0,1,none
2026-03-14T01:29:36+00:00,api/error,3.04,1,1,SYSTEM_ERROR
2026-03-14T01:29:36+00:00,api/db,4.19,0,1,none
2026-03-14T01:29:37+00:00,api/slow,1087,0,1,none
2026-03-14T01:29:43+00:00,api/slow,6014.73,0,1,TIMEOUT_ERROR
2026-03-14T01:29:43+00:00,api/normal,1.4,0,1,none
2026-03-14T01:29:43+00:00,api/error,2.84,1,1,SYSTEM_ERROR
2026-03-14T01:29:43+00:00,api/error,2.61,1,1,SYSTEM_ERROR
2026-03-14T01:29:43+00:00,api/db,3.06,0,1,none
2026-03-14T01:29:43+00:00,api/error,2.05,1,1,SYSTEM_ERROR
2026-03-14T01:29:43+00:00,api/normal,0.88,0,1,none
2026-03-14T01:29:43+00:00,api/error,2.35,1,1,SYSTEM_ERROR
2026-03-14T01:29:43+00:00,api/normal,1.11,0,1,none
2026-03-14T01:29:43+00:00,api/error,2.06,1,1,SYSTEM_ERROR
2026-03-14T01:29:43+00:00,api/error,2.33,1,1,SYSTEM_ERROR
2026-03-14T01:29:43+00:00,api/error,2.59,1,1,SYSTEM_ERROR
2026-03-14T01:29:45+00:00,api/slow,1224.91,0,1,none
2026-03-14T01:29:45+00:00,api/normal,1.11,0,1,none
2026-03-14T01:29:45+00:00,api/validate,2.24,1,1,UNKNOWN
2026-03-14T01:29:45+00:00,api/error,2.29,1,1,SYSTEM_ERROR
2026-03-14T01:29:45+00:00,api/error,2.55,1,1,SYSTEM_ERROR
2026-03-14T01:29:45+00:00,api/error,2.3,1,1,SYSTEM_ERROR
2026-03-14T01:29:45+00:00,api/normal,1.09,0,1,none
2026-03-14T01:29:45+00:00,api/normal,1.24,0,1,none
2026-03-14T01:29:45+00:00,api/error,2.01,1,1,SYSTEM_ERROR
2026-03-14T01:29:45+00:00,api/error,1.71,1,1,SYSTEM_ERROR
2026-03-14T01:29:45+00:00,api/error,1.58,1,1,SYSTEM_ERROR
2026-03-14T01:29:45+00:00,api/normal,0.66,0,1,none
2026-03-14T01:29:45+00:00,api/normal,0.83,0,1,none
2026-03-14T01:29:47+00:00,api/slow,1622.41,0,1,none
2026-03-14T01:29:47+00:00,api/error,4.72,1,1,SYSTEM_ERROR
2026-03-14T01:29:47+00:00,api/error,1.75,1,1,SYSTEM_ERROR
2026-03-14T01:29:47+00:00,api/error,2.95,1,1,SYSTEM_ERROR
2026-03-14T01:29:47+00:00,api/normal,1.42,0,1,none
2026-03-14T01:29:47+00:00,api/normal,0.72,0,1,none
2026-03-14T01:29:47+00:00,api/normal,0.89,0,1,none
2026-03-14T01:29:47+00:00,api/normal,0.84,0,1,none
2026-03-14T01:29:47+00:00,api/error,2.61,1,1,SYSTEM_ERROR
2026-03-14T01:29:47+00:00,api/normal,1.14,0,1,none
2026-03-14T01:29:47+00:00,api/error,2.7,1,1,SYSTEM_ERROR
2026-03-14T01:29:49+00:00,api/slow,1944.6,0,1,none
2026-03-14T01:29:55+00:00,api/slow,6007.15,0,1,TIMEOUT_ERROR
2026-03-14T01:30:02+00:00,api/slow,7010.75,0,1,TIMEOUT_ERROR
2026-03-14T01:30:02+00:00,api/error,3.5,1,1,SYSTEM_ERROR
2026-03-14T01:30:02+00:00,api/normal,0.82,0,1,none
2026-03-14T01:30:02+00:00,api/error,2.17,1,1,SYSTEM_ERROR
2026-03-14T01:30:02+00:00,api/error,2.18,1,1,SYSTEM_ERROR
2026-03-14T01:30:02+00:00,api/normal,1.05,0,1,none
2026-03-14T01:30:02+00:00,api/db,3.84,0,1,none
2026-03-14T01:30:02+00:00,api/normal,0.87,0,1,none
2026-03-14T01:30:02+00:00,api/normal,0.97,0,1,none
2026-03-14T01:30:02+00:00,api/normal,1.1,0,1,none
2026-03-14T01:30:02+00:00,api/normal,0.67,0,1,none
2026-03-14T01:30:02+00:00,api/error,2.12,1,1,SYSTEM_ERROR
2026-03-14T01:30:02+00:00,api/error,2.79,1,1,SYSTEM_ERROR
2026-03-14T01:30:02+00:00,api/error,2.29,1,1,SYSTEM_ERROR
2026-03-14T01:30:02+00:00,api/error,1.97,1,1,SYSTEM_ERROR
2026-03-14T01:30:02+00:00,api/error,1.96,1,1,SYSTEM_ERROR
2026-03-14T01:30:02+00:00,api/normal,0.77,0,1,none
2026-03-14T01:30:02+00:00,api/normal,1.1,0,1,none
2026-03-14T01:30:02+00:00,api/normal,0.91,0,1,none
2026-03-14T01:30:02+00:00,api/normal,1.83,0,1,none
2026-03-14T01:30:02+00:00,api/normal,2.22,0,1,none
2026-03-14T01:30:02+00:00,api/normal,2.72,0,1,none
2026-03-14T01:30:02+00:00,api/normal,1.83,0,1,none
2026-03-14T01:30:03+00:00,api/error,3.19,1,1,SYSTEM_ERROR
2026-03-14T01:30:03+00:00,api/error,2.78,1,1,SYSTEM_ERROR
2026-03-14T01:30:03+00:00,api/error,2.99,1,1,SYSTEM_ERROR
2026-03-14T01:30:10+00:00,api/slow,7016.06,0,1,TIMEOUT_ERROR
2026-03-14T01:30:10+00:00,api/normal,2.35,0,1,none
2026-03-14T01:30:10+00:00,api/normal,0.84,0,1,none
2026-03-14T01:30:10+00:00,api/normal,0.86,0,1,none
2026-03-14T01:30:12+00:00,api/slow,2007.86,0,1,none
2026-03-14T01:30:12+00:00,api/normal,1.14,0,1,none
2026-03-14T01:30:12+00:00,api/error,3.77,1,1,SYSTEM_ERROR
2026-03-14T01:30:12+00:00,api/validate,2.57,1,1,UNKNOWN
2026-03-14T01:30:12+00:00,api/error,1.96,1,1,SYSTEM_ERROR
2026-03-14T01:30:12+00:00,api/normal,0.86,0,1,none
2026-03-14T01:30:12+00:00,api/error,2.64,1,1,SYSTEM_ERROR
2026-03-14T01:30:13+00:00,api/slow,1361.53,0,1,none
2026-03-14T01:30:15+00:00,api/slow,1849.41,0,1,none
2026-03-14T01:30:15+00:00,api/error,4.11,1,1,SYSTEM_ERROR
2026-03-14T01:30:15+00:00,api/error,3.22,1,1,SYSTEM_ERROR
2026-03-14T01:30:15+00:00,api/normal,1.03,0,1,none
2026-03-14T01:30:15+00:00,api/normal,0.97,0,1,none
2026-03-14T01:30:15+00:00,api/normal,0.87,0,1,none
2026-03-14T01:30:15+00:00,api/normal,0.82,0,1,none
2026-03-14T01:30:15+00:00,api/normal,0.82,0,1,none
2026-03-14T01:30:16+00:00,api/normal,1.63,0,1,none
2026-03-14T01:30:16+00:00,api/normal,0.98,0,1,none
2026-03-14T01:30:16+00:00,api/normal,1.48,0,1,none
2026-03-14T01:30:22+00:00,api/slow,6013.12,0,1,TIMEOUT_ERROR
2026-03-14T01:30:22+00:00,api/db,5.79,0,1,none
2026-03-14T01:30:23+00:00,api/slow,1192.1,0,1,none
2026-03-14T01:30:25+00:00,api/slow,1892.2,0,1,none
2026-03-14T01:30:25+00:00,api/normal,1.52,0,1,none
2026-03-14T01:30:25+00:00,api/normal,0.96,0,1,none
2026-03-14T01:30:31+00:00,api/slow,6015.73,0,1,TIMEOUT_ERROR
2026-03-14T01:30:32+00:00,api/slow,1291.27,0,1,none
2026-03-14T01:30:32+00:00,api/normal,1.01,0,1,none
2026-03-14T01:30:32+00:00,api/normal,1.3,0,1,none
2026-03-14T01:30:32+00:00,api/normal,1.99,0,1,none
2026-03-14T01:30:34+00:00,api/slow,1437.19,0,1,none
2026-03-14T01:30:34+00:00,api/normal,2.4,0,1,none
2026-03-14T01:30:34+00:00,api/normal,0.59,0,1,none
2026-03-14T01:30:34+00:00,api/normal,1.38,0,1,none
2026-03-14T01:30:34+00:00,api/normal,0.97,0,1,none
2026-03-14T01:30:34+00:00,api/normal,1.61,0,1,none
2026-03-14T01:30:36+00:00,api/slow,1651.1,0,1,none
2026-03-14T01:30:36+00:00,api/normal,1.52,0,1,none
2026-03-14T01:30:36+00:00,api/normal,0.84,0,1,none
2026-03-14T01:30:36+00:00,api/normal,1.95,0,1,none
2026-03-14T01:30:36+00:00,api/normal,1,0,1,none
2026-03-14T01:30:36+00:00,api/normal,0.86,0,1,none
2026-03-14T01:30:36+00:00,api/normal,1.38,0,1,none
2026-03-14T01:30:41+00:00,api/slow,5010.31,0,1,TIMEOUT_ERROR
2026-03-14T01:30:41+00:00,api/normal,1.22,0,1,none
2026-03-14T01:30:41+00:00,api/normal,1.44,0,1,none
2026-03-14T01:30:41+00:00,api/normal,0.79,0,1,none
2026-03-14T01:30:46+00:00,api/slow,5004.45,0,1,TIMEOUT_ERROR
2026-03-14T01:30:46+00:00,api/normal,2.05,0,1,none
2026-03-14T01:30:46+00:00,api/normal,0.82,0,1,none
2026-03-14T01:30:46+00:00,api/normal,0.6,0,1,none
2026-03-14T01:30:46+00:00,api/normal,0.91,0,1,none
2026-03-14T01:30:46+00:00,api/normal,1.18,0,1,none
2026-03-14T01:30:46+00:00,api/normal,0.89,0,1,none
2026-03-14T01:30:46+00:00,api/normal,0.87,0,1,none
2026-03-14T01:30:46+00:00,api/normal,1.51,0,1,none
2026-03-14T01:30:46+00:00,api/normal,1.41,0,1,none
2026-03-14T01:30:51+00:00,api/slow,5005.46,0,1,TIMEOUT_ERROR
2026-03-14T01:30:51+00:00,api/error,6.11,1,1,SYSTEM_ERROR
2026-03-14T01:30:51+00:00,api/normal,1.63,0,1,none
2026-03-14T01:30:53+00:00,api/slow,1483.42,0,1,none
2026-03-14T01:30:53+00:00,api/error,4.21,1,1,SYSTEM_ERROR
2026-03-14T01:30:54+00:00,api/slow,1394.01,0,1,none
2026-03-14T01:30:56+00:00,api/slow,1901.1,0,1,none
2026-03-14T01:30:56+00:00,api/normal,1.48,0,1,none
2026-03-14T01:30:56+00:00,api/normal,1.8,0,1,none
2026-03-14T01:30:58+00:00,api/slow,1937.48,0,1,none
2026-03-14T01:30:59+00:00,api/normal,2.04,0,1,none
2026-03-14T01:30:59+00:00,api/validate,3.72,1,1,UNKNOWN
2026-03-14T01:30:59+00:00,api/normal,0.88,0,1,none
2026-03-14T01:30:59+00:00,api/normal,1.1,0,1,none
2026-03-14T01:30:59+00:00,api/normal,1.13,0,1,none
2026-03-14T01:30:59+00:00,api/normal,2.48,0,1,none
2026-03-14T01:30:59+00:00,api/normal,1.9,0,1,none
2026-03-14T01:31:04+00:00,api/slow,5005.93,0,1,TIMEOUT_ERROR
2026-03-14T01:31:04+00:00,api/normal,4.06,0,1,none
2026-03-14T01:31:04+00:00,api/normal,1.92,0,1,none
2026-03-14T01:31:05+00:00,api/slow,1565.93,0,1,none
2026-03-14T01:31:05+00:00,api/normal,1.17,0,1,none
2026-03-14T01:31:06+00:00,api/normal,1.8,0,1,none
2026-03-14T01:31:06+00:00,api/normal,1.38,0,1,none
2026-03-14T01:31:13+00:00,api/slow,7016.79,0,1,TIMEOUT_ERROR
2026-03-14T01:31:13+00:00,api/error,13.53,1,1,SYSTEM_ERROR
2026-03-14T01:31:15+00:00,api/slow,1878.93,0,1,none
2026-03-14T01:31:15+00:00,api/normal,2.68,0,1,none
2026-03-14T01:31:15+00:00,api/normal,3.64,0,1,none
2026-03-14T01:31:15+00:00,api/normal,1.19,0,1,none
2026-03-14T01:31:17+00:00,api/slow,1959.34,0,1,none
2026-03-14T01:31:17+00:00,api/normal,1.71,0,1,none
2026-03-14T01:31:17+00:00,api/normal,0.88,0,1,none
2026-03-14T01:31:17+00:00,api/normal,0.65,0,1,none
2026-03-14T01:31:17+00:00,api/normal,3.37,0,1,none
2026-03-14T01:31:17+00:00,api/normal,1.5,0,1,none
2026-03-14T01:31:17+00:00,api/normal,0.91,0,1,none
2026-03-14T01:31:17+00:00,api/normal,1.24,0,1,none
2026-03-14T01:31:17+00:00,api/normal,1.61,0,1,none
2026-03-14T01:31:17+00:00,api/normal,1.32,0,1,none
2026-03-14T01:31:17+00:00,api/error,4.84,1,1,SYSTEM_ERROR
2026-03-14T01:31:17+00:00,api/normal,1.7,0,1,none
2026-03-14T01:31:17+00:00,api/validate,2.58,1,1,UNKNOWN
2026-03-14T01:31:19+00:00,api/slow,1426.66,0,1,none
2026-03-14T01:31:19+00:00,api/normal,1.3,0,1,none
2026-03-14T01:31:19+00:00,api/normal,0.9,0,1,none
2026-03-14T01:31:19+00:00,api/normal,1.08,0,1,none
2026-03-14T01:31:25+00:00,api/slow,6010.9,0,1,TIMEOUT_ERROR
2026-03-14T01:31:25+00:00,api/normal,2.29,0,1,none
2026-03-14T01:31:25+00:00,api/normal,1.27,0,1,none
2026-03-14T01:31:25+00:00,api/normal,3.22,0,1,none
2026-03-14T01:31:25+00:00,api/normal,1.16,0,1,none
2026-03-14T01:31:25+00:00,api/normal,2.48,0,1,none
2026-03-14T01:31:25+00:00,api/error,3.79,1,1,SYSTEM_ERROR
2026-03-14T01:31:26+00:00,api/slow,1451.83,0,1,none
2026-03-14T01:31:26+00:00,api/normal,1.46,0,1,none
2026-03-14T01:31:26+00:00,api/normal,0.88,0,1,none
2026-03-14T01:31:26+00:00,api/normal,1.21,0,1,none
2026-03-14T01:31:27+00:00,api/normal,1.51,0,1,none
2026-03-14T01:31:33+00:00,api/slow,6013.93,0,1,TIMEOUT_ERROR
2026-03-14T01:31:33+00:00,api/normal,2.17,0,1,none
2026-03-14T01:31:33+00:00,api/normal,1.38,0,1,none
2026-03-14T01:31:34+00:00,api/slow,1246.31,0,1,none
2026-03-14T01:31:34+00:00,api/normal,0.95,0,1,none
2026-03-14T01:31:34+00:00,api/normal,1.05,0,1,none
2026-03-14T01:31:35+00:00,api/slow,1355.84,0,1,none
2026-03-14T01:31:37+00:00,api/slow,1525.35,0,1,none
2026-03-14T01:31:37+00:00,api/normal,2.39,0,1,none
2026-03-14T01:31:37+00:00,api/normal,1.33,0,1,none
2026-03-14T01:31:37+00:00,api/normal,0.64,0,1,none
2026-03-14T01:31:37+00:00,api/db,3.74,0,1,none
2026-03-14T01:31:39+00:00,api/slow,1955.07,0,1,none
2026-03-14T01:31:39+00:00,api/normal,1.14,0,1,none
2026-03-14T01:31:41+00:00,api/slow,1615.75,0,1,none
2026-03-14T01:31:47+00:00,api/slow,6010.38,0,1,TIMEOUT_ERROR
2026-03-14T01:31:47+00:00,api/normal,2.83,0,1,none
2026-03-14T01:31:47+00:00,api/normal,0.92,0,1,none
2026-03-14T01:31:48+00:00,api/slow,1351.84,0,1,none
2026-03-14T01:31:50+00:00,api/slow,1948.73,0,1,none
2026-03-14T01:31:50+00:00,api/db,3.57,0,1,none
2026-03-14T01:31:50+00:00,api/validate,4.46,1,1,UNKNOWN
2026-03-14T01:31:50+00:00,api/normal,2.43,0,1,none
2026-03-14T01:31:50+00:00,api/error,5.08,1,1,SYSTEM_ERROR
2026-03-14T01:31:50+00:00,api/normal,3.82,0,1,none
2026-03-14T01:31:51+00:00,api/normal,1.61,0,1,none
2026-03-14T01:31:51+00:00,api/validate,3.22,1,1,UNKNOWN
2026-03-14T01:31:51+00:00,api/normal,2.67,0,1,none
2026-03-14T01:31:51+00:00,api/normal,2.49,0,1,none
2026-03-14T01:31:51+00:00,api/normal,1.59,0,1,none
2026-03-14T01:31:51+00:00,api/normal,1.27,0,1,none
2026-03-14T01:31:51+00:00,api/normal,0.83,0,1,none
2026-03-14T01:31:51+00:00,api/normal,1.11,0,1,none
2026-03-14T01:31:51+00:00,api/error,3.73,1,1,SYSTEM_ERROR
2026-03-14T01:31:51+00:00,api/db,3.7,0,1,none
2026-03-14T01:31:51+00:00,api/db,26.75,0,1,none
2026-03-14T01:31:51+00:00,api/normal,1.14,0,1,none
2026-03-14T01:31:51+00:00,api/normal,0.87,0,1,none
2026-03-14T01:31:53+00:00,api/slow,1905.93,0,1,none
2026-03-14T01:31:53+00:00,api/normal,1.68,0,1,none
2026-03-14T01:31:53+00:00,api/normal,1.04,0,1,none
2026-03-14T01:31:55+00:00,api/slow,1778.11,0,1,none
2026-03-14T01:31:55+00:00,api/normal,1.18,0,1,none
2026-03-14T01:31:55+00:00,api/normal,1.17,0,1,none
2026-03-14T01:31:57+00:00,api/slow,1804.89,0,1,none
2026-03-14T01:31:57+00:00,api/normal,1.05,0,1,none
2026-03-14T01:31:58+00:00,api/slow,1191.96,0,1,none
2026-03-14T01:31:58+00:00,api/normal,1.56,0,1,none
2026-03-14T01:32:00+00:00,api/slow,1601.48,0,1,none
2026-03-14T01:32:05+00:00,api/slow,5005.24,0,1,TIMEOUT_ERROR
2026-03-14T01:32:06+00:00,api/slow,1412.05,0,1,none
2026-03-14T01:32:08+00:00,api/slow,1437.7,0,1,none
2026-03-14T01:32:08+00:00,api/normal,1.28,0,1,none
2026-03-14T01:32:08+00:00,api/normal,1.11,0,1,none
2026-03-14T01:32:08+00:00,api/normal,1.35,0,1,none
2026-03-14T01:32:10+00:00,api/slow,1994.69,0,1,none
2026-03-14T01:32:11+00:00,api/slow,1150.84,0,1,none
2026-03-14T01:32:11+00:00,api/normal,2.37,0,1,none
2026-03-14T01:32:11+00:00,api/normal,1.25,0,1,none
2026-03-14T01:32:11+00:00,api/normal,1.02,0,1,none
2026-03-14T01:32:11+00:00,api/normal,0.8,0,1,none
2026-03-14T01:32:11+00:00,api/normal,0.71,0,1,none
2026-03-14T01:32:17+00:00,api/slow,6015.28,0,1,TIMEOUT_ERROR
2026-03-14T01:32:17+00:00,api/normal,1.31,0,1,none
2026-03-14T01:32:17+00:00,api/normal,1.14,0,1,none
2026-03-14T01:32:17+00:00,api/normal,0.61,0,1,none
2026-03-14T01:32:23+00:00,api/slow,6005.05,0,1,TIMEOUT_ERROR
2026-03-14T01:32:24+00:00,api/slow,1163.54,0,1,none
2026-03-14T01:32:26+00:00,api/slow,1246.47,0,1,none
2026-03-14T01:32:26+00:00,api/normal,1.96,0,1,none
2026-03-14T01:32:26+00:00,api/normal,0.92,0,1,none
2026-03-14T01:32:26+00:00,api/error,3,1,1,SYSTEM_ERROR
2026-03-14T01:32:26+00:00,api/normal,1.78,0,1,none
2026-03-14T01:32:27+00:00,api/slow,1600.23,0,1,none
2026-03-14T01:32:27+00:00,api/normal,1.1,0,1,none
2026-03-14T01:32:29+00:00,api/slow,1295.4,0,1,none
2026-03-14T01:32:29+00:00,api/normal,2.11,0,1,none
2026-03-14T01:32:29+00:00,api/normal,0.75,0,1,none
2026-03-14T01:32:29+00:00,api/normal,0.9,0,1,none
2026-03-14T01:32:29+00:00,api/normal,0.85,0,1,none
2026-03-14T01:32:30+00:00,api/slow,1219.79,0,1,none
2026-03-14T01:32:35+00:00,api/slow,5006.52,0,1,TIMEOUT_ERROR
2026-03-14T01:32:35+00:00,api/normal,4.08,0,1,none
2026-03-14T01:32:37+00:00,api/slow,1495.88,0,1,none
2026-03-14T01:32:37+00:00,api/normal,0.68,0,1,none
2026-03-14T01:32:37+00:00,api/normal,0.82,0,1,none
2026-03-14T01:32:37+00:00,api/normal,0.68,0,1,none
2026-03-14T01:32:37+00:00,api/normal,1.18,0,1,none
2026-03-14T01:32:37+00:00,api/normal,2.14,0,1,none
2026-03-14T01:32:38+00:00,api/slow,1404.35,0,1,none
2026-03-14T01:32:38+00:00,api/db,5.45,0,1,none
2026-03-14T01:32:38+00:00,api/normal,1.16,0,1,none
2026-03-14T01:32:38+00:00,api/db,4.16,0,1,none
2026-03-14T01:32:39+00:00,api/db,2.89,0,1,none
2026-03-14T01:32:39+00:00,api/normal,0.85,0,1,none
2026-03-14T01:32:39+00:00,api/normal,1,0,1,none
2026-03-14T01:32:39+00:00,api/normal,1.76,0,1,none
2026-03-14T01:32:39+00:00,api/normal,1.07,0,1,none
2026-03-14T01:32:45+00:00,api/slow,6012.7,0,1,TIMEOUT_ERROR
2026-03-14T01:32:45+00:00,api/error,5.21,1,1,SYSTEM_ERROR
2026-03-14T01:32:46+00:00,api/slow,1456.28,0,1,none
2026-03-14T01:32:46+00:00,api/normal,1.75,0,1,none
2026-03-14T01:32:48+00:00,api/slow,1574.53,0,1,none
2026-03-14T01:32:48+00:00,api/normal,2.76,0,1,none
2026-03-14T01:32:48+00:00,api/normal,1.65,0,1,none
2026-03-14T01:32:48+00:00,api/normal,1.07,0,1,none
2026-03-14T01:32:48+00:00,api/normal,0.81,0,1,none
2026-03-14T01:32:48+00:00,api/normal,2.38,0,1,none
2026-03-14T01:32:50+00:00,api/slow,1738.52,0,1,none
2026-03-14T01:32:50+00:00,api/normal,0.63,0,1,none
2026-03-14T01:32:50+00:00,api/validate,1.96,1,1,UNKNOWN
2026-03-14T01:32:51+00:00,api/slow,1175.66,0,1,none
2026-03-14T01:32:51+00:00,api/normal,1.66,0,1,none
2026-03-14T01:32:51+00:00,api/normal,0.94,0,1,none
2026-03-14T01:32:51+00:00,api/normal,0.95,0,1,none
2026-03-14T01:32:51+00:00,api/normal,1.71,0,1,none
2026-03-14T01:32:51+00:00,api/normal,1.86,0,1,none
2026-03-14T01:32:51+00:00,api/normal,0.82,0,1,none
2026-03-14T01:32:51+00:00,api/normal,1.38,0,1,none
2026-03-14T01:32:53+00:00,api/slow,1914.28,0,1,none
2026-03-14T01:32:55+00:00,api/slow,1778.08,0,1,none
2026-03-14T01:32:55+00:00,api/normal,3,0,1,none
2026-03-14T01:32:55+00:00,api/normal,1.9,0,1,none
2026-03-14T01:32:55+00:00,api/normal,1.5,0,1,none
2026-03-14T01:32:55+00:00,api/normal,1.22,0,1,none
2026-03-14T01:32:55+00:00,api/normal,1.97,0,1,none
2026-03-14T01:32:56+00:00,api/slow,1030.57,0,1,none
2026-03-14T01:32:58+00:00,api/slow,1876.73,0,1,none
2026-03-14T01:32:58+00:00,api/normal,2.82,0,1,none
2026-03-14T01:32:58+00:00,api/normal,0.64,0,1,none
2026-03-14T01:32:58+00:00,api/normal,0.93,0,1,none
2026-03-14T01:32:58+00:00,api/normal,1.11,0,1,none
2026-03-14T01:32:58+00:00,api/normal,1.28,0,1,none
2026-03-14T01:33:00+00:00,api/slow,1810.89,0,1,none
2026-03-14T01:33:00+00:00,api/normal,1.01,0,1,none
2026-03-14T01:33:00+00:00,api/normal,0.98,0,1,none
2026-03-14T01:33:02+00:00,api/slow,1643.68,0,1,none
2026-03-14T01:33:02+00:00,api/normal,2.23,0,1,none
2026-03-14T01:33:09+00:00,api/slow,7015.44,0,1,TIMEOUT_ERROR
2026-03-14T01:33:09+00:00,api/normal,1.91,0,1,none
2026-03-14T01:33:09+00:00,api/normal,1.32,0,1,none
2026-03-14T01:33:09+00:00,api/normal,1.17,0,1,none
2026-03-14T01:33:09+00:00,api/normal,1.56,0,1,none
2026-03-14T01:33:09+00:00,api/normal,1.27,0,1,none
2026-03-14T01:33:09+00:00,api/normal,1.97,0,1,none
2026-03-14T01:33:09+00:00,api/normal,0.63,0,1,none
2026-03-14T01:33:09+00:00,api/normal,2.15,0,1,none
2026-03-14T01:33:09+00:00,api/normal,0.84,0,1,none
2026-03-14T01:33:09+00:00,api/normal,1.81,0,1,none
2026-03-14T01:33:11+00:00,api/slow,1339.92,0,1,none
2026-03-14T01:33:11+00:00,api/normal,1.41,0,1,none
2026-03-14T01:33:12+00:00,api/slow,1343.75,0,1,none
2026-03-14T01:33:12+00:00,api/normal,1.98,0,1,none
2026-03-14T01:33:12+00:00,api/error,3.19,1,1,SYSTEM_ERROR
2026-03-14T01:33:12+00:00,api/normal,1.32,0,1,none
2026-03-14T01:33:12+00:00,api/normal,0.98,0,1,none
2026-03-14T01:33:12+00:00,api/normal,1.29,0,1,none
2026-03-14T01:33:12+00:00,api/normal,1.17,0,1,none
2026-03-14T01:33:18+00:00,api/slow,6007.97,0,1,TIMEOUT_ERROR
2026-03-14T01:33:18+00:00,api/normal,4,0,1,none
2026-03-14T01:33:18+00:00,api/error,5.3,1,1,SYSTEM_ERROR
2026-03-14T01:33:18+00:00,api/normal,1.11,0,1,none
2026-03-14T01:33:18+00:00,api/normal,0.75,0,1,none
2026-03-14T01:33:18+00:00,api/error,2.04,1,1,SYSTEM_ERROR
2026-03-14T01:33:18+00:00,api/normal,0.92,0,1,none
2026-03-14T01:33:18+00:00,api/normal,0.84,0,1,none
2026-03-14T01:33:20+00:00,api/slow,1185.27,0,1,none
2026-03-14T01:33:20+00:00,api/normal,0.93,0,1,none
2026-03-14T01:33:20+00:00,api/error,2.27,1,1,SYSTEM_ERROR
2026-03-14T01:33:20+00:00,api/normal,0.99,0,1,none
2026-03-14T01:33:20+00:00,api/normal,0.74,0,1,none
2026-03-14T01:33:20+00:00,api/normal,0.92,0,1,none
2026-03-14T01:33:20+00:00,api/db,5.29,0,1,none
2026-03-14T01:33:21+00:00,api/slow,1466.03,0,1,none
2026-03-14T01:33:21+00:00,api/normal,1.48,0,1,none
2026-03-14T01:33:21+00:00,api/normal,0.76,0,1,none
2026-03-14T01:33:21+00:00,api/normal,0.79,0,1,none
2026-03-14T01:33:21+00:00,api/normal,0.86,0,1,none
2026-03-14T01:33:21+00:00,api/normal,1.2,0,1,none
2026-03-14T01:33:21+00:00,api/normal,0.87,0,1,none
2026-03-14T01:33:21+00:00,api/normal,0.97,0,1,none
2026-03-14T01:33:21+00:00,api/normal,0.92,0,1,none
2026-03-14T01:33:21+00:00,api/normal,1,0,1,none
2026-03-14T01:33:21+00:00,api/normal,1.06,0,1,none
2026-03-14T01:33:21+00:00,api/normal,1.16,0,1,none
2026-03-14T01:33:22+00:00,api/normal,0.97,0,1,none
2026-03-14T01:33:22+00:00,api/normal,1.24,0,1,none
2026-03-14T01:33:22+00:00,api/normal,0.61,0,1,none
2026-03-14T01:33:22+00:00,api/normal,0.91,0,1,none
2026-03-14T01:33:23+00:00,api/slow,1077.3,0,1,none
2026-03-14T01:33:24+00:00,api/slow,1095.99,0,1,none
2026-03-14T01:33:24+00:00,api/normal,1.37,0,1,none
2026-03-14T01:33:25+00:00,api/slow,1528.66,0,1,none
2026-03-14T01:33:25+00:00,api/error,2.28,1,1,SYSTEM_ERROR
2026-03-14T01:33:25+00:00,api/normal,0.89,0,1,none
2026-03-14T01:33:30+00:00,api/slow,5017.75,0,1,TIMEOUT_ERROR
2026-03-14T01:33:31+00:00,api/normal,3.01,0,1,none
2026-03-14T01:33:31+00:00,api/normal,1.7,0,1,none
2026-03-14T01:33:31+00:00,api/normal,1.38,0,1,none
2026-03-14T01:33:31+00:00,api/normal,0.74,0,1,none
2026-03-14T01:33:31+00:00,api/normal,0.83,0,1,none
2026-03-14T01:33:31+00:00,api/normal,0.88,0,1,none
2026-03-14T01:33:31+00:00,api/normal,0.98,0,1,none
2026-03-14T01:33:31+00:00,api/normal,0.98,0,1,none
2026-03-14T01:33:31+00:00,api/normal,1.25,0,1,none
2026-03-14T01:33:31+00:00,api/normal,0.86,0,1,none
2026-03-14T01:33:31+00:00,api/normal,1.02,0,1,none
2026-03-14T01:33:31+00:00,api/normal,0.88,0,1,none
2026-03-14T01:33:31+00:00,api/normal,0.99,0,1,none
2026-03-14T01:33:31+00:00,api/validate,2.42,1,1,UNKNOWN
2026-03-14T01:33:31+00:00,api/normal,1.02,0,1,none
2026-03-14T01:33:31+00:00,api/normal,0.99,0,1,none
2026-03-14T01:33:31+00:00,api/normal,0.95,0,1,none
2026-03-14T01:33:31+00:00,api/normal,1.07,0,1,none
2026-03-14T01:33:31+00:00,api/normal,1.47,0,1,none
2026-03-14T01:33:33+00:00,api/slow,1515.22,0,1,none
2026-03-14T01:33:34+00:00,api/slow,1384.07,0,1,none
2026-03-14T01:33:34+00:00,api/normal,1.19,0,1,none
2026-03-14T01:33:35+00:00,api/slow,1451.84,0,1,none
2026-03-14T01:33:35+00:00,api/normal,0.97,0,1,none
2026-03-14T01:33:37+00:00,api/slow,1094.49,0,1,none
2026-03-14T01:33:37+00:00,api/normal,1.04,0,1,none
2026-03-14T01:33:37+00:00,api/normal,0.88,0,1,none
2026-03-14T01:33:37+00:00,api/normal,0.69,0,1,none
2026-03-14T01:33:37+00:00,api/normal,0.93,0,1,none
2026-03-14T01:33:38+00:00,api/slow,1078.43,0,1,none
2026-03-14T01:33:38+00:00,api/normal,0.97,0,1,none
2026-03-14T01:33:45+00:00,api/slow,7015.41,0,1,TIMEOUT_ERROR
2026-03-14T01:33:45+00:00,api/normal,1.35,0,1,none
2026-03-14T01:33:45+00:00,api/normal,0.93,0,1,none
2026-03-14T01:33:46+00:00,api/slow,1390.03,0,1,none
2026-03-14T01:33:47+00:00,api/slow,1131.74,0,1,none
2026-03-14T01:33:47+00:00,api/normal,1.1,0,1,none
2026-03-14T01:33:47+00:00,api/error,2.95,1,1,SYSTEM_ERROR
2026-03-14T01:33:48+00:00,api/db,26.65,0,1,none
2026-03-14T01:33:48+00:00,api/normal,1.8,0,1,none
2026-03-14T01:33:48+00:00,api/normal,1.02,0,1,none
2026-03-14T01:33:53+00:00,api/slow,5006.82,0,1,TIMEOUT_ERROR
2026-03-14T01:33:53+00:00,api/normal,1.59,0,1,none
2026-03-14T01:33:53+00:00,api/normal,0.96,0,1,none
2026-03-14T01:33:53+00:00,api/normal,1.34,0,1,none
2026-03-14T01:33:53+00:00,api/normal,1.08,0,1,none
2026-03-14T01:33:53+00:00,api/normal,1.48,0,1,none
2026-03-14T01:33:54+00:00,api/slow,1228.74,0,1,none
2026-03-14T01:33:54+00:00,api/normal,0.69,0,1,none
2026-03-14T01:33:54+00:00,api/normal,0.65,0,1,none
2026-03-14T01:33:54+00:00,api/normal,0.92,0,1,none
2026-03-14T01:33:54+00:00,api/normal,1,0,1,none
2026-03-14T01:33:54+00:00,api/normal,0.9,0,1,none
2026-03-14T01:33:55+00:00,api/slow,1086.58,0,1,none
2026-03-14T01:34:02+00:00,api/slow,7001.86,0,1,TIMEOUT_ERROR
2026-03-14T01:34:02+00:00,api/normal,1.67,0,1,none
2026-03-14T01:34:02+00:00,api/normal,1.1,0,1,none
2026-03-14T01:34:02+00:00,api/db,3.91,0,1,none
2026-03-14T01:34:02+00:00,api/error,2.55,1,1,SYSTEM_ERROR
2026-03-14T01:34:04+00:00,api/slow,1166.17,0,1,none
2026-03-14T01:34:04+00:00,api/normal,1.21,0,1,none
2026-03-14T01:34:04+00:00,api/normal,1.13,0,1,none
2026-03-14T01:34:04+00:00,api/normal,0.75,0,1,none
2026-03-14T01:34:10+00:00,api/slow,6008.43,0,1,TIMEOUT_ERROR
2026-03-14T01:34:17+00:00,api/slow,7007.46,0,1,TIMEOUT_ERROR
2026-03-14T01:34:17+00:00,api/normal,1.65,0,1,none
2026-03-14T01:34:17+00:00,api/normal,1.09,0,1,none
2026-03-14T01:34:17+00:00,api/normal,0.95,0,1,none
2026-03-14T01:34:17+00:00,api/normal,0.78,0,1,none
2026-03-14T01:34:17+00:00,api/normal,0.86,0,1,none
2026-03-14T01:34:17+00:00,api/normal,0.89,0,1,none
2026-03-14T01:34:17+00:00,api/normal,0.73,0,1,none
2026-03-14T01:34:17+00:00,api/normal,0.88,0,1,none
2026-03-14T01:34:18+00:00,api/slow,1418.29,0,1,none
2026-03-14T01:34:25+00:00,api/slow,7015.23,0,1,TIMEOUT_ERROR
2026-03-14T01:34:25+00:00,api/normal,2.91,0,1,none
2026-03-14T01:34:25+00:00,api/normal,0.68,0,1,none
2026-03-14T01:34:25+00:00,api/normal,0.78,0,1,none
2026-03-14T01:34:26+00:00,api/db,3.39,0,1,none
2026-03-14T01:34:26+00:00,api/validate,1.66,1,1,UNKNOWN
2026-03-14T01:34:26+00:00,api/normal,0.96,0,1,none
2026-03-14T01:34:26+00:00,api/normal,1.28,0,1,none
2026-03-14T01:34:26+00:00,api/normal,0.86,0,1,none
2026-03-14T01:34:26+00:00,api/normal,0.99,0,1,none
2026-03-14T01:34:27+00:00,api/slow,1640.97,0,1,none
2026-03-14T01:34:29+00:00,api/slow,1267.85,0,1,none
2026-03-14T01:34:29+00:00,api/normal,1.41,0,1,none
2026-03-14T01:34:29+00:00,api/normal,1.3,0,1,none
2026-03-14T01:34:30+00:00,api/slow,1654.09,0,1,none
2026-03-14T01:34:30+00:00,api/normal,0.63,0,1,none
2026-03-14T01:34:30+00:00,api/normal,1.11,0,1,none
2026-03-14T01:34:35+00:00,api/slow,5006.71,0,1,TIMEOUT_ERROR
2026-03-14T01:34:35+00:00,api/normal,1.81,0,1,none
2026-03-14T01:34:36+00:00,api/normal,0.7,0,1,none
2026-03-14T01:34:36+00:00,api/normal,2.01,0,1,none
2026-03-14T01:34:36+00:00,api/normal,0.83,0,1,none
2026-03-14T01:34:36+00:00,api/normal,1.03,0,1,none
2026-03-14T01:34:38+00:00,api/slow,1931.63,0,1,none
2026-03-14T01:34:38+00:00,api/validate,4.42,1,1,UNKNOWN
2026-03-14T01:34:39+00:00,api/slow,1337.89,0,1,none
2026-03-14T01:34:39+00:00,api/normal,0.73,0,1,none
2026-03-14T01:34:39+00:00,api/normal,0.9,0,1,none
2026-03-14T01:34:40+00:00,api/slow,1283.62,0,1,none
2026-03-14T01:34:40+00:00,api/normal,0.72,0,1,none
2026-03-14T01:34:40+00:00,api/normal,0.99,0,1,none
2026-03-14T01:34:42+00:00,api/slow,1527.01,0,1,none
2026-03-14T01:34:42+00:00,api/normal,1.48,0,1,none
2026-03-14T01:34:42+00:00,api/normal,2.24,0,1,none
2026-03-14T01:34:42+00:00,api/normal,1.05,0,1,none
2026-03-14T01:34:42+00:00,api/normal,0.75,0,1,none
2026-03-14T01:34:42+00:00,api/normal,1.3,0,1,none
2026-03-14T01:34:43+00:00,api/slow,1197.98,0,1,none
2026-03-14T01:34:43+00:00,api/normal,0.63,0,1,none
2026-03-14T01:34:43+00:00,api/normal,1.58,0,1,none
2026-03-14T01:34:45+00:00,api/slow,1996.76,0,1,none
2026-03-14T01:34:45+00:00,api/normal,1.81,0,1,none
2026-03-14T01:34:47+00:00,api/slow,1614.73,0,1,none
2026-03-14T01:34:47+00:00,api/normal,0.92,0,1,none
2026-03-14T01:34:47+00:00,api/normal,1.05,0,1,none
2026-03-14T01:34:47+00:00,api/normal,0.94,0,1,none
2026-03-14T01:34:47+00:00,api/normal,1.87,0,1,none
2026-03-14T01:34:47+00:00,api/normal,1.77,0,1,none
2026-03-14T01:34:47+00:00,api/normal,1.31,0,1,none
2026-03-14T01:34:47+00:00,api/db,3.85,0,1,none
2026-03-14T01:34:47+00:00,api/error,2.01,1,1,SYSTEM_ERROR
2026-03-14T01:34:47+00:00,api/normal,0.86,0,1,none
2026-03-14T01:34:47+00:00,api/normal,2.05,0,1,none
2026-03-14T01:34:48+00:00,api/error,2.29,1,1,SYSTEM_ERROR
2026-03-14T01:34:48+00:00,api/normal,2.57,0,1,none
2026-03-14T01:34:48+00:00,api/normal,0.78,0,1,none
2026-03-14T01:34:48+00:00,api/normal,0.94,0,1,none
2026-03-14T01:34:48+00:00,api/normal,0.89,0,1,none
2026-03-14T01:34:48+00:00,api/error,2.27,1,1,SYSTEM_ERROR
2026-03-14T01:34:48+00:00,api/normal,0.65,0,1,none
2026-03-14T01:34:48+00:00,api/error,5.01,1,1,SYSTEM_ERROR
2026-03-14T01:34:54+00:00,api/slow,6009.68,0,1,TIMEOUT_ERROR
2026-03-14T01:34:55+00:00,api/slow,1541.23,0,1,none
2026-03-14T01:34:55+00:00,api/normal,1.2,0,1,none
2026-03-14T01:34:55+00:00,api/normal,1.46,0,1,none
2026-03-14T01:34:55+00:00,api/normal,1.29,0,1,none
2026-03-14T01:34:55+00:00,api/normal,0.8,0,1,none
2026-03-14T01:34:55+00:00,api/normal,0.77,0,1,none
2026-03-14T01:34:55+00:00,api/normal,1.04,0,1,none
2026-03-14T01:34:56+00:00,api/validate,4.1,1,1,UNKNOWN
2026-03-14T01:34:56+00:00,api/normal,1.06,0,1,none
2026-03-14T01:34:56+00:00,api/normal,1.84,0,1,none
2026-03-14T01:34:56+00:00,api/normal,0.99,0,1,none
2026-03-14T01:34:56+00:00,api/validate,3.37,1,1,UNKNOWN
2026-03-14T01:34:56+00:00,api/normal,1.74,0,1,none
2026-03-14T01:34:56+00:00,api/normal,0.91,0,1,none
2026-03-14T01:35:02+00:00,api/slow,6004.03,0,1,TIMEOUT_ERROR
2026-03-14T01:35:02+00:00,api/normal,1.51,0,1,none
2026-03-14T01:35:03+00:00,api/slow,1398.93,0,1,none
2026-03-14T01:35:03+00:00,api/normal,0.93,0,1,none
2026-03-14T01:35:09+00:00,api/slow,6007.77,0,1,TIMEOUT_ERROR
2026-03-14T01:35:11+00:00,api/slow,1387.04,0,1,none
2026-03-14T01:35:11+00:00,api/normal,0.84,0,1,none
2026-03-14T01:35:11+00:00,api/normal,1.75,0,1,none
2026-03-14T01:35:12+00:00,api/slow,1442.41,0,1,none
2026-03-14T01:35:12+00:00,api/error,4.49,1,1,SYSTEM_ERROR
2026-03-14T01:35:12+00:00,api/normal,0.64,0,1,none
2026-03-14T01:35:12+00:00,api/normal,1.06,0,1,none
2026-03-14T01:35:12+00:00,api/normal,1.88,0,1,none
2026-03-14T01:35:12+00:00,api/normal,0.81,0,1,none
2026-03-14T01:35:13+00:00,api/normal,1.21,0,1,none
2026-03-14T01:35:13+00:00,api/normal,0.97,0,1,none
2026-03-14T01:35:13+00:00,api/normal,2.77,0,1,none
2026-03-14T01:35:13+00:00,api/normal,0.92,0,1,none
2026-03-14T01:35:13+00:00,api/normal,1.05,0,1,none
2026-03-14T01:35:13+00:00,api/normal,0.82,0,1,none
2026-03-14T01:35:13+00:00,api/normal,3.23,0,1,none
2026-03-14T01:35:13+00:00,api/normal,1.06,0,1,none
2026-03-14T01:35:13+00:00,api/normal,2.25,0,1,none
2026-03-14T01:35:13+00:00,api/normal,0.78,0,1,none
2026-03-14T01:35:13+00:00,api/error,4.15,1,1,SYSTEM_ERROR
2026-03-14T01:35:14+00:00,api/slow,1331.22,0,1,none
2026-03-14T01:35:16+00:00,api/slow,1842.38,0,1,none
2026-03-14T01:35:16+00:00,api/normal,2.86,0,1,none
2026-03-14T01:35:16+00:00,api/validate,4.31,1,1,UNKNOWN
2026-03-14T01:35:16+00:00,api/normal,1.01,0,1,none
2026-03-14T01:35:16+00:00,api/normal,1.11,0,1,none
2026-03-14T01:35:16+00:00,api/normal,1.02,0,1,none
2026-03-14T01:35:16+00:00,api/error,2.17,1,1,SYSTEM_ERROR
2026-03-14T01:35:18+00:00,api/slow,1300.18,0,1,none
2026-03-14T01:35:20+00:00,api/slow,1960.39,0,1,none
2026-03-14T01:35:20+00:00,api/normal,6.93,0,1,none
2026-03-14T01:35:20+00:00,api/normal,2.7,0,1,none
2026-03-14T01:35:20+00:00,api/normal,1.73,0,1,none
2026-03-14T01:35:20+00:00,api/normal,5.28,0,1,none
2026-03-14T01:35:20+00:00,api/error,8.01,1,1,SYSTEM_ERROR
2026-03-14T01:35:20+00:00,api/normal,1.31,0,1,none
2026-03-14T01:35:20+00:00,api/normal,0.91,0,1,none
2026-03-14T01:35:20+00:00,api/normal,1.15,0,1,none
2026-03-14T01:35:21+00:00,api/slow,1020.07,0,1,none
2026-03-14T01:35:22+00:00,api/slow,1181.8,0,1,none
2026-03-14T01:35:22+00:00,api/normal,0.89,0,1,none
2026-03-14T01:35:23+00:00,api/slow,1138.97,0,1,none
2026-03-14T01:35:23+00:00,api/normal,1.58,0,1,none
2026-03-14T01:35:25+00:00,api/slow,1135.97,0,1,none
2026-03-14T01:35:25+00:00,api/normal,1.36,0,1,none
2026-03-14T01:35:25+00:00,api/error,2.63,1,1,SYSTEM_ERROR
2026-03-14T01:35:25+00:00,api/normal,0.82,0,1,none
2026-03-14T01:35:25+00:00,api/normal,1.91,0,1,none
2026-03-14T01:35:25+00:00,api/normal,1.03,0,1,none
2026-03-14T01:35:25+00:00,api/normal,2.01,0,1,none
2026-03-14T01:35:25+00:00,api/normal,1.86,0,1,none
2026-03-14T01:35:25+00:00,api/normal,0.84,0,1,none
2026-03-14T01:35:25+00:00,api/normal,0.96,0,1,none
2026-03-14T01:35:27+00:00,api/slow,1654.92,0,1,none
2026-03-14T01:35:27+00:00,api/normal,2.16,0,1,none
2026-03-14T01:35:28+00:00,api/slow,1597.83,0,1,none
2026-03-14T01:35:28+00:00,api/normal,0.96,0,1,none
2026-03-14T01:35:28+00:00,api/normal,1.39,0,1,none
2026-03-14T01:35:30+00:00,api/slow,1417.07,0,1,none
2026-03-14T01:35:30+00:00,api/normal,1.62,0,1,none
2026-03-14T01:35:30+00:00,api/validate,4.39,1,1,UNKNOWN
2026-03-14T01:35:30+00:00,api/normal,1.16,0,1,none
2026-03-14T01:35:30+00:00,api/normal,1.84,0,1,none
2026-03-14T01:35:30+00:00,api/normal,1.14,0,1,none
2026-03-14T01:35:30+00:00,api/error,3.2,1,1,SYSTEM_ERROR
2026-03-14T01:35:32+00:00,api/slow,1606.49,0,1,none
2026-03-14T01:35:32+00:00,api/normal,0.74,0,1,none
2026-03-14T01:35:32+00:00,api/normal,1.13,0,1,none
2026-03-14T01:35:32+00:00,api/normal,2.77,0,1,none
2026-03-14T01:35:33+00:00,api/slow,1545,0,1,none
2026-03-14T01:35:33+00:00,api/normal,1.65,0,1,none
2026-03-14T01:35:33+00:00,api/normal,1.36,0,1,none
2026-03-14T01:35:35+00:00,api/slow,1242.18,0,1,none
2026-03-14T01:35:36+00:00,api/slow,1741.03,0,1,none
2026-03-14T01:35:36+00:00,api/normal,1.64,0,1,none
2026-03-14T01:35:37+00:00,api/normal,1.63,0,1,none
2026-03-14T01:35:43+00:00,api/slow,6014.7,0,1,TIMEOUT_ERROR
2026-03-14T01:35:44+00:00,api/slow,1292.84,0,1,none
2026-03-14T01:35:44+00:00,api/normal,1.84,0,1,none
2026-03-14T01:35:51+00:00,api/slow,7004.07,0,1,TIMEOUT_ERROR
2026-03-14T01:35:51+00:00,api/normal,2.15,0,1,none
2026-03-14T01:35:51+00:00,api/error,2.74,1,1,SYSTEM_ERROR
2026-03-14T01:35:51+00:00,api/db,4.28,0,1,none
2026-03-14T01:35:51+00:00,api/db,3.85,0,1,none
2026-03-14T01:35:52+00:00,api/slow,1182.52,0,1,none
2026-03-14T01:35:52+00:00,api/normal,1.3,0,1,none
2026-03-14T01:35:54+00:00,api/slow,1340.83,0,1,none
2026-03-14T01:35:55+00:00,api/slow,1194.68,0,1,none
2026-03-14T01:35:55+00:00,api/normal,1.02,0,1,none
2026-03-14T01:35:57+00:00,api/slow,1757.65,0,1,none
2026-03-14T01:35:57+00:00,api/normal,1.19,0,1,none
2026-03-14T01:35:57+00:00,api/normal,1.08,0,1,none
2026-03-14T01:35:57+00:00,api/normal,1.26,0,1,none
2026-03-14T01:35:57+00:00,api/validate,2.93,1,1,UNKNOWN
2026-03-14T01:35:57+00:00,api/normal,1.25,0,1,none
2026-03-14T01:35:57+00:00,api/normal,1.17,0,1,none
2026-03-14T01:35:57+00:00,api/normal,1.18,0,1,none
2026-03-14T01:35:57+00:00,api/error,2.49,1,1,SYSTEM_ERROR
2026-03-14T01:35:57+00:00,api/normal,2.93,0,1,none
2026-03-14T01:35:57+00:00,api/normal,1.2,0,1,none
2026-03-14T01:35:58+00:00,api/slow,1177.83,0,1,none
2026-03-14T01:35:58+00:00,api/normal,3.35,0,1,none
2026-03-14T01:36:00+00:00,api/slow,1271.65,0,1,none
2026-03-14T01:36:00+00:00,api/normal,1.6,0,1,none
2026-03-14T01:36:05+00:00,api/slow,5009.35,0,1,TIMEOUT_ERROR
2026-03-14T01:36:06+00:00,api/slow,1375.08,0,1,none
2026-03-14T01:36:06+00:00,api/normal,0.82,0,1,none
2026-03-14T01:36:06+00:00,api/normal,0.8,0,1,none
2026-03-14T01:36:06+00:00,api/normal,0.93,0,1,none
2026-03-14T01:36:06+00:00,api/normal,1.41,0,1,none
2026-03-14T01:36:11+00:00,api/slow,5010.59,0,1,TIMEOUT_ERROR
2026-03-14T01:36:11+00:00,api/normal,1.64,0,1,none
2026-03-14T01:36:11+00:00,api/normal,1.79,0,1,none
2026-03-14T01:36:11+00:00,api/normal,1.63,0,1,none
2026-03-14T01:36:11+00:00,api/normal,0.96,0,1,none
2026-03-14T01:36:11+00:00,api/error,1.81,1,1,SYSTEM_ERROR
2026-03-14T01:36:11+00:00,api/error,3.53,1,1,SYSTEM_ERROR
2026-03-14T01:36:17+00:00,api/slow,5013.47,0,1,TIMEOUT_ERROR
2026-03-14T01:36:17+00:00,api/error,4.49,1,1,SYSTEM_ERROR
2026-03-14T01:36:17+00:00,api/normal,0.96,0,1,none
2026-03-14T01:36:17+00:00,api/normal,2.77,0,1,none
2026-03-14T01:36:17+00:00,api/normal,1.74,0,1,none
2026-03-14T01:36:17+00:00,api/normal,1.31,0,1,none
2026-03-14T01:36:17+00:00,api/normal,0.69,0,1,none
2026-03-14T01:36:19+00:00,api/slow,1827.6,0,1,none
2026-03-14T01:36:19+00:00,api/normal,0.93,0,1,none
2026-03-14T01:36:19+00:00,api/normal,1.54,0,1,none
2026-03-14T01:36:20+00:00,api/slow,1346.19,0,1,none
2026-03-14T01:36:20+00:00,api/error,3.92,1,1,SYSTEM_ERROR
2026-03-14T01:36:20+00:00,api/normal,0.95,0,1,none
2026-03-14T01:36:20+00:00,api/normal,1.22,0,1,none
2026-03-14T01:36:20+00:00,api/normal,1.17,0,1,none
2026-03-14T01:36:20+00:00,api/normal,1.03,0,1,none
2026-03-14T01:36:20+00:00,api/normal,0.9,0,1,none
2026-03-14T01:36:20+00:00,api/normal,1.16,0,1,none
2026-03-14T01:36:20+00:00,api/normal,0.91,0,1,none
2026-03-14T01:36:20+00:00,api/normal,1.31,0,1,none
2026-03-14T01:36:20+00:00,api/normal,1.84,0,1,none
2026-03-14T01:36:20+00:00,api/normal,1.25,0,1,none
2026-03-14T01:36:20+00:00,api/normal,2.18,0,1,none
2026-03-14T01:36:20+00:00,api/normal,1.66,0,1,none
2026-03-14T01:36:20+00:00,api/normal,0.83,0,1,none
2026-03-14T01:36:20+00:00,api/error,2.23,1,1,SYSTEM_ERROR
2026-03-14T01:36:20+00:00,api/normal,1.21,0,1,none
2026-03-14T01:36:20+00:00,api/normal,1.15,0,1,none
2026-03-14T01:36:21+00:00,api/error,2.14,1,1,SYSTEM_ERROR
2026-03-14T01:36:21+00:00,api/normal,0.83,0,1,none
2026-03-14T01:36:21+00:00,api/normal,3.18,0,1,none
2026-03-14T01:36:22+00:00,api/slow,1208.9,0,1,none
2026-03-14T01:36:24+00:00,api/slow,1628.45,0,1,none
2026-03-14T01:36:24+00:00,api/normal,1.41,0,1,none
2026-03-14T01:36:24+00:00,api/normal,2.24,0,1,none
2026-03-14T01:36:24+00:00,api/normal,1.18,0,1,none
2026-03-14T01:36:24+00:00,api/normal,0.95,0,1,none
2026-03-14T01:36:24+00:00,api/normal,3.29,0,1,none
2026-03-14T01:36:24+00:00,api/normal,1.86,0,1,none
2026-03-14T01:36:24+00:00,api/normal,1.54,0,1,none
2026-03-14T01:36:30+00:00,api/slow,6004.21,0,1,TIMEOUT_ERROR
2026-03-14T01:36:30+00:00,api/error,7.45,1,1,SYSTEM_ERROR
2026-03-14T01:36:30+00:00,api/db,5.5,0,1,none
2026-03-14T01:36:30+00:00,api/normal,1.59,0,1,none
2026-03-14T01:36:30+00:00,api/normal,1.18,0,1,none
2026-03-14T01:36:30+00:00,api/validate,2.6,1,1,UNKNOWN
2026-03-14T01:36:30+00:00,api/normal,1.05,0,1,none
2026-03-14T01:36:30+00:00,api/normal,1.84,0,1,none
2026-03-14T01:36:30+00:00,api/normal,1.09,0,1,none
2026-03-14T01:36:30+00:00,api/normal,1.05,0,1,none
2026-03-14T01:36:32+00:00,api/slow,1791,0,1,none
2026-03-14T01:36:32+00:00,api/normal,0.91,0,1,none
2026-03-14T01:36:32+00:00,api/normal,1.16,0,1,none
2026-03-14T01:36:32+00:00,api/normal,1.96,0,1,none
2026-03-14T01:36:37+00:00,api/slow,5006.55,0,1,TIMEOUT_ERROR
2026-03-14T01:36:39+00:00,api/slow,1547.12,0,1,none
2026-03-14T01:36:39+00:00,api/normal,1.07,0,1,none
2026-03-14T01:36:39+00:00,api/validate,3.1,1,1,UNKNOWN
2026-03-14T01:36:40+00:00,api/slow,1102.85,0,1,none
2026-03-14T01:36:40+00:00,api/normal,0.99,0,1,none
2026-03-14T01:36:40+00:00,api/normal,0.8,0,1,none
2026-03-14T01:36:40+00:00,api/normal,0.77,0,1,none
2026-03-14T01:36:40+00:00,api/normal,2.73,0,1,none
2026-03-14T01:36:40+00:00,api/normal,0.78,0,1,none
2026-03-14T01:36:46+00:00,api/slow,6005.38,0,1,TIMEOUT_ERROR
2026-03-14T01:36:46+00:00,api/normal,1.16,0,1,none
2026-03-14T01:36:46+00:00,api/normal,0.73,0,1,none
2026-03-14T01:36:48+00:00,api/slow,1678.13,0,1,none
2026-03-14T01:36:48+00:00,api/normal,1.37,0,1,none
2026-03-14T01:36:48+00:00,api/normal,0.83,0,1,none
2026-03-14T01:36:48+00:00,api/normal,0.77,0,1,none
2026-03-14T01:36:48+00:00,api/normal,0.79,0,1,none
2026-03-14T01:36:48+00:00,api/normal,0.97,0,1,none
2026-03-14T01:36:48+00:00,api/normal,1.46,0,1,none
2026-03-14T01:36:49+00:00,api/slow,1007.11,0,1,none
2026-03-14T01:36:49+00:00,api/error,3.42,1,1,SYSTEM_ERROR
2026-03-14T01:36:56+00:00,api/slow,7016.42,0,1,TIMEOUT_ERROR
2026-03-14T01:36:56+00:00,api/normal,2.3,0,1,none
2026-03-14T01:36:56+00:00,api/error,4.1,1,1,SYSTEM_ERROR
2026-03-14T01:36:56+00:00,api/normal,1.08,0,1,none
2026-03-14T01:36:56+00:00,api/normal,1.04,0,1,none
2026-03-14T01:36:56+00:00,api/normal,1.12,0,1,none
2026-03-14T01:36:56+00:00,api/normal,1,0,1,none
2026-03-14T01:36:56+00:00,api/normal,0.77,0,1,none
2026-03-14T01:36:56+00:00,api/normal,0.83,0,1,none
2026-03-14T01:36:56+00:00,api/normal,1.08,0,1,none
2026-03-14T01:36:56+00:00,api/db,3.73,0,1,none
2026-03-14T01:36:57+00:00,api/slow,1023.77,0,1,none
2026-03-14T01:36:57+00:00,api/normal,0.95,0,1,none
2026-03-14T01:36:57+00:00,api/normal,0.65,0,1,none
2026-03-14T01:36:57+00:00,api/normal,1.17,0,1,none
2026-03-14T01:36:57+00:00,api/normal,1.03,0,1,none
2026-03-14T01:36:57+00:00,api/normal,0.85,0,1,none
2026-03-14T01:36:59+00:00,api/slow,1161.3,0,1,none
2026-03-14T01:36:59+00:00,api/normal,0.93,0,1,none
2026-03-14T01:37:04+00:00,api/slow,5007.7,0,1,TIMEOUT_ERROR
2026-03-14T01:37:04+00:00,api/normal,1.5,0,1,none
2026-03-14T01:37:04+00:00,api/normal,1.03,0,1,none
2026-03-14T01:37:05+00:00,api/slow,1530.65,0,1,none
2026-03-14T01:37:07+00:00,api/slow,1930.04,0,1,none
2026-03-14T01:37:07+00:00,api/normal,1.35,0,1,none
2026-03-14T01:37:07+00:00,api/normal,1.04,0,1,none
2026-03-14T01:37:07+00:00,api/normal,0.77,0,1,none
2026-03-14T01:37:14+00:00,api/slow,7005.82,0,1,TIMEOUT_ERROR
2026-03-14T01:37:14+00:00,api/normal,1.48,0,1,none
2026-03-14T01:37:14+00:00,api/normal,0.74,0,1,none
2026-03-14T01:37:14+00:00,api/normal,0.57,0,1,none
2026-03-14T01:37:14+00:00,api/normal,0.76,0,1,none
2026-03-14T01:37:14+00:00,api/normal,0.52,0,1,none
2026-03-14T01:37:14+00:00,api/normal,0.86,0,1,none
2026-03-14T01:37:14+00:00,api/normal,1.07,0,1,none
2026-03-14T01:37:14+00:00,api/normal,0.94,0,1,none
2026-03-14T01:37:14+00:00,api/normal,0.85,0,1,none
2026-03-14T01:37:14+00:00,api/normal,0.77,0,1,none
2026-03-14T01:37:15+00:00,api/normal,0.98,0,1,none
2026-03-14T01:37:15+00:00,api/validate,2.33,1,1,UNKNOWN
2026-03-14T01:37:15+00:00,api/normal,1.05,0,1,none
2026-03-14T01:37:15+00:00,api/normal,1.12,0,1,none
2026-03-14T01:37:16+00:00,api/slow,1624.97,0,1,none
2026-03-14T01:37:16+00:00,api/normal,1.06,0,1,none
2026-03-14T01:37:23+00:00,api/slow,7006.37,0,1,TIMEOUT_ERROR
2026-03-14T01:37:23+00:00,api/normal,2.82,0,1,none
2026-03-14T01:37:23+00:00,api/normal,0.89,0,1,none
2026-03-14T01:37:23+00:00,api/normal,0.74,0,1,none
2026-03-14T01:37:23+00:00,api/normal,0.77,0,1,none
2026-03-14T01:37:25+00:00,api/slow,1818.78,0,1,none
2026-03-14T01:37:25+00:00,api/error,2.81,1,1,SYSTEM_ERROR
2026-03-14T01:37:25+00:00,api/normal,0.66,0,1,none
2026-03-14T01:37:27+00:00,api/slow,1637.19,0,1,none
2026-03-14T01:37:27+00:00,api/db,4.33,0,1,none
2026-03-14T01:37:27+00:00,api/normal,0.83,0,1,none
2026-03-14T01:37:32+00:00,api/slow,5011.23,0,1,TIMEOUT_ERROR
2026-03-14T01:37:33+00:00,api/slow,1059.45,0,1,none
2026-03-14T01:37:33+00:00,api/normal,1.09,0,1,none
2026-03-14T01:37:35+00:00,api/slow,1423.43,0,1,none
2026-03-14T01:37:40+00:00,api/slow,5014.38,0,1,TIMEOUT_ERROR
2026-03-14T01:37:40+00:00,api/normal,1.14,0,1,none
2026-03-14T01:37:40+00:00,api/normal,0.58,0,1,none
2026-03-14T01:37:40+00:00,api/error,2.33,1,1,SYSTEM_ERROR
2026-03-14T01:37:40+00:00,api/normal,1.09,0,1,none
2026-03-14T01:37:40+00:00,api/normal,1.29,0,1,none
2026-03-14T01:37:40+00:00,api/normal,0.52,0,1,none
2026-03-14T01:37:40+00:00,api/normal,1.02,0,1,none
2026-03-14T01:37:40+00:00,api/db,3.38,0,1,none
2026-03-14T01:37:45+00:00,api/slow,5011.83,0,1,TIMEOUT_ERROR
2026-03-14T01:37:46+00:00,api/slow,1325.11,0,1,none
2026-03-14T01:37:46+00:00,api/normal,0.64,0,1,none
2026-03-14T01:37:46+00:00,api/normal,0.89,0,1,none
2026-03-14T01:37:52+00:00,api/slow,6002.66,0,1,TIMEOUT_ERROR
2026-03-14T01:37:52+00:00,api/normal,1.02,0,1,none
2026-03-14T01:37:52+00:00,api/normal,1.82,0,1,none
2026-03-14T01:37:52+00:00,api/normal,1.3,0,1,none
2026-03-14T01:37:54+00:00,api/slow,1992.07,0,1,none
2026-03-14T01:37:54+00:00,api/normal,0.58,0,1,none
2026-03-14T01:37:54+00:00,api/normal,0.85,0,1,none
2026-03-14T01:37:54+00:00,api/validate,2.39,1,1,UNKNOWN
2026-03-14T01:37:54+00:00,api/normal,0.98,0,1,none
2026-03-14T01:37:54+00:00,api/normal,0.72,0,1,none
2026-03-14T01:37:54+00:00,api/normal,0.94,0,1,none
2026-03-14T01:37:56+00:00,api/slow,1535.74,0,1,none
2026-03-14T01:37:56+00:00,api/normal,1.19,0,1,none
2026-03-14T01:37:56+00:00,api/normal,0.88,0,1,none
2026-03-14T01:37:57+00:00,api/slow,1296.9,0,1,none
2026-03-14T01:37:57+00:00,api/normal,1.31,0,1,none
2026-03-14T01:37:57+00:00,api/db,3.22,0,1,none
2026-03-14T01:37:57+00:00,api/normal,0.53,0,1,none
2026-03-14T01:37:59+00:00,api/slow,1623.68,0,1,none
2026-03-14T01:37:59+00:00,api/normal,2.23,0,1,none
2026-03-14T01:37:59+00:00,api/error,2.2,1,1,SYSTEM_ERROR
2026-03-14T01:37:59+00:00,api/normal,0.69,0,1,none
2026-03-14T01:38:06+00:00,api/slow,7015.78,0,1,TIMEOUT_ERROR
2026-03-14T01:38:06+00:00,api/normal,1.02,0,1,none
2026-03-14T01:38:11+00:00,api/slow,5004.9,0,1,TIMEOUT_ERROR
2026-03-14T01:38:13+00:00,api/slow,1530.01,0,1,none
2026-03-14T01:38:20+00:00,api/slow,7008.38,0,1,TIMEOUT_ERROR
2026-03-14T01:38:20+00:00,api/normal,1.2,0,1,none
2026-03-14T01:38:20+00:00,api/validate,1.74,1,1,UNKNOWN
2026-03-14T01:38:22+00:00,api/slow,1705.56,0,1,none
2026-03-14T01:38:22+00:00,api/normal,1.23,0,1,none
2026-03-14T01:38:22+00:00,api/normal,0.77,0,1,none
2026-03-14T01:38:22+00:00,api/validate,1.82,1,1,UNKNOWN
2026-03-14T01:38:22+00:00,api/normal,1.52,0,1,none
2026-03-14T01:38:22+00:00,api/normal,1.1,0,1,none
2026-03-14T01:38:22+00:00,api/validate,2.11,1,1,UNKNOWN
2026-03-14T01:38:22+00:00,api/normal,0.6,0,1,none
2026-03-14T01:38:22+00:00,api/normal,0.62,0,1,none
2026-03-14T01:38:22+00:00,api/normal,1.01,0,1,none
2026-03-14T01:38:23+00:00,api/slow,1067.79,0,1,none
2026-03-14T01:38:23+00:00,api/normal,2.15,0,1,none
2026-03-14T01:38:23+00:00,api/normal,0.79,0,1,none
2026-03-14T01:38:23+00:00,api/normal,1.04,0,1,none
2026-03-14T01:38:23+00:00,api/normal,1.18,0,1,none
2026-03-14T01:38:23+00:00,api/normal,1.1,0,1,none
2026-03-14T01:38:23+00:00,api/normal,0.94,0,1,none
2026-03-14T01:38:24+00:00,api/slow,1103.25,0,1,none
2026-03-14T01:38:30+00:00,api/slow,6003.14,0,1,TIMEOUT_ERROR
2026-03-14T01:38:30+00:00,api/normal,1.33,0,1,none
2026-03-14T01:38:30+00:00,api/normal,1.15,0,1,none
2026-03-14T01:38:30+00:00,api/validate,2.46,1,1,UNKNOWN
2026-03-14T01:38:30+00:00,api/normal,0.76,0,1,none
2026-03-14T01:38:30+00:00,api/error,2.04,1,1,SYSTEM_ERROR
2026-03-14T01:38:30+00:00,api/normal,0.86,0,1,none
2026-03-14T01:38:30+00:00,api/normal,0.77,0,1,none
2026-03-14T01:38:30+00:00,api/normal,0.84,0,1,none
2026-03-14T01:38:30+00:00,api/normal,0.71,0,1,none
2026-03-14T01:38:30+00:00,api/normal,1.16,0,1,none
2026-03-14T01:38:30+00:00,api/normal,0.91,0,1,none
2026-03-14T01:38:32+00:00,api/slow,1870.63,0,1,none
2026-03-14T01:38:32+00:00,api/normal,0.65,0,1,none
2026-03-14T01:38:32+00:00,api/normal,0.53,0,1,none
2026-03-14T01:38:32+00:00,api/normal,0.79,0,1,none
2026-03-14T01:38:32+00:00,api/normal,0.51,0,1,none
2026-03-14T01:38:32+00:00,api/error,2.48,1,1,SYSTEM_ERROR
2026-03-14T01:38:32+00:00,api/normal,1.05,0,1,none
2026-03-14T01:38:32+00:00,api/normal,0.96,0,1,none
2026-03-14T01:38:32+00:00,api/normal,0.87,0,1,none
2026-03-14T01:38:32+00:00,api/normal,1.14,0,1,none
2026-03-14T01:38:32+00:00,api/normal,1.09,0,1,none
2026-03-14T01:38:32+00:00,api/normal,0.85,0,1,none
2026-03-14T01:38:32+00:00,api/normal,1.32,0,1,none
2026-03-14T01:38:32+00:00,api/normal,1.1,0,1,none
2026-03-14T01:38:33+00:00,api/normal,0.6,0,1,none
2026-03-14T01:38:33+00:00,api/normal,1.94,0,1,none
2026-03-14T01:38:33+00:00,api/normal,1.37,0,1,none
2026-03-14T01:38:33+00:00,api/normal,1.07,0,1,none
2026-03-14T01:38:33+00:00,api/normal,1,0,1,none
2026-03-14T01:38:33+00:00,api/normal,0.85,0,1,none
2026-03-14T01:38:33+00:00,api/normal,1.06,0,1,none
2026-03-14T01:38:34+00:00,api/slow,1156.26,0,1,none
2026-03-14T01:38:34+00:00,api/normal,0.9,0,1,none
2026-03-14T01:38:35+00:00,api/slow,1213.49,0,1,none
2026-03-14T01:38:35+00:00,api/normal,1.02,0,1,none
2026-03-14T01:38:35+00:00,api/normal,0.65,0,1,none
2026-03-14T01:38:35+00:00,api/normal,1.07,0,1,none
2026-03-14T01:38:35+00:00,api/normal,0.99,0,1,none
2026-03-14T01:38:35+00:00,api/normal,1.15,0,1,none
2026-03-14T01:38:35+00:00,api/normal,0.9,0,1,none
2026-03-14T01:38:35+00:00,api/normal,1.01,0,1,none
2026-03-14T01:38:37+00:00,api/slow,1629.22,0,1,none
2026-03-14T01:38:39+00:00,api/slow,1643.25,0,1,none
2026-03-14T01:38:39+00:00,api/error,3.17,1,1,SYSTEM_ERROR
2026-03-14T01:38:41+00:00,api/slow,1978.37,0,1,none
2026-03-14T01:38:42+00:00,api/slow,1711.42,0,1,none
2026-03-14T01:38:42+00:00,api/db,3.56,0,1,none
2026-03-14T01:38:42+00:00,api/normal,0.59,0,1,none
2026-03-14T01:38:42+00:00,api/validate,2.47,1,1,UNKNOWN
2026-03-14T01:38:42+00:00,api/normal,1.02,0,1,none
2026-03-14T01:38:49+00:00,api/slow,7012.1,0,1,TIMEOUT_ERROR
2026-03-14T01:38:49+00:00,api/error,3.33,1,1,SYSTEM_ERROR
2026-03-14T01:38:49+00:00,api/validate,2.11,1,1,UNKNOWN
2026-03-14T01:38:49+00:00,api/normal,0.63,0,1,none
2026-03-14T01:38:50+00:00,api/normal,1.11,0,1,none
2026-03-14T01:38:50+00:00,api/normal,1.08,0,1,none
2026-03-14T01:38:50+00:00,api/normal,0.78,0,1,none
2026-03-14T01:38:50+00:00,api/normal,0.82,0,1,none
2026-03-14T01:38:50+00:00,api/normal,0.84,0,1,none
2026-03-14T01:38:50+00:00,api/error,2.21,1,1,SYSTEM_ERROR
2026-03-14T01:38:50+00:00,api/normal,0.82,0,1,none
2026-03-14T01:38:50+00:00,api/normal,0.79,0,1,none
2026-03-14T01:38:50+00:00,api/normal,1.23,0,1,none
2026-03-14T01:38:50+00:00,api/normal,1.03,0,1,none
2026-03-14T01:38:50+00:00,api/normal,0.8,0,1,none
2026-03-14T01:38:50+00:00,api/error,2.19,1,1,SYSTEM_ERROR
2026-03-14T01:38:50+00:00,api/normal,1.06,0,1,none
2026-03-14T01:38:56+00:00,api/slow,6004.52,0,1,TIMEOUT_ERROR
2026-03-14T01:38:57+00:00,api/slow,1212.18,0,1,none
2026-03-14T01:38:57+00:00,api/normal,0.99,0,1,none
2026-03-14T01:38:57+00:00,api/normal,0.8,0,1,none
2026-03-14T01:38:57+00:00,api/normal,0.55,0,1,none
2026-03-14T01:38:57+00:00,api/normal,0.65,0,1,none
2026-03-14T01:38:57+00:00,api/normal,0.64,0,1,none
2026-03-14T01:38:57+00:00,api/normal,0.75,0,1,none
2026-03-14T01:38:57+00:00,api/normal,0.69,0,1,none
2026-03-14T01:39:03+00:00,api/slow,6006.78,0,1,TIMEOUT_ERROR
2026-03-14T01:39:03+00:00,api/normal,0.55,0,1,none
2026-03-14T01:39:03+00:00,api/normal,0.83,0,1,none
2026-03-14T01:39:03+00:00,api/error,2.43,1,1,SYSTEM_ERROR
2026-03-14T01:39:03+00:00,api/normal,0.63,0,1,none
2026-03-14T01:39:03+00:00,api/normal,0.75,0,1,none
2026-03-14T01:39:08+00:00,api/slow,5014.2,0,1,TIMEOUT_ERROR
2026-03-14T01:39:08+00:00,api/error,3.13,1,1,SYSTEM_ERROR
2026-03-14T01:39:08+00:00,api/normal,0.57,0,1,none
2026-03-14T01:39:08+00:00,api/normal,0.56,0,1,none
2026-03-14T01:39:08+00:00,api/normal,0.5,0,1,none
2026-03-14T01:39:08+00:00,api/normal,0.89,0,1,none
2026-03-14T01:39:08+00:00,api/normal,0.75,0,1,none
2026-03-14T01:39:08+00:00,api/normal,0.97,0,1,none
2026-03-14T01:39:08+00:00,api/normal,0.6,0,1,none
2026-03-14T01:39:09+00:00,api/normal,0.61,0,1,none
2026-03-14T01:39:09+00:00,api/normal,0.76,0,1,none
2026-03-14T01:39:09+00:00,api/normal,1.02,0,1,none
2026-03-14T01:39:09+00:00,api/normal,0.91,0,1,none
2026-03-14T01:39:09+00:00,api/normal,0.97,0,1,none
2026-03-14T01:39:10+00:00,api/slow,1607.44,0,1,none
2026-03-14T01:39:12+00:00,api/slow,1366.3,0,1,none
2026-03-14T01:39:12+00:00,api/normal,1.36,0,1,none
2026-03-14T01:39:12+00:00,api/normal,0.76,0,1,none
2026-03-14T01:39:12+00:00,api/normal,1.15,0,1,none
2026-03-14T01:39:19+00:00,api/slow,7014.54,0,1,TIMEOUT_ERROR
2026-03-14T01:39:19+00:00,api/normal,1.79,0,1,none
2026-03-14T01:39:19+00:00,api/normal,0.64,0,1,none
2026-03-14T01:39:20+00:00,api/slow,1315.36,0,1,none
2026-03-14T01:39:20+00:00,api/normal,0.97,0,1,none
2026-03-14T01:39:20+00:00,api/db,3.45,0,1,none
2026-03-14T01:39:25+00:00,api/slow,5014.37,0,1,TIMEOUT_ERROR
2026-03-14T01:39:25+00:00,api/normal,3.82,0,1,none
2026-03-14T01:39:25+00:00,api/normal,0.57,0,1,none
2026-03-14T01:39:25+00:00,api/normal,1.28,0,1,none
2026-03-14T01:39:25+00:00,api/normal,0.94,0,1,none
2026-03-14T01:39:25+00:00,api/normal,0.94,0,1,none
2026-03-14T01:39:31+00:00,api/slow,6005.78,0,1,TIMEOUT_ERROR
2026-03-14T01:39:31+00:00,api/normal,0.81,0,1,none
2026-03-14T01:39:31+00:00,api/error,3.2,1,1,SYSTEM_ERROR
2026-03-14T01:39:31+00:00,api/normal,0.85,0,1,none
2026-03-14T01:39:31+00:00,api/normal,0.77,0,1,none
2026-03-14T01:39:31+00:00,api/error,2.04,1,1,SYSTEM_ERROR
2026-03-14T01:39:31+00:00,api/normal,0.81,0,1,none
2026-03-14T01:39:31+00:00,api/normal,0.94,0,1,none
2026-03-14T01:39:31+00:00,api/normal,0.85,0,1,none
2026-03-14T01:39:31+00:00,api/normal,0.89,0,1,none
2026-03-14T01:39:31+00:00,api/normal,0.84,0,1,none
2026-03-14T01:39:32+00:00,api/normal,0.81,0,1,none
2026-03-14T01:39:32+00:00,api/normal,0.83,0,1,none
2026-03-14T01:39:33+00:00,api/slow,1534.69,0,1,none
2026-03-14T01:39:33+00:00,api/normal,0.53,0,1,none
2026-03-14T01:39:39+00:00,api/slow,6006.97,0,1,TIMEOUT_ERROR
2026-03-14T01:39:39+00:00,api/db,15.03,0,1,none
2026-03-14T01:39:39+00:00,api/normal,1.13,0,1,none
2026-03-14T01:39:41+00:00,api/slow,1337.67,0,1,none
2026-03-14T01:39:41+00:00,api/normal,0.91,0,1,none
2026-03-14T01:39:41+00:00,api/normal,0.82,0,1,none
2026-03-14T01:39:41+00:00,api/error,2.31,1,1,SYSTEM_ERROR
2026-03-14T01:39:41+00:00,api/normal,1.3,0,1,none
2026-03-14T01:39:41+00:00,api/normal,1.21,0,1,none
2026-03-14T01:39:41+00:00,api/error,2.46,1,1,SYSTEM_ERROR
2026-03-14T01:39:41+00:00,api/db,5.29,0,1,none
2026-03-14T01:39:41+00:00,api/normal,1.81,0,1,none
2026-03-14T01:39:41+00:00,api/error,13.48,1,1,SYSTEM_ERROR
2026-03-14T01:39:41+00:00,api/normal,1.75,0,1,none
2026-03-14T01:39:41+00:00,api/db,4.58,0,1,none
2026-03-14T01:39:41+00:00,api/normal,1.41,0,1,none
2026-03-14T01:39:41+00:00,api/normal,1.33,0,1,none
2026-03-14T01:39:41+00:00,api/normal,1.27,0,1,none
2026-03-14T01:39:41+00:00,api/normal,0.99,0,1,none
2026-03-14T01:39:41+00:00,api/normal,0.72,0,1,none
2026-03-14T01:39:43+00:00,api/slow,1888.24,0,1,none
2026-03-14T01:39:45+00:00,api/slow,1632.54,0,1,none
2026-03-14T01:39:45+00:00,api/normal,0.62,0,1,none
2026-03-14T01:39:46+00:00,api/slow,1754.9,0,1,none
2026-03-14T01:39:54+00:00,api/slow,7006.34,0,1,TIMEOUT_ERROR
2026-03-14T01:39:54+00:00,api/normal,1.27,0,1,none
2026-03-14T01:39:54+00:00,api/normal,0.73,0,1,none
2026-03-14T01:39:54+00:00,api/normal,0.58,0,1,none
2026-03-14T01:39:54+00:00,api/normal,0.72,0,1,none
2026-03-14T01:39:55+00:00,api/slow,1683.77,0,1,none
2026-03-14T01:39:55+00:00,api/normal,0.7,0,1,none
2026-03-14T01:39:57+00:00,api/slow,1802.33,0,1,none
2026-03-14T01:39:57+00:00,api/normal,1.14,0,1,none
2026-03-14T01:39:57+00:00,api/normal,0.79,0,1,none
2026-03-14T01:39:57+00:00,api/normal,0.57,0,1,none
2026-03-14T01:40:02+00:00,api/slow,5016.03,0,1,TIMEOUT_ERROR
2026-03-14T01:40:08+00:00,api/slow,6016.23,0,1,TIMEOUT_ERROR
2026-03-14T01:40:08+00:00,api/normal,0.93,0,1,none
2026-03-14T01:40:08+00:00,api/normal,0.61,0,1,none
2026-03-14T01:40:08+00:00,api/normal,0.61,0,1,none
2026-03-14T01:40:08+00:00,api/normal,0.59,0,1,none
2026-03-14T01:40:08+00:00,api/normal,0.6,0,1,none
2026-03-14T01:40:10+00:00,api/slow,1501.42,0,1,none
2026-03-14T01:40:10+00:00,api/normal,0.63,0,1,none
2026-03-14T01:40:10+00:00,api/db,3.89,0,1,none
2026-03-14T01:40:10+00:00,api/error,2.7,1,1,SYSTEM_ERROR
2026-03-14T01:40:10+00:00,api/normal,0.56,0,1,none
2026-03-14T01:40:10+00:00,api/normal,1.38,0,1,none
2026-03-14T01:40:10+00:00,api/normal,1.11,0,1,none
2026-03-14T01:40:10+00:00,api/normal,1.25,0,1,none
2026-03-14T01:40:10+00:00,api/normal,0.86,0,1,none
2026-03-14T01:40:10+00:00,api/normal,0.63,0,1,none
2026-03-14T01:40:10+00:00,api/normal,0.84,0,1,none
2026-03-14T01:40:10+00:00,api/normal,0.91,0,1,none
2026-03-14T01:40:10+00:00,api/normal,0.58,0,1,none
2026-03-14T01:40:12+00:00,api/slow,1918.96,0,1,none
2026-03-14T01:40:18+00:00,api/slow,6013.02,0,1,TIMEOUT_ERROR
2026-03-14T01:40:18+00:00,api/normal,0.92,0,1,none
2026-03-14T01:40:20+00:00,api/slow,1946.67,0,1,none
2026-03-14T01:40:25+00:00,api/slow,5005.46,0,1,TIMEOUT_ERROR
2026-03-14T01:40:25+00:00,api/normal,1.17,0,1,none
2026-03-14T01:40:25+00:00,api/normal,0.9,0,1,none
2026-03-14T01:40:25+00:00,api/normal,1.19,0,1,none
2026-03-14T01:40:25+00:00,api/normal,0.64,0,1,none
2026-03-14T01:40:25+00:00,api/normal,1.11,0,1,none
2026-03-14T01:40:25+00:00,api/normal,0.65,0,1,none
2026-03-14T01:40:27+00:00,api/slow,1954.48,0,1,none
2026-03-14T01:40:27+00:00,api/normal,0.91,0,1,none
2026-03-14T01:40:27+00:00,api/normal,1.12,0,1,none
2026-03-14T01:40:29+00:00,api/slow,1985.99,0,1,none
2026-03-14T01:40:29+00:00,api/error,2.6,1,1,SYSTEM_ERROR
2026-03-14T01:40:29+00:00,api/normal,0.79,0,1,none
2026-03-14T01:40:29+00:00,api/normal,0.95,0,1,none
2026-03-14T01:40:29+00:00,api/normal,0.54,0,1,none
2026-03-14T01:40:29+00:00,api/normal,0.66,0,1,none
2026-03-14T01:40:29+00:00,api/normal,1.12,0,1,none
2026-03-14T01:40:29+00:00,api/normal,0.77,0,1,none
2026-03-14T01:40:29+00:00,api/normal,1.41,0,1,none
2026-03-14T01:40:29+00:00,api/normal,0.77,0,1,none
2026-03-14T01:40:30+00:00,api/normal,1.36,0,1,none
2026-03-14T01:40:36+00:00,api/slow,6010.38,0,1,TIMEOUT_ERROR
2026-03-14T01:40:36+00:00,api/error,4.26,1,1,SYSTEM_ERROR
2026-03-14T01:40:37+00:00,api/slow,1807.56,0,1,none
2026-03-14T01:40:37+00:00,api/db,4.13,0,1,none
2026-03-14T01:40:37+00:00,api/normal,1.56,0,1,none
2026-03-14T01:40:37+00:00,api/normal,1.03,0,1,none
2026-03-14T01:40:37+00:00,api/normal,0.81,0,1,none
2026-03-14T01:40:39+00:00,api/slow,1953.42,0,1,none
2026-03-14T01:40:39+00:00,api/normal,1.5,0,1,none
2026-03-14T01:40:40+00:00,api/normal,1.18,0,1,none
2026-03-14T01:40:40+00:00,api/normal,0.89,0,1,none
2026-03-14T01:40:40+00:00,api/normal,0.76,0,1,none
2026-03-14T01:40:40+00:00,api/error,2.16,1,1,SYSTEM_ERROR
2026-03-14T01:40:40+00:00,api/normal,1,0,1,none
2026-03-14T01:40:40+00:00,api/normal,0.83,0,1,none
2026-03-14T01:40:40+00:00,api/normal,0.83,0,1,none
2026-03-14T01:40:40+00:00,api/normal,0.76,0,1,none
2026-03-14T01:40:40+00:00,api/db,21.33,0,1,none
2026-03-14T01:40:40+00:00,api/normal,0.61,0,1,none
2026-03-14T01:40:40+00:00,api/error,1.87,1,1,SYSTEM_ERROR
2026-03-14T01:40:47+00:00,api/slow,7014.5,0,1,TIMEOUT_ERROR
2026-03-14T01:40:47+00:00,api/normal,0.87,0,1,none
2026-03-14T01:40:48+00:00,api/slow,1080.49,0,1,none
2026-03-14T01:40:48+00:00,api/normal,0.74,0,1,none
2026-03-14T01:40:48+00:00,api/normal,1.06,0,1,none
2026-03-14T01:40:48+00:00,api/normal,0.96,0,1,none
2026-03-14T01:40:48+00:00,api/error,2.06,1,1,SYSTEM_ERROR
2026-03-14T01:40:48+00:00,api/normal,0.72,0,1,none
2026-03-14T01:40:48+00:00,api/normal,1.2,0,1,none
2026-03-14T01:40:48+00:00,api/normal,0.77,0,1,none
2026-03-14T01:40:50+00:00,api/slow,1905.74,0,1,none
2026-03-14T01:40:50+00:00,api/error,2.1,1,1,SYSTEM_ERROR
2026-03-14T01:40:52+00:00,api/slow,1905.36,0,1,none
2026-03-14T01:40:58+00:00,api/slow,6005.4,0,1,TIMEOUT_ERROR
2026-03-14T01:40:58+00:00,api/normal,1.54,0,1,none
2026-03-14T01:40:59+00:00,api/slow,1464.96,0,1,none
2026-03-14T01:41:06+00:00,api/slow,7004.88,0,1,TIMEOUT_ERROR
2026-03-14T01:41:07+00:00,api/normal,0.94,0,1,none
2026-03-14T01:41:07+00:00,api/normal,0.53,0,1,none
2026-03-14T01:41:07+00:00,api/normal,0.6,0,1,none
2026-03-14T01:41:07+00:00,api/normal,0.71,0,1,none
2026-03-14T01:41:07+00:00,api/normal,0.78,0,1,none
2026-03-14T01:41:07+00:00,api/normal,0.82,0,1,none
2026-03-14T01:41:07+00:00,api/normal,0.87,0,1,none
2026-03-14T01:41:08+00:00,api/slow,1250.51,0,1,none
2026-03-14T01:41:08+00:00,api/normal,0.5,0,1,none
2026-03-14T01:41:09+00:00,api/slow,1347.51,0,1,none
2026-03-14T01:41:09+00:00,api/normal,0.81,0,1,none
2026-03-14T01:41:09+00:00,api/normal,0.55,0,1,none
2026-03-14T01:41:09+00:00,api/normal,0.45,0,1,none
2026-03-14T01:41:14+00:00,api/slow,5007.26,0,1,TIMEOUT_ERROR
2026-03-14T01:41:14+00:00,api/normal,1.54,0,1,none
2026-03-14T01:41:21+00:00,api/slow,7009.43,0,1,TIMEOUT_ERROR
2026-03-14T01:41:21+00:00,api/normal,1.23,0,1,none
2026-03-14T01:41:21+00:00,api/normal,0.89,0,1,none
2026-03-14T01:41:23+00:00,api/slow,1738.25,0,1,none
2026-03-14T01:41:25+00:00,api/slow,1744.57,0,1,none
2026-03-14T01:41:25+00:00,api/normal,1.34,0,1,none
2026-03-14T01:41:25+00:00,api/normal,1.27,0,1,none
2026-03-14T01:41:26+00:00,api/slow,1304.44,0,1,none
2026-03-14T01:41:26+00:00,api/error,2.05,1,1,SYSTEM_ERROR
2026-03-14T01:41:26+00:00,api/normal,0.65,0,1,none
2026-03-14T01:41:26+00:00,api/error,1.6,1,1,SYSTEM_ERROR
2026-03-14T01:41:26+00:00,api/normal,0.6,0,1,none
2026-03-14T01:41:28+00:00,api/slow,1971.88,0,1,none
2026-03-14T01:41:28+00:00,api/normal,0.73,0,1,none
2026-03-14T01:41:35+00:00,api/slow,7002.36,0,1,TIMEOUT_ERROR
2026-03-14T01:41:37+00:00,api/slow,1286.16,0,1,none
2026-03-14T01:41:38+00:00,api/slow,1593.21,0,1,none
2026-03-14T01:41:38+00:00,api/normal,0.76,0,1,none
2026-03-14T01:41:40+00:00,api/slow,1193.53,0,1,none
2026-03-14T01:41:40+00:00,api/normal,1.33,0,1,none
2026-03-14T01:41:40+00:00,api/normal,0.74,0,1,none
2026-03-14T01:41:40+00:00,api/normal,0.64,0,1,none
2026-03-14T01:41:40+00:00,api/normal,0.47,0,1,none
2026-03-14T01:41:40+00:00,api/normal,0.66,0,1,none
2026-03-14T01:41:40+00:00,api/normal,0.66,0,1,none
2026-03-14T01:41:40+00:00,api/normal,0.68,0,1,none
2026-03-14T01:41:40+00:00,api/normal,0.51,0,1,none
2026-03-14T01:41:40+00:00,api/normal,0.6,0,1,none
2026-03-14T01:41:40+00:00,api/normal,0.54,0,1,none
2026-03-14T01:41:40+00:00,api/normal,0.64,0,1,none
2026-03-14T01:41:40+00:00,api/normal,0.68,0,1,none
2026-03-14T01:41:40+00:00,api/validate,2.78,1,1,UNKNOWN
2026-03-14T01:41:40+00:00,api/normal,0.78,0,1,none
2026-03-14T01:41:42+00:00,api/slow,1925.69,0,1,none
2026-03-14T01:41:43+00:00,api/slow,1701.94,0,1,none
2026-03-14T01:41:43+00:00,api/normal,0.43,0,1,none
2026-03-14T01:41:43+00:00,api/normal,0.58,0,1,none
2026-03-14T01:41:43+00:00,api/normal,0.44,0,1,none
2026-03-14T01:41:44+00:00,api/normal,0.48,0,1,none
2026-03-14T01:41:44+00:00,api/normal,0.57,0,1,none
2026-03-14T01:41:50+00:00,api/slow,6014.11,0,1,TIMEOUT_ERROR
2026-03-14T01:41:51+00:00,api/slow,1856.24,0,1,none
2026-03-14T01:41:51+00:00,api/normal,0.6,0,1,none
2026-03-14T01:41:51+00:00,api/normal,0.68,0,1,none
2026-03-14T01:41:51+00:00,api/normal,1.27,0,1,none
2026-03-14T01:41:51+00:00,api/normal,0.64,0,1,none
2026-03-14T01:41:52+00:00,api/normal,0.86,0,1,none
2026-03-14T01:41:52+00:00,api/normal,1.26,0,1,none
2026-03-14T01:41:52+00:00,api/normal,0.68,0,1,none
2026-03-14T01:41:52+00:00,api/normal,0.72,0,1,none
2026-03-14T01:41:52+00:00,api/normal,0.92,0,1,none
2026-03-14T01:41:52+00:00,api/normal,0.74,0,1,none
2026-03-14T01:41:57+00:00,api/slow,5001.56,0,1,TIMEOUT_ERROR
2026-03-14T01:41:57+00:00,api/normal,1.58,0,1,none
2026-03-14T01:41:57+00:00,api/normal,1.01,0,1,none
2026-03-14T01:41:57+00:00,api/normal,0.66,0,1,none
2026-03-14T01:41:58+00:00,api/slow,1041.47,0,1,none
2026-03-14T01:41:58+00:00,api/validate,2.41,1,1,UNKNOWN
2026-03-14T01:41:58+00:00,api/normal,0.8,0,1,none
2026-03-14T01:42:04+00:00,api/slow,6010.23,0,1,TIMEOUT_ERROR
2026-03-14T01:42:04+00:00,api/normal,1.15,0,1,none
2026-03-14T01:42:04+00:00,api/normal,0.95,0,1,none
2026-03-14T01:42:06+00:00,api/slow,1874.33,0,1,none
2026-03-14T01:42:06+00:00,api/normal,1,0,1,none
2026-03-14T01:42:06+00:00,api/normal,0.72,0,1,none
2026-03-14T01:42:06+00:00,api/normal,1.14,0,1,none
2026-03-14T01:42:06+00:00,api/normal,0.82,0,1,none
2026-03-14T01:42:06+00:00,api/normal,0.96,0,1,none
2026-03-14T01:42:06+00:00,api/normal,0.82,0,1,none
2026-03-14T01:42:06+00:00,api/normal,1.07,0,1,none
2026-03-14T01:42:06+00:00,api/normal,0.87,0,1,none
2026-03-14T01:42:06+00:00,api/normal,0.56,0,1,none
2026-03-14T01:42:06+00:00,api/normal,0.8,0,1,none
2026-03-14T01:42:06+00:00,api/normal,0.64,0,1,none
2026-03-14T01:42:06+00:00,api/normal,0.8,0,1,none
2026-03-14T01:42:06+00:00,api/normal,0.71,0,1,none
2026-03-14T01:42:06+00:00,api/normal,0.84,0,1,none
2026-03-14T01:42:06+00:00,api/normal,0.6,0,1,none
2026-03-14T01:42:06+00:00,api/normal,0.97,0,1,none
2026-03-14T01:42:07+00:00,api/slow,1352.78,0,1,none
2026-03-14T01:42:07+00:00,api/normal,1.87,0,1,none
2026-03-14T01:42:07+00:00,api/normal,0.75,0,1,none
2026-03-14T01:42:08+00:00,api/normal,0.61,0,1,none
2026-03-14T01:42:08+00:00,api/normal,0.53,0,1,none
2026-03-14T01:42:08+00:00,api/normal,0.59,0,1,none
2026-03-14T01:42:09+00:00,api/slow,1746.88,0,1,none
2026-03-14T01:42:09+00:00,api/normal,0.73,0,1,none
2026-03-14T01:42:09+00:00,api/normal,0.55,0,1,none
2026-03-14T01:42:09+00:00,api/normal,0.58,0,1,none
2026-03-14T01:42:11+00:00,api/slow,1466.9,0,1,none
2026-03-14T01:42:11+00:00,api/normal,2.66,0,1,none
2026-03-14T01:42:11+00:00,api/normal,1.12,0,1,none
2026-03-14T01:42:12+00:00,api/slow,1530.2,0,1,none
2026-03-14T01:42:12+00:00,api/normal,0.77,0,1,none
2026-03-14T01:42:12+00:00,api/normal,0.73,0,1,none
2026-03-14T01:42:12+00:00,api/normal,0.89,0,1,none
2026-03-14T01:42:13+00:00,api/normal,1,0,1,none
2026-03-14T01:42:13+00:00,api/normal,0.74,0,1,none
2026-03-14T01:42:14+00:00,api/slow,1536.5,0,1,none
2026-03-14T01:42:14+00:00,api/normal,1.16,0,1,none
2026-03-14T01:42:14+00:00,api/normal,0.86,0,1,none
2026-03-14T01:42:14+00:00,api/normal,0.94,0,1,none
2026-03-14T01:42:14+00:00,api/normal,0.8,0,1,none
2026-03-14T01:42:14+00:00,api/normal,0.84,0,1,none
2026-03-14T01:42:14+00:00,api/db,4.45,0,1,none
2026-03-14T01:42:14+00:00,api/normal,0.74,0,1,none
2026-03-14T01:42:14+00:00,api/normal,1.01,0,1,none
2026-03-14T01:42:16+00:00,api/slow,1384.03,0,1,none
2026-03-14T01:42:16+00:00,api/normal,0.65,0,1,none
2026-03-14T01:42:16+00:00,api/normal,0.65,0,1,none
2026-03-14T01:42:16+00:00,api/normal,0.68,0,1,none
2026-03-14T01:42:18+00:00,api/slow,1800.72,0,1,none
2026-03-14T01:42:18+00:00,api/normal,0.86,0,1,none
2026-03-14T01:42:18+00:00,api/error,1.41,1,1,SYSTEM_ERROR
2026-03-14T01:42:18+00:00,api/db,2.54,0,1,none
2026-03-14T01:42:18+00:00,api/normal,1.03,0,1,none
2026-03-14T01:42:18+00:00,api/normal,0.68,0,1,none
2026-03-14T01:42:19+00:00,api/slow,1149.01,0,1,none
2026-03-14T01:42:20+00:00,api/slow,1662.69,0,1,none
2026-03-14T01:42:20+00:00,api/normal,0.81,0,1,none
2026-03-14T01:42:22+00:00,api/slow,1733.44,0,1,none
2026-03-14T01:42:22+00:00,api/validate,2.2,1,1,UNKNOWN
2026-03-14T01:42:22+00:00,api/normal,0.53,0,1,none
2026-03-14T01:42:22+00:00,api/normal,0.68,0,1,none
2026-03-14T01:42:22+00:00,api/db,3.28,0,1,none
2026-03-14T01:42:22+00:00,api/normal,0.63,0,1,none
2026-03-14T01:42:22+00:00,api/normal,0.67,0,1,none
2026-03-14T01:42:22+00:00,api/validate,1.87,1,1,UNKNOWN
2026-03-14T01:42:22+00:00,api/normal,0.97,0,1,none
2026-03-14T01:42:22+00:00,api/error,1.94,1,1,SYSTEM_ERROR
2026-03-14T01:42:22+00:00,api/normal,0.75,0,1,none
2026-03-14T01:42:22+00:00,api/error,1.83,1,1,SYSTEM_ERROR
2026-03-14T01:42:24+00:00,api/slow,1184.81,0,1,none
2026-03-14T01:42:24+00:00,api/db,2.86,0,1,none
2026-03-14T01:42:24+00:00,api/normal,1.11,0,1,none
2026-03-14T01:42:24+00:00,api/normal,0.63,0,1,none
2026-03-14T01:42:24+00:00,api/db,2.36,0,1,none
2026-03-14T01:42:25+00:00,api/slow,1707.09,0,1,none
2026-03-14T01:42:25+00:00,api/normal,1.25,0,1,none
2026-03-14T01:42:27+00:00,api/slow,1283.99,0,1,none
2026-03-14T01:42:28+00:00,api/slow,1628.29,0,1,none
2026-03-14T01:42:28+00:00,api/normal,0.77,0,1,none
2026-03-14T01:42:28+00:00,api/error,2.53,1,1,SYSTEM_ERROR
2026-03-14T01:42:28+00:00,api/error,1.44,1,1,SYSTEM_ERROR
2026-03-14T01:42:28+00:00,api/normal,0.77,0,1,none
2026-03-14T01:42:28+00:00,api/validate,1.74,1,1,UNKNOWN
2026-03-14T01:42:28+00:00,api/normal,0.81,0,1,none
2026-03-14T01:42:28+00:00,api/normal,0.71,0,1,none
2026-03-14T01:42:28+00:00,api/normal,0.64,0,1,none
2026-03-14T01:42:28+00:00,api/normal,0.89,0,1,none
2026-03-14T01:42:29+00:00,api/normal,0.77,0,1,none
2026-03-14T01:42:30+00:00,api/slow,1484.22,0,1,none
2026-03-14T01:42:30+00:00,api/normal,0.7,0,1,none
2026-03-14T01:42:30+00:00,api/normal,0.88,0,1,none
2026-03-14T01:42:30+00:00,api/normal,0.89,0,1,none
2026-03-14T01:42:30+00:00,api/normal,1.07,0,1,none
2026-03-14T01:42:30+00:00,api/normal,0.83,0,1,none
2026-03-14T01:42:30+00:00,api/normal,0.8,0,1,none
2026-03-14T01:42:30+00:00,api/normal,1.12,0,1,none
2026-03-14T01:42:31+00:00,api/slow,1288.11,0,1,none
2026-03-14T01:42:31+00:00,api/normal,1.06,0,1,none
2026-03-14T01:42:31+00:00,api/normal,0.59,0,1,none
2026-03-14T01:42:32+00:00,api/normal,0.77,0,1,none
2026-03-14T01:42:32+00:00,api/normal,0.6,0,1,none
2026-03-14T01:42:32+00:00,api/normal,0.69,0,1,none
2026-03-14T01:42:32+00:00,api/normal,0.66,0,1,none
2026-03-14T01:42:32+00:00,api/normal,0.75,0,1,none
2026-03-14T01:42:32+00:00,api/validate,2.55,1,1,UNKNOWN
2026-03-14T01:42:32+00:00,api/normal,1.28,0,1,none
2026-03-14T01:42:33+00:00,api/slow,1828.19,0,1,none
2026-03-14T01:42:33+00:00,api/normal,0.69,0,1,none
2026-03-14T01:42:33+00:00,api/normal,0.98,0,1,none
2026-03-14T01:42:35+00:00,api/slow,1069.81,0,1,none
2026-03-14T01:42:36+00:00,api/slow,1305.43,0,1,none
2026-03-14T01:42:36+00:00,api/normal,0.7,0,1,none
2026-03-14T01:42:36+00:00,api/normal,0.78,0,1,none
2026-03-14T01:42:36+00:00,api/normal,0.5,0,1,none
2026-03-14T01:42:36+00:00,api/normal,0.7,0,1,none
2026-03-14T01:42:36+00:00,api/normal,0.63,0,1,none
2026-03-14T01:42:37+00:00,api/slow,1010.6,0,1,none
2026-03-14T01:42:37+00:00,api/normal,1.66,0,1,none
2026-03-14T01:42:37+00:00,api/normal,0.87,0,1,none
2026-03-14T01:42:37+00:00,api/db,3.24,0,1,none
2026-03-14T01:42:37+00:00,api/normal,0.89,0,1,none
2026-03-14T01:42:39+00:00,api/slow,1578.56,0,1,none
2026-03-14T01:42:46+00:00,api/slow,7014.38,0,1,TIMEOUT_ERROR
2026-03-14T01:42:46+00:00,api/normal,1.65,0,1,none
2026-03-14T01:42:46+00:00,api/normal,0.6,0,1,none
2026-03-14T01:42:48+00:00,api/slow,1928.38,0,1,none
2026-03-14T01:42:48+00:00,api/normal,1.22,0,1,none
2026-03-14T01:42:48+00:00,api/normal,0.74,0,1,none
2026-03-14T01:42:48+00:00,api/normal,1.35,0,1,none
2026-03-14T01:42:48+00:00,api/normal,0.7,0,1,none
2026-03-14T01:42:48+00:00,api/normal,0.74,0,1,none
2026-03-14T01:42:48+00:00,api/normal,1.05,0,1,none
2026-03-14T01:42:48+00:00,api/normal,0.56,0,1,none
2026-03-14T01:42:49+00:00,api/slow,1463.52,0,1,none
2026-03-14T01:42:49+00:00,api/normal,1.59,0,1,none
2026-03-14T01:42:49+00:00,api/normal,0.5,0,1,none
2026-03-14T01:42:49+00:00,api/normal,1.1,0,1,none
2026-03-14T01:42:49+00:00,api/normal,0.8,0,1,none
2026-03-14T01:42:49+00:00,api/normal,1.09,0,1,none
2026-03-14T01:42:49+00:00,api/normal,0.63,0,1,none
2026-03-14T01:42:49+00:00,api/error,2.51,1,1,SYSTEM_ERROR
2026-03-14T01:42:49+00:00,api/db,3.57,0,1,none
2026-03-14T01:42:56+00:00,api/slow,6012.46,0,1,TIMEOUT_ERROR
2026-03-14T01:42:56+00:00,api/normal,1.45,0,1,none
2026-03-14T01:42:56+00:00,api/normal,1.22,0,1,none
2026-03-14T01:42:56+00:00,api/normal,0.97,0,1,none
2026-03-14T01:42:56+00:00,api/error,2.51,1,1,SYSTEM_ERROR
2026-03-14T01:42:56+00:00,api/normal,0.87,0,1,none
2026-03-14T01:42:56+00:00,api/normal,0.63,0,1,none
2026-03-14T01:42:56+00:00,api/normal,0.59,0,1,none
2026-03-14T01:42:56+00:00,api/normal,1.13,0,1,none
2026-03-14T01:42:56+00:00,api/normal,0.86,0,1,none
2026-03-14T01:42:57+00:00,api/slow,1516.54,0,1,none
2026-03-14T01:42:57+00:00,api/normal,0.71,0,1,none
2026-03-14T01:42:57+00:00,api/normal,0.6,0,1,none
2026-03-14T01:42:57+00:00,api/normal,0.76,0,1,none
2026-03-14T01:42:59+00:00,api/slow,1940.12,0,1,none
2026-03-14T01:42:59+00:00,api/normal,1.24,0,1,none
2026-03-14T01:42:59+00:00,api/normal,0.84,0,1,none
2026-03-14T01:42:59+00:00,api/normal,1.28,0,1,none
2026-03-14T01:42:59+00:00,api/normal,1.66,0,1,none
2026-03-14T01:43:06+00:00,api/slow,7011.37,0,1,TIMEOUT_ERROR
2026-03-14T01:43:06+00:00,api/normal,1.5,0,1,none
2026-03-14T01:43:06+00:00,api/normal,1.05,0,1,none
2026-03-14T01:43:06+00:00,api/normal,0.93,0,1,none
2026-03-14T01:43:06+00:00,api/normal,0.53,0,1,none
2026-03-14T01:43:11+00:00,api/slow,5011.38,0,1,TIMEOUT_ERROR
2026-03-14T01:43:12+00:00,api/normal,1.17,0,1,none
2026-03-14T01:43:12+00:00,api/normal,0.68,0,1,none
2026-03-14T01:43:12+00:00,api/normal,0.84,0,1,none
2026-03-14T01:43:13+00:00,api/slow,1526.66,0,1,none
2026-03-14T01:43:13+00:00,api/normal,1.08,0,1,none
2026-03-14T01:43:13+00:00,api/normal,0.74,0,1,none
2026-03-14T01:43:13+00:00,api/normal,0.66,0,1,none
2026-03-14T01:43:13+00:00,api/normal,1,0,1,none
2026-03-14T01:43:13+00:00,api/normal,0.93,0,1,none
2026-03-14T01:43:13+00:00,api/normal,1.04,0,1,none
2026-03-14T01:43:13+00:00,api/normal,0.74,0,1,none
2026-03-14T01:43:13+00:00,api/normal,0.88,0,1,none
2026-03-14T01:43:13+00:00,api/normal,1.53,0,1,none
2026-03-14T01:43:15+00:00,api/slow,1399.08,0,1,none
2026-03-14T01:43:15+00:00,api/normal,2.53,0,1,none
2026-03-14T01:43:15+00:00,api/normal,1.81,0,1,none
2026-03-14T01:43:15+00:00,api/normal,1.03,0,1,none
2026-03-14T01:43:16+00:00,api/slow,1393.91,0,1,none
2026-03-14T01:43:16+00:00,api/normal,1.75,0,1,none
2026-03-14T01:43:22+00:00,api/slow,6012.53,0,1,TIMEOUT_ERROR
2026-03-14T01:43:22+00:00,api/normal,1.82,0,1,none
2026-03-14T01:43:22+00:00,api/normal,3.73,0,1,none
2026-03-14T01:43:22+00:00,api/normal,3.48,0,1,none
2026-03-14T01:43:22+00:00,api/normal,1.69,0,1,none
2026-03-14T01:43:23+00:00,api/error,4.15,1,1,SYSTEM_ERROR
2026-03-14T01:43:23+00:00,api/normal,1.83,0,1,none
2026-03-14T01:43:23+00:00,api/db,5.54,0,1,none
2026-03-14T01:43:23+00:00,api/normal,1.91,0,1,none
2026-03-14T01:43:24+00:00,api/slow,1832.02,0,1,none
2026-03-14T01:43:25+00:00,api/normal,1.48,0,1,none
2026-03-14T01:43:25+00:00,api/normal,2.04,0,1,none
2026-03-14T01:43:25+00:00,api/validate,2.91,1,1,UNKNOWN
2026-03-14T01:43:26+00:00,api/slow,1426.49,0,1,none
2026-03-14T01:43:26+00:00,api/normal,3.29,0,1,none
2026-03-14T01:43:26+00:00,api/normal,1.34,0,1,none
2026-03-14T01:43:26+00:00,api/normal,1.42,0,1,none
2026-03-14T01:43:26+00:00,api/normal,1,0,1,none
2026-03-14T01:43:26+00:00,api/normal,1.55,0,1,none
2026-03-14T01:43:26+00:00,api/normal,1.5,0,1,none
2026-03-14T01:43:26+00:00,api/error,3.66,1,1,SYSTEM_ERROR
2026-03-14T01:43:26+00:00,api/normal,1.3,0,1,none
2026-03-14T01:43:26+00:00,api/normal,1.6,0,1,none
2026-03-14T01:43:26+00:00,api/normal,0.87,0,1,none
2026-03-14T01:43:26+00:00,api/normal,0.93,0,1,none
2026-03-14T01:43:26+00:00,api/normal,1.1,0,1,none
2026-03-14T01:43:26+00:00,api/normal,1.12,0,1,none
2026-03-14T01:43:28+00:00,api/slow,1285.64,0,1,none
2026-03-14T01:43:28+00:00,api/normal,3.27,0,1,none
2026-03-14T01:43:28+00:00,api/error,3.33,1,1,SYSTEM_ERROR
2026-03-14T01:43:28+00:00,api/normal,1.54,0,1,none
2026-03-14T01:43:28+00:00,api/normal,1.21,0,1,none
2026-03-14T01:43:30+00:00,api/slow,1962.65,0,1,none
2026-03-14T01:43:30+00:00,api/error,2.55,1,1,SYSTEM_ERROR
2026-03-14T01:43:32+00:00,api/slow,1860.85,0,1,none
2026-03-14T01:43:32+00:00,api/error,8.02,1,1,SYSTEM_ERROR
2026-03-14T01:43:32+00:00,api/normal,2.85,0,1,none
2026-03-14T01:43:33+00:00,api/slow,1340.39,0,1,none
2026-03-14T01:43:33+00:00,api/normal,1.3,0,1,none
2026-03-14T01:43:33+00:00,api/normal,1.58,0,1,none
2026-03-14T01:43:33+00:00,api/normal,1.46,0,1,none
2026-03-14T01:43:33+00:00,api/validate,3.51,1,1,UNKNOWN
2026-03-14T01:43:33+00:00,api/normal,2.01,0,1,none
2026-03-14T01:43:35+00:00,api/slow,1166.26,0,1,none
2026-03-14T01:43:35+00:00,api/normal,2.01,0,1,none
2026-03-14T01:43:35+00:00,api/normal,0.66,0,1,none
2026-03-14T01:43:35+00:00,api/validate,3.5,1,1,UNKNOWN
2026-03-14T01:43:35+00:00,api/normal,0.84,0,1,none
2026-03-14T01:43:35+00:00,api/normal,0.87,0,1,none
2026-03-14T01:43:35+00:00,api/normal,0.89,0,1,none
2026-03-14T01:43:35+00:00,api/normal,1.06,0,1,none
2026-03-14T01:43:36+00:00,api/slow,1301.04,0,1,none
2026-03-14T01:43:36+00:00,api/normal,1.67,0,1,none
2026-03-14T01:43:36+00:00,api/normal,1.34,0,1,none
2026-03-14T01:43:38+00:00,api/slow,1591.25,0,1,none
2026-03-14T01:43:38+00:00,api/normal,2.38,0,1,none
2026-03-14T01:43:38+00:00,api/normal,1.01,0,1,none
2026-03-14T01:43:38+00:00,api/normal,1.03,0,1,none
2026-03-14T01:43:38+00:00,api/error,3.09,1,1,SYSTEM_ERROR
2026-03-14T01:43:38+00:00,api/normal,0.85,0,1,none
2026-03-14T01:43:44+00:00,api/slow,6009.14,0,1,TIMEOUT_ERROR
2026-03-14T01:43:44+00:00,api/normal,3.47,0,1,none
2026-03-14T01:43:44+00:00,api/normal,0.93,0,1,none
2026-03-14T01:43:44+00:00,api/normal,1.47,0,1,none
2026-03-14T01:43:44+00:00,api/normal,1.08,0,1,none
2026-03-14T01:43:44+00:00,api/normal,0.89,0,1,none
2026-03-14T01:43:46+00:00,api/slow,1741.69,0,1,none
2026-03-14T01:43:46+00:00,api/normal,1.65,0,1,none
2026-03-14T01:43:46+00:00,api/normal,1.1,0,1,none
2026-03-14T01:43:46+00:00,api/normal,0.86,0,1,none
2026-03-14T01:43:46+00:00,api/normal,0.88,0,1,none
2026-03-14T01:43:48+00:00,api/slow,1583.23,0,1,none
2026-03-14T01:43:48+00:00,api/normal,1.74,0,1,none
2026-03-14T01:43:48+00:00,api/normal,1.42,0,1,none
2026-03-14T01:43:48+00:00,api/db,4.67,0,1,none
2026-03-14T01:43:49+00:00,api/slow,1422.45,0,1,none
2026-03-14T01:43:49+00:00,api/normal,1.05,0,1,none
2026-03-14T01:43:49+00:00,api/normal,1.04,0,1,none
2026-03-14T01:43:49+00:00,api/normal,1.76,0,1,none
2026-03-14T01:43:49+00:00,api/error,7.39,1,1,SYSTEM_ERROR
2026-03-14T01:43:49+00:00,api/normal,0.92,0,1,none
2026-03-14T01:43:49+00:00,api/normal,0.85,0,1,none
2026-03-14T01:43:51+00:00,api/slow,1815.33,0,1,none
2026-03-14T01:43:51+00:00,api/normal,2.94,0,1,none
2026-03-14T01:43:51+00:00,api/normal,1.66,0,1,none
2026-03-14T01:43:51+00:00,api/normal,1.48,0,1,none
2026-03-14T01:43:51+00:00,api/normal,1.97,0,1,none
2026-03-14T01:43:51+00:00,api/normal,1.06,0,1,none
2026-03-14T01:43:53+00:00,api/slow,1595.05,0,1,none
2026-03-14T01:43:53+00:00,api/normal,1.12,0,1,none
2026-03-14T01:43:53+00:00,api/normal,0.86,0,1,none
2026-03-14T01:43:53+00:00,api/normal,0.95,0,1,none
2026-03-14T01:43:53+00:00,api/normal,1.11,0,1,none
2026-03-14T01:43:53+00:00,api/normal,2.13,0,1,none
2026-03-14T01:43:53+00:00,api/normal,1.6,0,1,none
2026-03-14T01:43:53+00:00,api/normal,1.25,0,1,none
2026-03-14T01:43:53+00:00,api/normal,0.81,0,1,none
2026-03-14T01:43:53+00:00,api/error,4.54,1,1,SYSTEM_ERROR
2026-03-14T01:43:53+00:00,api/normal,1.12,0,1,none
2026-03-14T01:43:55+00:00,api/slow,1836.58,0,1,none
2026-03-14T01:43:55+00:00,api/normal,3.5,0,1,none
2026-03-14T01:43:55+00:00,api/normal,1.24,0,1,none
2026-03-14T01:43:55+00:00,api/normal,1.55,0,1,none
2026-03-14T01:43:55+00:00,api/normal,2.45,0,1,none
2026-03-14T01:43:57+00:00,api/slow,1299.22,0,1,none
2026-03-14T01:43:59+00:00,api/slow,1997.26,0,1,none
2026-03-14T01:43:59+00:00,api/normal,3.4,0,1,none
2026-03-14T01:44:00+00:00,api/slow,1149.01,0,1,none
2026-03-14T01:44:05+00:00,api/slow,5001.65,0,1,TIMEOUT_ERROR
2026-03-14T01:44:07+00:00,api/slow,1802.69,0,1,none
2026-03-14T01:44:07+00:00,api/normal,4.39,0,1,none
2026-03-14T01:44:07+00:00,api/error,5.27,1,1,SYSTEM_ERROR
2026-03-14T01:44:13+00:00,api/slow,6015.33,0,1,TIMEOUT_ERROR
2026-03-14T01:44:13+00:00,api/db,22.15,0,1,none
2026-03-14T01:44:13+00:00,api/normal,4.8,0,1,none
2026-03-14T01:44:13+00:00,api/normal,3.49,0,1,none
2026-03-14T01:44:13+00:00,api/normal,1.22,0,1,none
2026-03-14T01:44:20+00:00,api/slow,7015.36,0,1,TIMEOUT_ERROR
2026-03-14T01:44:20+00:00,api/normal,1.17,0,1,none
2026-03-14T01:44:20+00:00,api/normal,0.74,0,1,none
2026-03-14T01:44:20+00:00,api/normal,0.9,0,1,none
2026-03-14T01:44:22+00:00,api/slow,1270.38,0,1,none
2026-03-14T01:44:22+00:00,api/normal,1.09,0,1,none
2026-03-14T01:44:22+00:00,api/normal,1.09,0,1,none
2026-03-14T01:44:23+00:00,api/slow,1716.21,0,1,none
2026-03-14T01:44:24+00:00,api/error,7.57,1,1,SYSTEM_ERROR
2026-03-14T01:44:24+00:00,api/normal,1.01,0,1,none
2026-03-14T01:44:25+00:00,api/slow,1784.63,0,1,none
2026-03-14T01:44:25+00:00,api/error,2.54,1,1,SYSTEM_ERROR
2026-03-14T01:44:25+00:00,api/error,3.69,1,1,SYSTEM_ERROR
2026-03-14T01:44:27+00:00,api/slow,1268.74,0,1,none
2026-03-14T01:44:27+00:00,api/error,2.59,1,1,SYSTEM_ERROR
2026-03-14T01:44:29+00:00,api/slow,1929.1,0,1,none
2026-03-14T01:44:29+00:00,api/normal,1.56,0,1,none
2026-03-14T01:44:29+00:00,api/normal,0.88,0,1,none
2026-03-14T01:44:29+00:00,api/normal,1.14,0,1,none
2026-03-14T01:44:29+00:00,api/normal,1.2,0,1,none
2026-03-14T01:44:29+00:00,api/normal,1.58,0,1,none
2026-03-14T01:44:29+00:00,api/normal,1.09,0,1,none
2026-03-14T01:44:29+00:00,api/normal,1.12,0,1,none
2026-03-14T01:44:29+00:00,api/normal,1.1,0,1,none
2026-03-14T01:44:29+00:00,api/normal,1.66,0,1,none
2026-03-14T01:44:29+00:00,api/normal,1.27,0,1,none
2026-03-14T01:44:31+00:00,api/slow,1755.24,0,1,none
2026-03-14T01:44:31+00:00,api/normal,4.03,0,1,none
2026-03-14T01:44:31+00:00,api/normal,8.74,0,1,none
2026-03-14T01:44:33+00:00,api/slow,1962.29,0,1,none
2026-03-14T01:44:33+00:00,api/normal,4.53,0,1,none
2026-03-14T01:44:35+00:00,api/slow,1504.89,0,1,none
2026-03-14T01:44:35+00:00,api/normal,2.6,0,1,none
2026-03-14T01:44:35+00:00,api/normal,2.25,0,1,none
2026-03-14T01:44:35+00:00,api/normal,0.92,0,1,none
2026-03-14T01:44:35+00:00,api/normal,0.84,0,1,none
2026-03-14T01:44:35+00:00,api/normal,1.36,0,1,none
2026-03-14T01:44:35+00:00,api/normal,0.89,0,1,none
2026-03-14T01:44:35+00:00,api/normal,1.66,0,1,none
2026-03-14T01:44:35+00:00,api/normal,1.84,0,1,none
2026-03-14T01:44:35+00:00,api/normal,1.09,0,1,none
2026-03-14T01:44:35+00:00,api/normal,0.86,0,1,none
2026-03-14T01:44:35+00:00,api/normal,1.9,0,1,none
2026-03-14T01:44:35+00:00,api/normal,1.53,0,1,none
2026-03-14T01:44:35+00:00,api/normal,1.91,0,1,none
2026-03-14T01:44:35+00:00,api/normal,1.43,0,1,none
2026-03-14T01:44:35+00:00,api/db,3.75,0,1,none
2026-03-14T01:44:35+00:00,api/normal,1.28,0,1,none
2026-03-14T01:44:35+00:00,api/normal,1.29,0,1,none
2026-03-14T01:44:35+00:00,api/normal,0.87,0,1,none
2026-03-14T01:44:35+00:00,api/normal,2.8,0,1,none
2026-03-14T01:44:35+00:00,api/normal,1.88,0,1,none
2026-03-14T01:44:35+00:00,api/normal,1.5,0,1,none
2026-03-14T01:44:35+00:00,api/error,2.84,1,1,SYSTEM_ERROR
2026-03-14T01:44:35+00:00,api/normal,1.23,0,1,none
2026-03-14T01:44:37+00:00,api/slow,1799.51,0,1,none
2026-03-14T01:44:37+00:00,api/normal,1.48,0,1,none
2026-03-14T01:44:37+00:00,api/normal,1.23,0,1,none
2026-03-14T01:44:38+00:00,api/slow,1148.62,0,1,none
2026-03-14T01:44:38+00:00,api/normal,2.88,0,1,none
2026-03-14T01:44:40+00:00,api/slow,1513.58,0,1,none
2026-03-14T01:44:40+00:00,api/normal,2.35,0,1,none
2026-03-14T01:44:40+00:00,api/normal,0.81,0,1,none
2026-03-14T01:44:40+00:00,api/normal,0.91,0,1,none
2026-03-14T01:44:40+00:00,api/normal,1.09,0,1,none
2026-03-14T01:44:40+00:00,api/db,5.2,0,1,none
2026-03-14T01:44:40+00:00,api/normal,1.02,0,1,none
2026-03-14T01:44:40+00:00,api/normal,1.51,0,1,none
2026-03-14T01:44:40+00:00,api/error,3.72,1,1,SYSTEM_ERROR
2026-03-14T01:44:40+00:00,api/error,4.35,1,1,SYSTEM_ERROR
2026-03-14T01:44:40+00:00,api/normal,0.97,0,1,none
2026-03-14T01:44:40+00:00,api/normal,0.7,0,1,none
2026-03-14T01:44:40+00:00,api/normal,1.14,0,1,none
2026-03-14T01:44:40+00:00,api/normal,0.91,0,1,none
2026-03-14T01:44:42+00:00,api/slow,1371.42,0,1,none
2026-03-14T01:44:48+00:00,api/slow,6006.09,0,1,TIMEOUT_ERROR
2026-03-14T01:44:48+00:00,api/normal,1.63,0,1,none
2026-03-14T01:44:48+00:00,api/normal,1.02,0,1,none
2026-03-14T01:44:55+00:00,api/slow,7010.98,0,1,TIMEOUT_ERROR
2026-03-14T01:44:55+00:00,api/normal,1.95,0,1,none
2026-03-14T01:44:55+00:00,api/normal,1.62,0,1,none
2026-03-14T01:45:01+00:00,api/slow,6009.55,0,1,TIMEOUT_ERROR
2026-03-14T01:45:01+00:00,api/normal,3.55,0,1,none
2026-03-14T01:45:01+00:00,api/normal,1.51,0,1,none
2026-03-14T01:45:01+00:00,api/normal,1.64,0,1,none
2026-03-14T01:45:01+00:00,api/normal,2.11,0,1,none
2026-03-14T01:45:01+00:00,api/normal,2.55,0,1,none
2026-03-14T01:45:01+00:00,api/normal,1.24,0,1,none
2026-03-14T01:45:01+00:00,api/normal,2,0,1,none
2026-03-14T01:45:01+00:00,api/normal,1.6,0,1,none
2026-03-14T01:45:02+00:00,api/error,4.14,1,1,SYSTEM_ERROR
2026-03-14T01:45:02+00:00,api/normal,1.53,0,1,none
2026-03-14T01:45:02+00:00,api/normal,2.94,0,1,none
2026-03-14T01:45:02+00:00,api/normal,2.88,0,1,none
2026-03-14T01:45:02+00:00,api/normal,0.77,0,1,none
2026-03-14T01:45:02+00:00,api/normal,2.67,0,1,none
2026-03-14T01:45:03+00:00,api/slow,1496.52,0,1,none
2026-03-14T01:45:03+00:00,api/normal,1.88,0,1,none
2026-03-14T01:45:03+00:00,api/error,2.67,1,1,SYSTEM_ERROR
2026-03-14T01:45:03+00:00,api/normal,3.02,0,1,none
2026-03-14T01:45:03+00:00,api/db,27.96,0,1,none
2026-03-14T01:45:03+00:00,api/normal,1.82,0,1,none
2026-03-14T01:45:04+00:00,api/normal,0.78,0,1,none
2026-03-14T01:45:10+00:00,api/slow,6003.37,0,1,TIMEOUT_ERROR
2026-03-14T01:45:10+00:00,api/normal,2.53,0,1,none
2026-03-14T01:45:10+00:00,api/normal,0.94,0,1,none
2026-03-14T01:45:10+00:00,api/normal,1.85,0,1,none
2026-03-14T01:45:10+00:00,api/normal,1.84,0,1,none
2026-03-14T01:45:10+00:00,api/normal,1.5,0,1,none
2026-03-14T01:45:12+00:00,api/slow,1824.34,0,1,none
2026-03-14T01:45:12+00:00,api/normal,1.5,0,1,none
2026-03-14T01:45:12+00:00,api/normal,2.33,0,1,none
2026-03-14T01:45:12+00:00,api/normal,0.86,0,1,none
2026-03-14T01:45:13+00:00,api/slow,1428.96,0,1,none
2026-03-14T01:45:13+00:00,api/normal,5.08,0,1,none
2026-03-14T01:45:19+00:00,api/slow,6006.83,0,1,TIMEOUT_ERROR
2026-03-14T01:45:21+00:00,api/slow,1380.97,0,1,none
2026-03-14T01:45:21+00:00,api/normal,1.29,0,1,none
2026-03-14T01:45:21+00:00,api/normal,1.09,0,1,none
2026-03-14T01:45:21+00:00,api/normal,0.92,0,1,none
2026-03-14T01:45:21+00:00,api/db,5.03,0,1,none
2026-03-14T01:45:21+00:00,api/normal,1.14,0,1,none
2026-03-14T01:45:21+00:00,api/normal,1.04,0,1,none
2026-03-14T01:45:21+00:00,api/normal,0.91,0,1,none
2026-03-14T01:45:21+00:00,api/normal,2.16,0,1,none
2026-03-14T01:45:21+00:00,api/normal,6.91,0,1,none
2026-03-14T01:45:21+00:00,api/normal,1.17,0,1,none
2026-03-14T01:45:21+00:00,api/normal,2.83,0,1,none
2026-03-14T01:45:21+00:00,api/normal,2.7,0,1,none
2026-03-14T01:45:21+00:00,api/normal,2.08,0,1,none
2026-03-14T01:45:22+00:00,api/slow,1096.77,0,1,none
2026-03-14T01:45:22+00:00,api/normal,1.26,0,1,none
2026-03-14T01:45:22+00:00,api/normal,1.1,0,1,none
2026-03-14T01:45:22+00:00,api/normal,1.01,0,1,none
2026-03-14T01:45:24+00:00,api/slow,1187.44,0,1,none
2026-03-14T01:45:24+00:00,api/normal,1.53,0,1,none
2026-03-14T01:45:24+00:00,api/normal,1.32,0,1,none
2026-03-14T01:45:26+00:00,api/slow,1802.86,0,1,none
2026-03-14T01:45:26+00:00,api/normal,1.47,0,1,none
2026-03-14T01:45:26+00:00,api/error,5.5,1,1,SYSTEM_ERROR
2026-03-14T01:45:26+00:00,api/normal,2.3,0,1,none
2026-03-14T01:45:26+00:00,api/normal,1.87,0,1,none
2026-03-14T01:45:26+00:00,api/db,4.36,0,1,none
2026-03-14T01:45:26+00:00,api/normal,1.59,0,1,none
2026-03-14T01:45:26+00:00,api/normal,1.34,0,1,none
2026-03-14T01:45:26+00:00,api/normal,1.07,0,1,none
2026-03-14T01:45:26+00:00,api/normal,1.47,0,1,none
2026-03-14T01:45:26+00:00,api/normal,1.06,0,1,none
2026-03-14T01:45:26+00:00,api/normal,1.19,0,1,none
2026-03-14T01:45:26+00:00,api/normal,1.46,0,1,none
2026-03-14T01:45:26+00:00,api/normal,0.88,0,1,none
2026-03-14T01:45:26+00:00,api/normal,3.03,0,1,none
2026-03-14T01:45:26+00:00,api/normal,0.94,0,1,none
2026-03-14T01:45:26+00:00,api/normal,1.04,0,1,none
2026-03-14T01:45:27+00:00,api/slow,1111.07,0,1,none
2026-03-14T01:45:29+00:00,api/slow,1592.61,0,1,none
2026-03-14T01:45:29+00:00,api/db,5.9,0,1,none
2026-03-14T01:45:29+00:00,api/normal,0.89,0,1,none
2026-03-14T01:45:29+00:00,api/normal,2.01,0,1,none
2026-03-14T01:45:29+00:00,api/normal,0.65,0,1,none
2026-03-14T01:45:29+00:00,api/normal,1.51,0,1,none
2026-03-14T01:45:29+00:00,api/normal,0.79,0,1,none
2026-03-14T01:45:29+00:00,api/error,2.9,1,1,SYSTEM_ERROR
2026-03-14T01:45:29+00:00,api/normal,1.17,0,1,none
2026-03-14T01:45:29+00:00,api/normal,1.54,0,1,none
2026-03-14T01:45:31+00:00,api/slow,1918.16,0,1,none
2026-03-14T01:45:31+00:00,api/normal,3.67,0,1,none
2026-03-14T01:45:31+00:00,api/normal,1.25,0,1,none
2026-03-14T01:45:31+00:00,api/normal,1.22,0,1,none
2026-03-14T01:45:32+00:00,api/slow,1131.06,0,1,none
2026-03-14T01:45:32+00:00,api/normal,1.08,0,1,none
2026-03-14T01:45:32+00:00,api/normal,1.22,0,1,none
2026-03-14T01:45:32+00:00,api/normal,1.42,0,1,none
2026-03-14T01:45:34+00:00,api/slow,1774.96,0,1,none
2026-03-14T01:45:34+00:00,api/error,2.67,1,1,SYSTEM_ERROR
2026-03-14T01:45:34+00:00,api/normal,1.81,0,1,none
2026-03-14T01:45:39+00:00,api/slow,5003.13,0,1,TIMEOUT_ERROR
2026-03-14T01:45:39+00:00,api/normal,5.81,0,1,none
2026-03-14T01:45:39+00:00,api/normal,0.87,0,1,none
2026-03-14T01:45:40+00:00,api/normal,0.84,0,1,none
2026-03-14T01:45:41+00:00,api/slow,1512.64,0,1,none
2026-03-14T01:45:41+00:00,api/error,5.69,1,1,SYSTEM_ERROR
2026-03-14T01:45:43+00:00,api/slow,1357.34,0,1,none
2026-03-14T01:45:43+00:00,api/normal,0.96,0,1,none
2026-03-14T01:45:43+00:00,api/normal,0.85,0,1,none
2026-03-14T01:45:44+00:00,api/slow,1782.92,0,1,none
2026-03-14T01:45:44+00:00,api/normal,1.03,0,1,none
2026-03-14T01:45:44+00:00,api/normal,0.79,0,1,none
2026-03-14T01:45:46+00:00,api/slow,1055.59,0,1,none
2026-03-14T01:45:47+00:00,api/slow,1346.68,0,1,none
2026-03-14T01:45:47+00:00,api/error,2.34,1,1,SYSTEM_ERROR
2026-03-14T01:45:47+00:00,api/normal,0.86,0,1,none
2026-03-14T01:45:47+00:00,api/normal,0.69,0,1,none
2026-03-14T01:45:47+00:00,api/normal,1.5,0,1,none
2026-03-14T01:45:47+00:00,api/normal,1.38,0,1,none
2026-03-14T01:45:47+00:00,api/error,2.51,1,1,SYSTEM_ERROR
2026-03-14T01:45:49+00:00,api/slow,1989.15,0,1,none
2026-03-14T01:45:49+00:00,api/normal,1.58,0,1,none
2026-03-14T01:45:49+00:00,api/normal,1.95,0,1,none
2026-03-14T01:45:49+00:00,api/normal,0.92,0,1,none
2026-03-14T01:45:51+00:00,api/slow,1625.19,0,1,none
2026-03-14T01:45:51+00:00,api/normal,2.02,0,1,none
2026-03-14T01:45:51+00:00,api/normal,0.79,0,1,none
2026-03-14T01:45:56+00:00,api/slow,5015.4,0,1,TIMEOUT_ERROR
2026-03-14T01:45:56+00:00,api/normal,1.03,0,1,none
2026-03-14T01:45:56+00:00,api/normal,0.87,0,1,none
2026-03-14T01:45:56+00:00,api/normal,1.05,0,1,none
2026-03-14T01:45:56+00:00,api/normal,0.9,0,1,none
2026-03-14T01:45:56+00:00,api/error,6.17,1,1,SYSTEM_ERROR
2026-03-14T01:45:56+00:00,api/error,2.32,1,1,SYSTEM_ERROR
2026-03-14T01:45:56+00:00,api/validate,2.74,1,1,UNKNOWN
2026-03-14T01:45:56+00:00,api/normal,0.91,0,1,none
2026-03-14T01:45:56+00:00,api/error,2.31,1,1,SYSTEM_ERROR
2026-03-14T01:45:56+00:00,api/normal,0.65,0,1,none
2026-03-14T01:45:56+00:00,api/normal,0.68,0,1,none
2026-03-14T01:45:56+00:00,api/normal,0.9,0,1,none
2026-03-14T01:45:56+00:00,api/db,3.77,0,1,none
2026-03-14T01:45:56+00:00,api/normal,1.24,0,1,none
2026-03-14T01:45:58+00:00,api/slow,1482.77,0,1,none
2026-03-14T01:46:00+00:00,api/slow,1796.53,0,1,none
2026-03-14T01:46:00+00:00,api/normal,1.56,0,1,none
2026-03-14T01:46:01+00:00,api/slow,1587.55,0,1,none
2026-03-14T01:46:01+00:00,api/normal,1.53,0,1,none
2026-03-14T01:46:01+00:00,api/normal,1.18,0,1,none
2026-03-14T01:46:01+00:00,api/normal,2.67,0,1,none
2026-03-14T01:46:01+00:00,api/normal,1.57,0,1,none
2026-03-14T01:46:01+00:00,api/validate,3.87,1,1,UNKNOWN
2026-03-14T01:46:01+00:00,api/normal,1.29,0,1,none
2026-03-14T01:46:02+00:00,api/normal,1.15,0,1,none
2026-03-14T01:46:03+00:00,api/slow,1641.45,0,1,none
2026-03-14T01:46:03+00:00,api/error,8.68,1,1,SYSTEM_ERROR
2026-03-14T01:46:05+00:00,api/slow,1392.34,0,1,none
2026-03-14T01:46:05+00:00,api/normal,1.29,0,1,none
2026-03-14T01:46:06+00:00,api/slow,1707.13,0,1,none
2026-03-14T01:46:07+00:00,api/slow,1015.08,0,1,none
2026-03-14T01:46:07+00:00,api/normal,1.19,0,1,none
2026-03-14T01:46:08+00:00,api/normal,1.2,0,1,none
2026-03-14T01:46:08+00:00,api/normal,0.96,0,1,none
2026-03-14T01:46:08+00:00,api/normal,2.15,0,1,none
2026-03-14T01:46:14+00:00,api/slow,6010.77,0,1,TIMEOUT_ERROR
2026-03-14T01:46:14+00:00,api/normal,1.32,0,1,none
2026-03-14T01:46:14+00:00,api/normal,0.9,0,1,none
2026-03-14T01:46:14+00:00,api/normal,0.88,0,1,none
2026-03-14T01:46:14+00:00,api/error,2.92,1,1,SYSTEM_ERROR
2026-03-14T01:46:15+00:00,api/slow,1233.79,0,1,none
2026-03-14T01:46:15+00:00,api/normal,1.07,0,1,none
2026-03-14T01:46:15+00:00,api/normal,1.14,0,1,none
2026-03-14T01:46:15+00:00,api/error,3.99,1,1,SYSTEM_ERROR
2026-03-14T01:46:15+00:00,api/normal,0.96,0,1,none
2026-03-14T01:46:15+00:00,api/normal,1.97,0,1,none
2026-03-14T01:46:15+00:00,api/normal,0.9,0,1,none
2026-03-14T01:46:15+00:00,api/normal,1.1,0,1,none
2026-03-14T01:46:15+00:00,api/normal,1.89,0,1,none
2026-03-14T01:46:15+00:00,api/normal,2.75,0,1,none
2026-03-14T01:46:15+00:00,api/normal,1.06,0,1,none
2026-03-14T01:46:15+00:00,api/normal,1.78,0,1,none
2026-03-14T01:46:17+00:00,api/slow,1713.61,0,1,none
2026-03-14T01:46:17+00:00,api/normal,1.94,0,1,none
2026-03-14T01:46:17+00:00,api/normal,2.7,0,1,none
2026-03-14T01:46:17+00:00,api/normal,2.37,0,1,none
2026-03-14T01:46:22+00:00,api/slow,5002.28,0,1,TIMEOUT_ERROR
2026-03-14T01:46:22+00:00,api/normal,1.65,0,1,none
2026-03-14T01:46:22+00:00,api/normal,0.72,0,1,none
2026-03-14T01:46:22+00:00,api/normal,0.7,0,1,none
2026-03-14T01:46:22+00:00,api/normal,0.68,0,1,none
2026-03-14T01:46:29+00:00,api/slow,7015.08,0,1,TIMEOUT_ERROR
2026-03-14T01:46:29+00:00,api/normal,2.26,0,1,none
2026-03-14T01:46:29+00:00,api/normal,1.09,0,1,none
2026-03-14T01:46:30+00:00,api/normal,3.26,0,1,none
2026-03-14T01:46:31+00:00,api/slow,1739.19,0,1,none
2026-03-14T01:46:31+00:00,api/normal,1.46,0,1,none
2026-03-14T01:46:33+00:00,api/slow,1306.23,0,1,none
2026-03-14T01:46:33+00:00,api/normal,1.49,0,1,none
2026-03-14T01:46:33+00:00,api/normal,0.79,0,1,none
2026-03-14T01:46:33+00:00,api/normal,0.91,0,1,none
2026-03-14T01:46:33+00:00,api/normal,1.28,0,1,none
2026-03-14T01:46:34+00:00,api/slow,1121.22,0,1,none
2026-03-14T01:46:34+00:00,api/normal,1.07,0,1,none
2026-03-14T01:46:34+00:00,api/normal,2.13,0,1,none
2026-03-14T01:46:34+00:00,api/normal,1.07,0,1,none
2026-03-14T01:46:39+00:00,api/slow,5010.94,0,1,TIMEOUT_ERROR
2026-03-14T01:46:39+00:00,api/normal,1.07,0,1,none
2026-03-14T01:46:39+00:00,api/normal,0.92,0,1,none
2026-03-14T01:46:39+00:00,api/normal,0.75,0,1,none
2026-03-14T01:46:39+00:00,api/normal,1.54,0,1,none
2026-03-14T01:46:39+00:00,api/normal,0.77,0,1,none
2026-03-14T01:46:39+00:00,api/normal,1.1,0,1,none
2026-03-14T01:46:39+00:00,api/normal,1,0,1,none
2026-03-14T01:46:39+00:00,api/normal,1.31,0,1,none
2026-03-14T01:46:39+00:00,api/normal,0.66,0,1,none
2026-03-14T01:46:39+00:00,api/normal,1.04,0,1,none
2026-03-14T01:46:39+00:00,api/normal,1.3,0,1,none
2026-03-14T01:46:39+00:00,api/normal,0.73,0,1,none
2026-03-14T01:46:41+00:00,api/slow,1268.06,0,1,none
2026-03-14T01:46:41+00:00,api/normal,0.83,0,1,none
2026-03-14T01:46:41+00:00,api/normal,0.92,0,1,none
2026-03-14T01:46:41+00:00,api/normal,1.11,0,1,none
2026-03-14T01:46:41+00:00,api/normal,1.33,0,1,none
2026-03-14T01:46:41+00:00,api/normal,0.94,0,1,none
2026-03-14T01:46:41+00:00,api/normal,1.2,0,1,none
2026-03-14T01:46:41+00:00,api/normal,1.12,0,1,none
2026-03-14T01:46:41+00:00,api/normal,0.82,0,1,none
2026-03-14T01:46:41+00:00,api/normal,0.95,0,1,none
2026-03-14T01:46:43+00:00,api/slow,1906.74,0,1,none
2026-03-14T01:46:43+00:00,api/validate,5.23,1,1,UNKNOWN
2026-03-14T01:46:43+00:00,api/normal,1.2,0,1,none
2026-03-14T01:46:45+00:00,api/slow,1933.14,0,1,none
2026-03-14T01:46:47+00:00,api/slow,2004.3,0,1,none
2026-03-14T01:46:49+00:00,api/slow,1726.88,0,1,none
2026-03-14T01:46:49+00:00,api/normal,0.85,0,1,none
2026-03-14T01:46:49+00:00,api/normal,1.02,0,1,none
2026-03-14T01:46:49+00:00,api/normal,1.41,0,1,none
2026-03-14T01:46:56+00:00,api/slow,7013.64,0,1,TIMEOUT_ERROR
2026-03-14T01:46:56+00:00,api/normal,0.93,0,1,none
2026-03-14T01:46:56+00:00,api/normal,1.04,0,1,none
2026-03-14T01:46:56+00:00,api/normal,1.09,0,1,none
2026-03-14T01:46:56+00:00,api/normal,1.32,0,1,none
2026-03-14T01:46:56+00:00,api/normal,0.83,0,1,none
2026-03-14T01:46:56+00:00,api/normal,0.89,0,1,none
2026-03-14T01:46:56+00:00,api/normal,1.04,0,1,none
2026-03-14T01:46:56+00:00,api/normal,1.59,0,1,none
2026-03-14T01:46:56+00:00,api/normal,1.09,0,1,none
2026-03-14T01:46:56+00:00,api/normal,1.12,0,1,none
2026-03-14T01:46:56+00:00,api/normal,0.82,0,1,none
2026-03-14T01:47:03+00:00,api/slow,7004.35,0,1,TIMEOUT_ERROR
2026-03-14T01:47:03+00:00,api/normal,1.35,0,1,none
2026-03-14T01:47:05+00:00,api/slow,1648.26,0,1,none
2026-03-14T01:47:05+00:00,api/normal,1.09,0,1,none
2026-03-14T01:47:05+00:00,api/normal,0.59,0,1,none
2026-03-14T01:47:05+00:00,api/normal,0.85,0,1,none
2026-03-14T01:47:05+00:00,api/normal,1.12,0,1,none
2026-03-14T01:47:05+00:00,api/normal,0.95,0,1,none
2026-03-14T01:47:12+00:00,api/slow,7010.4,0,1,TIMEOUT_ERROR
2026-03-14T01:47:12+00:00,api/normal,1.83,0,1,none
2026-03-14T01:47:14+00:00,api/slow,1794.4,0,1,none
2026-03-14T01:47:14+00:00,api/normal,0.81,0,1,none
2026-03-14T01:47:14+00:00,api/normal,1.02,0,1,none
2026-03-14T01:47:14+00:00,api/normal,0.92,0,1,none
2026-03-14T01:47:16+00:00,api/slow,1783.32,0,1,none
2026-03-14T01:47:16+00:00,api/normal,1.84,0,1,none
2026-03-14T01:47:17+00:00,api/slow,1345.91,0,1,none
2026-03-14T01:47:17+00:00,api/normal,1.01,0,1,none
2026-03-14T01:47:17+00:00,api/normal,1.13,0,1,none
2026-03-14T01:47:17+00:00,api/normal,0.59,0,1,none
2026-03-14T01:47:17+00:00,api/normal,0.73,0,1,none
2026-03-14T01:47:17+00:00,api/db,3.88,0,1,none
2026-03-14T01:47:17+00:00,api/normal,0.94,0,1,none
2026-03-14T01:47:17+00:00,api/normal,0.87,0,1,none
2026-03-14T01:47:17+00:00,api/normal,1.15,0,1,none
2026-03-14T01:47:17+00:00,api/normal,1,0,1,none
2026-03-14T01:47:17+00:00,api/normal,0.79,0,1,none
2026-03-14T01:47:17+00:00,api/normal,1.34,0,1,none
2026-03-14T01:47:17+00:00,api/normal,0.91,0,1,none
2026-03-14T01:47:17+00:00,api/normal,0.76,0,1,none
2026-03-14T01:47:17+00:00,api/normal,0.87,0,1,none
2026-03-14T01:47:17+00:00,api/normal,1.43,0,1,none
2026-03-14T01:47:19+00:00,api/slow,1582.19,0,1,none
2026-03-14T01:47:19+00:00,api/normal,0.98,0,1,none
2026-03-14T01:47:19+00:00,api/normal,0.95,0,1,none
2026-03-14T01:47:19+00:00,api/error,2.41,1,1,SYSTEM_ERROR
2026-03-14T01:47:19+00:00,api/normal,0.79,0,1,none
2026-03-14T01:47:19+00:00,api/normal,0.97,0,1,none
2026-03-14T01:47:19+00:00,api/normal,0.9,0,1,none
2026-03-14T01:47:20+00:00,api/slow,1058.97,0,1,none
2026-03-14T01:47:22+00:00,api/slow,1500,0,1,none
2026-03-14T01:47:22+00:00,api/normal,2.96,0,1,none
2026-03-14T01:47:22+00:00,api/normal,1.06,0,1,none
2026-03-14T01:47:22+00:00,api/normal,0.94,0,1,none
2026-03-14T01:47:22+00:00,api/normal,1.19,0,1,none
2026-03-14T01:47:22+00:00,api/normal,0.88,0,1,none
2026-03-14T01:47:22+00:00,api/normal,1.72,0,1,none
2026-03-14T01:47:22+00:00,api/normal,1.26,0,1,none
2026-03-14T01:47:23+00:00,api/slow,1605.08,0,1,none
2026-03-14T01:47:24+00:00,api/normal,1.47,0,1,none
2026-03-14T01:47:24+00:00,api/normal,1.11,0,1,none
2026-03-14T01:47:24+00:00,api/normal,1.05,0,1,none
2026-03-14T01:47:24+00:00,api/error,2.35,1,1,SYSTEM_ERROR
2026-03-14T01:47:24+00:00,api/normal,0.86,0,1,none
2026-03-14T01:47:24+00:00,api/normal,1.11,0,1,none
2026-03-14T01:47:24+00:00,api/error,2.52,1,1,SYSTEM_ERROR
2026-03-14T01:47:25+00:00,api/slow,1214.33,0,1,none
2026-03-14T01:47:25+00:00,api/normal,1.7,0,1,none
2026-03-14T01:47:25+00:00,api/normal,1.15,0,1,none
2026-03-14T01:47:25+00:00,api/normal,1.06,0,1,none
2026-03-14T01:47:25+00:00,api/normal,1.19,0,1,none
2026-03-14T01:47:25+00:00,api/normal,0.94,0,1,none
2026-03-14T01:47:25+00:00,api/normal,1.05,0,1,none
2026-03-14T01:47:30+00:00,api/slow,5008.25,0,1,TIMEOUT_ERROR
2026-03-14T01:47:30+00:00,api/normal,1.76,0,1,none
2026-03-14T01:47:30+00:00,api/normal,1.12,0,1,none
2026-03-14T01:47:35+00:00,api/slow,5002.36,0,1,TIMEOUT_ERROR
2026-03-14T01:47:37+00:00,api/slow,1815.03,0,1,none
2026-03-14T01:47:37+00:00,api/normal,0.93,0,1,none
2026-03-14T01:47:37+00:00,api/normal,0.89,0,1,none
2026-03-14T01:47:44+00:00,api/slow,7006.08,0,1,TIMEOUT_ERROR
2026-03-14T01:47:44+00:00,api/error,5.58,1,1,SYSTEM_ERROR
2026-03-14T01:47:44+00:00,api/db,3.79,0,1,none
2026-03-14T01:47:46+00:00,api/slow,1789.26,0,1,none
2026-03-14T01:47:46+00:00,api/normal,0.95,0,1,none
2026-03-14T01:47:46+00:00,api/normal,0.85,0,1,none
2026-03-14T01:47:46+00:00,api/normal,0.76,0,1,none
2026-03-14T01:47:46+00:00,api/normal,0.67,0,1,none
2026-03-14T01:47:46+00:00,api/normal,0.82,0,1,none
2026-03-14T01:47:46+00:00,api/normal,0.88,0,1,none
2026-03-14T01:47:46+00:00,api/normal,0.93,0,1,none
2026-03-14T01:47:48+00:00,api/slow,1579.96,0,1,none
2026-03-14T01:47:48+00:00,api/normal,2.22,0,1,none
2026-03-14T01:47:48+00:00,api/normal,0.84,0,1,none
2026-03-14T01:47:48+00:00,api/normal,0.83,0,1,none
2026-03-14T01:47:48+00:00,api/normal,0.84,0,1,none
2026-03-14T01:47:48+00:00,api/normal,0.79,0,1,none
2026-03-14T01:47:48+00:00,api/error,2.73,1,1,SYSTEM_ERROR
2026-03-14T01:47:49+00:00,api/slow,1200.89,0,1,none
2026-03-14T01:47:49+00:00,api/normal,1.09,0,1,none
2026-03-14T01:47:49+00:00,api/db,3.16,0,1,none
2026-03-14T01:47:49+00:00,api/normal,1.25,0,1,none
2026-03-14T01:47:51+00:00,api/slow,1425.37,0,1,none
2026-03-14T01:47:52+00:00,api/slow,1271.2,0,1,none
2026-03-14T01:47:52+00:00,api/normal,1.16,0,1,none
2026-03-14T01:47:52+00:00,api/error,2.76,1,1,SYSTEM_ERROR
2026-03-14T01:47:52+00:00,api/normal,0.89,0,1,none
2026-03-14T01:47:52+00:00,api/normal,1.06,0,1,none
2026-03-14T01:47:52+00:00,api/error,3.26,1,1,SYSTEM_ERROR
2026-03-14T01:47:52+00:00,api/normal,1.15,0,1,none
2026-03-14T01:47:52+00:00,api/normal,1.04,0,1,none
2026-03-14T01:47:52+00:00,api/db,3.14,0,1,none
2026-03-14T01:47:52+00:00,api/normal,0.81,0,1,none
2026-03-14T01:47:52+00:00,api/normal,1.14,0,1,none
2026-03-14T01:47:52+00:00,api/normal,1.28,0,1,none
2026-03-14T01:47:52+00:00,api/normal,0.99,0,1,none
2026-03-14T01:47:52+00:00,api/normal,1.44,0,1,none
2026-03-14T01:47:52+00:00,api/normal,1.07,0,1,none
2026-03-14T01:47:52+00:00,api/normal,2.17,0,1,none
2026-03-14T01:47:52+00:00,api/normal,1.58,0,1,none
2026-03-14T01:47:52+00:00,api/normal,0.9,0,1,none
2026-03-14T01:47:58+00:00,api/slow,6007.28,0,1,TIMEOUT_ERROR
2026-03-14T01:47:58+00:00,api/normal,1.68,0,1,none
2026-03-14T01:47:58+00:00,api/normal,1.21,0,1,none
2026-03-14T01:48:05+00:00,api/slow,7004.29,0,1,TIMEOUT_ERROR
2026-03-14T01:48:05+00:00,api/normal,2.01,0,1,none
2026-03-14T01:48:06+00:00,api/normal,1.11,0,1,none
2026-03-14T01:48:06+00:00,api/normal,1.17,0,1,none
2026-03-14T01:48:08+00:00,api/slow,1956.35,0,1,none
2026-03-14T01:48:08+00:00,api/validate,6.64,1,1,UNKNOWN
2026-03-14T01:48:08+00:00,api/normal,1.15,0,1,none
2026-03-14T01:48:08+00:00,api/normal,1.02,0,1,none
2026-03-14T01:48:08+00:00,api/normal,1.1,0,1,none
2026-03-14T01:48:08+00:00,api/normal,1.35,0,1,none
2026-03-14T01:48:08+00:00,api/normal,1.23,0,1,none
2026-03-14T01:48:08+00:00,api/normal,0.98,0,1,none
2026-03-14T01:48:08+00:00,api/error,2.44,1,1,SYSTEM_ERROR
2026-03-14T01:48:08+00:00,api/normal,1.63,0,1,none
2026-03-14T01:48:08+00:00,api/error,2.86,1,1,SYSTEM_ERROR
2026-03-14T01:48:08+00:00,api/normal,1.18,0,1,none
2026-03-14T01:48:08+00:00,api/normal,1.43,0,1,none
2026-03-14T01:48:08+00:00,api/normal,1.71,0,1,none
2026-03-14T01:48:08+00:00,api/normal,1.3,0,1,none
2026-03-14T01:48:08+00:00,api/normal,0.95,0,1,none
2026-03-14T01:48:08+00:00,api/normal,1.26,0,1,none
2026-03-14T01:48:08+00:00,api/error,2.97,1,1,SYSTEM_ERROR
2026-03-14T01:48:08+00:00,api/normal,1.31,0,1,none
2026-03-14T01:48:08+00:00,api/error,2.79,1,1,SYSTEM_ERROR
2026-03-14T01:48:08+00:00,api/normal,1.13,0,1,none
2026-03-14T01:48:08+00:00,api/normal,1.13,0,1,none
2026-03-14T01:48:08+00:00,api/normal,0.67,0,1,none
2026-03-14T01:48:08+00:00,api/normal,1.2,0,1,none
2026-03-14T01:48:08+00:00,api/normal,0.9,0,1,none
2026-03-14T01:48:08+00:00,api/normal,0.95,0,1,none
2026-03-14T01:48:08+00:00,api/normal,1.17,0,1,none
2026-03-14T01:48:08+00:00,api/db,3.79,0,1,none
2026-03-14T01:48:10+00:00,api/slow,1496.32,0,1,none
2026-03-14T01:48:10+00:00,api/normal,1.24,0,1,none
2026-03-14T01:48:11+00:00,api/slow,1378.45,0,1,none
2026-03-14T01:48:11+00:00,api/normal,2.9,0,1,none
2026-03-14T01:48:11+00:00,api/normal,1.06,0,1,none
2026-03-14T01:48:11+00:00,api/normal,1.57,0,1,none
2026-03-14T01:48:11+00:00,api/normal,1.54,0,1,none
2026-03-14T01:48:11+00:00,api/normal,0.71,0,1,none
2026-03-14T01:48:11+00:00,api/normal,1.8,0,1,none
2026-03-14T01:48:11+00:00,api/normal,1.26,0,1,none
2026-03-14T01:48:13+00:00,api/slow,1181.88,0,1,none
2026-03-14T01:48:13+00:00,api/error,3.36,1,1,SYSTEM_ERROR
2026-03-14T01:48:13+00:00,api/normal,1.24,0,1,none
2026-03-14T01:48:13+00:00,api/normal,0.97,0,1,none
2026-03-14T01:48:13+00:00,api/normal,1.09,0,1,none
2026-03-14T01:48:13+00:00,api/error,3.19,1,1,SYSTEM_ERROR
2026-03-14T01:48:14+00:00,api/slow,1433.22,0,1,none
2026-03-14T01:48:14+00:00,api/normal,1.71,0,1,none
2026-03-14T01:48:14+00:00,api/error,3.08,1,1,SYSTEM_ERROR
2026-03-14T01:48:14+00:00,api/normal,1.81,0,1,none
2026-03-14T01:48:14+00:00,api/normal,1.02,0,1,none
2026-03-14T01:48:14+00:00,api/normal,0.85,0,1,none
2026-03-14T01:48:16+00:00,api/slow,1423.53,0,1,none
2026-03-14T01:48:16+00:00,api/normal,1.47,0,1,none
2026-03-14T01:48:16+00:00,api/normal,1.09,0,1,none
2026-03-14T01:48:16+00:00,api/error,3.8,1,1,SYSTEM_ERROR
2026-03-14T01:48:22+00:00,api/slow,6003.08,0,1,TIMEOUT_ERROR
2026-03-14T01:48:22+00:00,api/normal,1.52,0,1,none
2026-03-14T01:48:22+00:00,api/normal,0.55,0,1,none
2026-03-14T01:48:22+00:00,api/normal,0.74,0,1,none
2026-03-14T01:48:22+00:00,api/normal,0.99,0,1,none
2026-03-14T01:48:22+00:00,api/normal,0.68,0,1,none
2026-03-14T01:48:22+00:00,api/normal,0.89,0,1,none
2026-03-14T01:48:24+00:00,api/slow,1626.12,0,1,none
2026-03-14T01:48:24+00:00,api/normal,1.7,0,1,none
2026-03-14T01:48:24+00:00,api/normal,1.57,0,1,none
2026-03-14T01:48:24+00:00,api/normal,1.37,0,1,none
2026-03-14T01:48:24+00:00,api/normal,1.23,0,1,none
2026-03-14T01:48:24+00:00,api/normal,0.79,0,1,none
2026-03-14T01:48:24+00:00,api/normal,0.84,0,1,none
2026-03-14T01:48:24+00:00,api/normal,0.62,0,1,none
2026-03-14T01:48:24+00:00,api/validate,2.85,1,1,UNKNOWN
2026-03-14T01:48:24+00:00,api/normal,1.01,0,1,none
2026-03-14T01:48:24+00:00,api/normal,1,0,1,none
2026-03-14T01:48:24+00:00,api/normal,1.11,0,1,none
2026-03-14T01:48:24+00:00,api/db,4.24,0,1,none
2026-03-14T01:48:26+00:00,api/slow,1674.28,0,1,none
2026-03-14T01:48:26+00:00,api/normal,1.1,0,1,none
2026-03-14T01:48:26+00:00,api/normal,0.55,0,1,none
2026-03-14T01:48:26+00:00,api/normal,1.15,0,1,none
2026-03-14T01:48:26+00:00,api/normal,1.59,0,1,none
2026-03-14T01:48:26+00:00,api/normal,1.16,0,1,none
2026-03-14T01:48:27+00:00,api/slow,1527.07,0,1,none
2026-03-14T01:48:28+00:00,api/normal,1.04,0,1,none
2026-03-14T01:48:28+00:00,api/normal,0.86,0,1,none
2026-03-14T01:48:28+00:00,api/normal,1.52,0,1,none
2026-03-14T01:48:28+00:00,api/error,1.87,1,1,SYSTEM_ERROR
2026-03-14T01:48:28+00:00,api/normal,0.83,0,1,none
2026-03-14T01:48:28+00:00,api/normal,0.93,0,1,none
2026-03-14T01:48:28+00:00,api/normal,0.91,0,1,none
2026-03-14T01:48:28+00:00,api/normal,1.14,0,1,none
2026-03-14T01:48:28+00:00,api/normal,0.9,0,1,none
2026-03-14T01:48:28+00:00,api/normal,1.07,0,1,none
2026-03-14T01:48:28+00:00,api/normal,0.72,0,1,none
2026-03-14T01:48:30+00:00,api/slow,1870.93,0,1,none
2026-03-14T01:48:30+00:00,api/normal,1.77,0,1,none
2026-03-14T01:48:30+00:00,api/normal,0.99,0,1,none
2026-03-14T01:48:30+00:00,api/normal,0.92,0,1,none
2026-03-14T01:48:31+00:00,api/slow,1258.57,0,1,none
2026-03-14T01:48:31+00:00,api/normal,1.06,0,1,none
2026-03-14T01:48:31+00:00,api/normal,1.31,0,1,none
2026-03-14T01:48:31+00:00,api/db,8.18,0,1,none
2026-03-14T01:48:33+00:00,api/slow,1766.88,0,1,none
2026-03-14T01:48:33+00:00,api/normal,1.84,0,1,none
2026-03-14T01:48:33+00:00,api/normal,1.06,0,1,none
2026-03-14T01:48:34+00:00,api/slow,1181.71,0,1,none
2026-03-14T01:48:36+00:00,api/slow,1623.78,0,1,none
2026-03-14T01:48:36+00:00,api/db,4.47,0,1,none
2026-03-14T01:48:36+00:00,api/normal,1.28,0,1,none
2026-03-14T01:48:36+00:00,api/normal,0.78,0,1,none
2026-03-14T01:48:36+00:00,api/normal,0.81,0,1,none
2026-03-14T01:48:42+00:00,api/slow,6005.68,0,1,TIMEOUT_ERROR
2026-03-14T01:48:42+00:00,api/normal,1.84,0,1,none
2026-03-14T01:48:44+00:00,api/slow,1750.92,0,1,none
2026-03-14T01:48:44+00:00,api/validate,2.54,1,1,UNKNOWN
2026-03-14T01:48:46+00:00,api/slow,2001.1,0,1,none
2026-03-14T01:48:46+00:00,api/normal,1.72,0,1,none
2026-03-14T01:48:46+00:00,api/normal,1.07,0,1,none
2026-03-14T01:48:46+00:00,api/normal,1.65,0,1,none
2026-03-14T01:48:46+00:00,api/normal,0.86,0,1,none
2026-03-14T01:48:48+00:00,api/slow,1486.85,0,1,none
2026-03-14T01:48:48+00:00,api/normal,1.43,0,1,none
2026-03-14T01:48:49+00:00,api/slow,1341.12,0,1,none
2026-03-14T01:48:49+00:00,api/normal,2.37,0,1,none
2026-03-14T01:48:51+00:00,api/slow,1723.49,0,1,none
2026-03-14T01:48:51+00:00,api/normal,0.88,0,1,none
2026-03-14T01:48:52+00:00,api/slow,1550.52,0,1,none
2026-03-14T01:48:52+00:00,api/normal,2.43,0,1,none
2026-03-14T01:48:52+00:00,api/normal,0.73,0,1,none
2026-03-14T01:48:59+00:00,api/slow,7010.25,0,1,TIMEOUT_ERROR
2026-03-14T01:48:59+00:00,api/normal,1.58,0,1,none
2026-03-14T01:49:00+00:00,api/normal,1.04,0,1,none
2026-03-14T01:49:01+00:00,api/slow,1510.87,0,1,none
2026-03-14T01:49:01+00:00,api/normal,1.65,0,1,none
2026-03-14T01:49:01+00:00,api/normal,1.81,0,1,none
2026-03-14T01:49:01+00:00,api/normal,1.7,0,1,none
2026-03-14T01:49:01+00:00,api/normal,1.75,0,1,none
2026-03-14T01:49:01+00:00,api/normal,1.57,0,1,none
2026-03-14T01:49:01+00:00,api/normal,1.94,0,1,none
2026-03-14T01:49:01+00:00,api/error,5.03,1,1,SYSTEM_ERROR
2026-03-14T01:49:03+00:00,api/slow,1818.95,0,1,none
2026-03-14T01:49:03+00:00,api/normal,6.27,0,1,none
2026-03-14T01:49:05+00:00,api/slow,1624.12,0,1,none
2026-03-14T01:49:05+00:00,api/db,3.3,0,1,none
2026-03-14T01:49:05+00:00,api/normal,0.83,0,1,none
2026-03-14T01:49:07+00:00,api/slow,1589.12,0,1,none
2026-03-14T01:49:08+00:00,api/slow,1029.58,0,1,none
2026-03-14T01:49:08+00:00,api/normal,1.21,0,1,none
2026-03-14T01:49:09+00:00,api/slow,1094.52,0,1,none
2026-03-14T01:49:09+00:00,api/validate,5.36,1,1,UNKNOWN
2026-03-14T01:49:11+00:00,api/slow,1580.39,0,1,none
2026-03-14T01:49:11+00:00,api/normal,1.3,0,1,none
2026-03-14T01:49:11+00:00,api/normal,0.89,0,1,none
2026-03-14T01:49:11+00:00,api/normal,0.87,0,1,none
2026-03-14T01:49:11+00:00,api/normal,0.96,0,1,none
2026-03-14T01:49:11+00:00,api/normal,0.94,0,1,none
2026-03-14T01:49:11+00:00,api/normal,0.91,0,1,none
2026-03-14T01:49:11+00:00,api/normal,1.15,0,1,none
2026-03-14T01:49:11+00:00,api/normal,0.88,0,1,none
2026-03-14T01:49:11+00:00,api/normal,1.45,0,1,none
2026-03-14T01:49:11+00:00,api/error,4.28,1,1,SYSTEM_ERROR
2026-03-14T01:49:11+00:00,api/normal,0.98,0,1,none
2026-03-14T01:49:11+00:00,api/error,4.56,1,1,SYSTEM_ERROR
2026-03-14T01:49:11+00:00,api/normal,1.68,0,1,none
2026-03-14T01:49:11+00:00,api/normal,1.63,0,1,none
2026-03-14T01:49:11+00:00,api/error,2.29,1,1,SYSTEM_ERROR
2026-03-14T01:49:11+00:00,api/normal,0.95,0,1,none
2026-03-14T01:49:11+00:00,api/normal,1.72,0,1,none
2026-03-14T01:49:13+00:00,api/slow,1514.07,0,1,none
2026-03-14T01:49:13+00:00,api/normal,0.77,0,1,none
2026-03-14T01:49:13+00:00,api/normal,0.95,0,1,none
2026-03-14T01:49:13+00:00,api/normal,0.92,0,1,none
2026-03-14T01:49:13+00:00,api/normal,1.21,0,1,none
2026-03-14T01:49:13+00:00,api/normal,2.29,0,1,none
2026-03-14T01:49:13+00:00,api/normal,1.72,0,1,none
2026-03-14T01:49:13+00:00,api/normal,0.82,0,1,none
2026-03-14T01:49:13+00:00,api/normal,1.11,0,1,none
2026-03-14T01:49:13+00:00,api/normal,0.92,0,1,none
2026-03-14T01:49:13+00:00,api/normal,1.62,0,1,none
2026-03-14T01:49:13+00:00,api/normal,1.66,0,1,none
2026-03-14T01:49:13+00:00,api/normal,0.85,0,1,none
2026-03-14T01:49:13+00:00,api/normal,0.91,0,1,none
2026-03-14T01:49:13+00:00,api/error,4.68,1,1,SYSTEM_ERROR
2026-03-14T01:49:13+00:00,api/normal,1.57,0,1,none
2026-03-14T01:49:13+00:00,api/normal,1.44,0,1,none
2026-03-14T01:49:15+00:00,api/slow,1301.79,0,1,none
2026-03-14T01:49:15+00:00,api/normal,2.69,0,1,none
2026-03-14T01:49:15+00:00,api/normal,1.93,0,1,none
2026-03-14T01:49:15+00:00,api/normal,1.29,0,1,none
2026-03-14T01:49:15+00:00,api/normal,0.86,0,1,none
2026-03-14T01:49:16+00:00,api/slow,1684.31,0,1,none
2026-03-14T01:49:16+00:00,api/normal,2.15,0,1,none
2026-03-14T01:49:18+00:00,api/slow,1802.04,0,1,none
2026-03-14T01:49:18+00:00,api/normal,2.38,0,1,none
2026-03-14T01:49:18+00:00,api/normal,1.01,0,1,none
2026-03-14T01:49:18+00:00,api/normal,1.32,0,1,none
2026-03-14T01:49:18+00:00,api/normal,2.53,0,1,none
2026-03-14T01:49:18+00:00,api/normal,1.04,0,1,none
2026-03-14T01:49:18+00:00,api/normal,1.99,0,1,none
2026-03-14T01:49:18+00:00,api/normal,0.84,0,1,none
2026-03-14T01:49:18+00:00,api/normal,0.79,0,1,none
2026-03-14T01:49:20+00:00,api/slow,1948.54,0,1,none
2026-03-14T01:49:22+00:00,api/slow,1575.05,0,1,none
2026-03-14T01:49:22+00:00,api/normal,2.78,0,1,none
2026-03-14T01:49:22+00:00,api/normal,1.03,0,1,none
2026-03-14T01:49:22+00:00,api/error,4.07,1,1,SYSTEM_ERROR
2026-03-14T01:49:22+00:00,api/error,5.31,1,1,SYSTEM_ERROR
2026-03-14T01:49:22+00:00,api/normal,1.63,0,1,none
2026-03-14T01:49:22+00:00,api/normal,1.2,0,1,none
2026-03-14T01:49:22+00:00,api/normal,1.03,0,1,none
2026-03-14T01:49:28+00:00,api/slow,6005.43,0,1,TIMEOUT_ERROR
2026-03-14T01:49:28+00:00,api/normal,2.03,0,1,none
2026-03-14T01:49:28+00:00,api/normal,2.87,0,1,none
2026-03-14T01:49:28+00:00,api/normal,1.35,0,1,none
2026-03-14T01:49:28+00:00,api/normal,0.71,0,1,none
2026-03-14T01:49:29+00:00,api/normal,1.19,0,1,none
2026-03-14T01:49:29+00:00,api/normal,1.25,0,1,none
2026-03-14T01:49:30+00:00,api/slow,1318.52,0,1,none
2026-03-14T01:49:30+00:00,api/normal,1.18,0,1,none
2026-03-14T01:49:30+00:00,api/normal,0.94,0,1,none
2026-03-14T01:49:32+00:00,api/slow,1539.39,0,1,none
2026-03-14T01:49:32+00:00,api/normal,1.72,0,1,none
2026-03-14T01:49:32+00:00,api/error,6.33,1,1,SYSTEM_ERROR
2026-03-14T01:49:32+00:00,api/normal,0.87,0,1,none
2026-03-14T01:49:32+00:00,api/error,2.93,1,1,SYSTEM_ERROR
2026-03-14T01:49:32+00:00,api/normal,1.21,0,1,none
2026-03-14T01:49:32+00:00,api/normal,1.78,0,1,none
2026-03-14T01:49:32+00:00,api/normal,1.35,0,1,none
2026-03-14T01:49:32+00:00,api/normal,0.85,0,1,none
2026-03-14T01:49:32+00:00,api/normal,0.82,0,1,none
2026-03-14T01:49:32+00:00,api/normal,1.25,0,1,none
2026-03-14T01:49:32+00:00,api/error,2.01,1,1,SYSTEM_ERROR
2026-03-14T01:49:32+00:00,api/normal,0.84,0,1,none
2026-03-14T01:49:32+00:00,api/normal,2.2,0,1,none
2026-03-14T01:49:38+00:00,api/slow,6003.12,0,1,TIMEOUT_ERROR
2026-03-14T01:49:39+00:00,api/slow,1342.53,0,1,none
2026-03-14T01:49:39+00:00,api/normal,1.67,0,1,none
2026-03-14T01:49:40+00:00,api/normal,1.68,0,1,none
2026-03-14T01:49:40+00:00,api/normal,0.98,0,1,none
2026-03-14T01:49:40+00:00,api/normal,1.58,0,1,none
2026-03-14T01:49:40+00:00,api/normal,0.91,0,1,none
2026-03-14T01:49:40+00:00,api/normal,1.29,0,1,none
2026-03-14T01:49:40+00:00,api/normal,1.79,0,1,none
2026-03-14T01:49:40+00:00,api/normal,1.18,0,1,none
2026-03-14T01:49:40+00:00,api/normal,2.41,0,1,none
2026-03-14T01:49:40+00:00,api/normal,2.66,0,1,none
2026-03-14T01:49:40+00:00,api/normal,0.96,0,1,none
2026-03-14T01:49:40+00:00,api/error,3.48,1,1,SYSTEM_ERROR
2026-03-14T01:49:40+00:00,api/normal,0.92,0,1,none
2026-03-14T01:49:40+00:00,api/normal,0.9,0,1,none
2026-03-14T01:49:40+00:00,api/normal,1.16,0,1,none
2026-03-14T01:49:40+00:00,api/normal,1.21,0,1,none
2026-03-14T01:49:42+00:00,api/slow,1767.91,0,1,none
2026-03-14T01:49:47+00:00,api/slow,5013.95,0,1,TIMEOUT_ERROR
2026-03-14T01:49:47+00:00,api/normal,2.61,0,1,none
2026-03-14T01:49:48+00:00,api/slow,1513.92,0,1,none
2026-03-14T01:49:48+00:00,api/normal,1.25,0,1,none
2026-03-14T01:49:48+00:00,api/normal,0.92,0,1,none
2026-03-14T01:49:48+00:00,api/normal,1.21,0,1,none
2026-03-14T01:49:50+00:00,api/slow,1684.08,0,1,none
2026-03-14T01:49:50+00:00,api/normal,1.12,0,1,none
2026-03-14T01:49:50+00:00,api/normal,1.43,0,1,none
2026-03-14T01:49:50+00:00,api/normal,0.94,0,1,none
2026-03-14T01:49:52+00:00,api/slow,1353.33,0,1,none
2026-03-14T01:49:52+00:00,api/normal,0.84,0,1,none
2026-03-14T01:49:52+00:00,api/normal,0.89,0,1,none
2026-03-14T01:49:52+00:00,api/normal,0.92,0,1,none
2026-03-14T01:49:52+00:00,api/normal,3.2,0,1,none
2026-03-14T01:49:52+00:00,api/validate,4.09,1,1,UNKNOWN
2026-03-14T01:49:52+00:00,api/normal,2.09,0,1,none
2026-03-14T01:49:52+00:00,api/normal,0.89,0,1,none
2026-03-14T01:49:52+00:00,api/error,2.11,1,1,SYSTEM_ERROR
2026-03-14T01:49:53+00:00,api/slow,1225.59,0,1,none
2026-03-14T01:49:53+00:00,api/normal,3.16,0,1,none
2026-03-14T01:49:55+00:00,api/slow,1292.67,0,1,none
2026-03-14T01:49:55+00:00,api/normal,0.84,0,1,none
2026-03-14T01:50:02+00:00,api/slow,7003.9,0,1,TIMEOUT_ERROR
2026-03-14T01:50:02+00:00,api/normal,1.99,0,1,none
2026-03-14T01:50:02+00:00,api/normal,0.79,0,1,none
2026-03-14T01:50:02+00:00,api/normal,1.05,0,1,none
2026-03-14T01:50:03+00:00,api/slow,1024,0,1,none
2026-03-14T01:50:03+00:00,api/normal,1.03,0,1,none
2026-03-14T01:50:03+00:00,api/normal,0.85,0,1,none
2026-03-14T01:50:03+00:00,api/normal,0.95,0,1,none
2026-03-14T01:50:03+00:00,api/normal,2.12,0,1,none
2026-03-14T01:50:04+00:00,api/slow,1042.53,0,1,none
2026-03-14T01:50:04+00:00,api/normal,1.08,0,1,none
2026-03-14T01:50:05+00:00,api/slow,1103.76,0,1,none
2026-03-14T01:50:05+00:00,api/normal,1.15,0,1,none
2026-03-14T01:50:05+00:00,api/normal,1,0,1,none
2026-03-14T01:50:05+00:00,api/normal,3.05,0,1,none
2026-03-14T01:50:05+00:00,api/normal,1.92,0,1,none
2026-03-14T01:50:05+00:00,api/normal,0.76,0,1,none
2026-03-14T01:50:05+00:00,api/normal,1.06,0,1,none
2026-03-14T01:50:05+00:00,api/normal,1.32,0,1,none
2026-03-14T01:50:06+00:00,api/normal,1.27,0,1,none
2026-03-14T01:50:07+00:00,api/slow,1862.78,0,1,none
2026-03-14T01:50:07+00:00,api/normal,0.8,0,1,none
2026-03-14T01:50:09+00:00,api/slow,1290.11,0,1,none
2026-03-14T01:50:09+00:00,api/normal,1.24,0,1,none
2026-03-14T01:50:09+00:00,api/error,6,1,1,SYSTEM_ERROR
2026-03-14T01:50:09+00:00,api/normal,1.42,0,1,none
2026-03-14T01:50:09+00:00,api/normal,1.23,0,1,none
2026-03-14T01:50:15+00:00,api/slow,6013.37,0,1,TIMEOUT_ERROR
2026-03-14T01:50:16+00:00,api/slow,1108.18,0,1,none
2026-03-14T01:50:16+00:00,api/normal,0.58,0,1,none
2026-03-14T01:50:16+00:00,api/normal,0.75,0,1,none
2026-03-14T01:50:16+00:00,api/normal,1.61,0,1,none
2026-03-14T01:50:16+00:00,api/normal,1.7,0,1,none
2026-03-14T01:50:16+00:00,api/normal,1.16,0,1,none
2026-03-14T01:50:16+00:00,api/normal,0.91,0,1,none
2026-03-14T01:50:17+00:00,api/slow,1199.27,0,1,none
2026-03-14T01:50:17+00:00,api/normal,1.49,0,1,none
2026-03-14T01:50:18+00:00,api/normal,1.06,0,1,none
2026-03-14T01:50:18+00:00,api/db,4.73,0,1,none
2026-03-14T01:50:18+00:00,api/normal,1.55,0,1,none
2026-03-14T01:50:18+00:00,api/validate,3.75,1,1,UNKNOWN
2026-03-14T01:50:18+00:00,api/normal,0.96,0,1,none
2026-03-14T01:50:20+00:00,api/slow,1896.2,0,1,none
2026-03-14T01:50:20+00:00,api/normal,1.13,0,1,none
2026-03-14T01:50:20+00:00,api/normal,1.45,0,1,none
2026-03-14T01:50:20+00:00,api/error,3.67,1,1,SYSTEM_ERROR
2026-03-14T01:50:20+00:00,api/normal,1.25,0,1,none
2026-03-14T01:50:20+00:00,api/db,3.1,0,1,none
2026-03-14T01:50:20+00:00,api/normal,0.85,0,1,none
2026-03-14T01:50:20+00:00,api/normal,0.84,0,1,none
2026-03-14T01:50:20+00:00,api/normal,1.13,0,1,none
2026-03-14T01:50:20+00:00,api/normal,1.23,0,1,none
2026-03-14T01:50:20+00:00,api/normal,0.81,0,1,none
2026-03-14T01:50:20+00:00,api/db,4.27,0,1,none
2026-03-14T01:50:20+00:00,api/normal,1.3,0,1,none
2026-03-14T01:50:22+00:00,api/slow,1952.35,0,1,none
2026-03-14T01:50:22+00:00,api/normal,1.53,0,1,none
2026-03-14T01:50:22+00:00,api/normal,0.88,0,1,none
2026-03-14T01:50:22+00:00,api/error,4.81,1,1,SYSTEM_ERROR
2026-03-14T01:50:22+00:00,api/normal,2.68,0,1,none
2026-03-14T01:50:22+00:00,api/normal,0.87,0,1,none
2026-03-14T01:50:22+00:00,api/normal,0.93,0,1,none
2026-03-14T01:50:22+00:00,api/error,4.22,1,1,SYSTEM_ERROR
2026-03-14T01:50:22+00:00,api/normal,1.54,0,1,none
2026-03-14T01:50:22+00:00,api/normal,2.49,0,1,none
2026-03-14T01:50:29+00:00,api/slow,7005.77,0,1,TIMEOUT_ERROR
2026-03-14T01:50:29+00:00,api/normal,1.51,0,1,none
2026-03-14T01:50:29+00:00,api/normal,1.87,0,1,none
2026-03-14T01:50:29+00:00,api/db,3.59,0,1,none
2026-03-14T01:50:31+00:00,api/slow,1479.04,0,1,none
2026-03-14T01:50:31+00:00,api/normal,1.04,0,1,none
2026-03-14T01:50:31+00:00,api/normal,0.77,0,1,none
2026-03-14T01:50:31+00:00,api/normal,0.93,0,1,none
2026-03-14T01:50:31+00:00,api/normal,0.65,0,1,none
2026-03-14T01:50:37+00:00,api/slow,6010.86,0,1,TIMEOUT_ERROR
2026-03-14T01:50:43+00:00,api/slow,6014.6,0,1,TIMEOUT_ERROR
2026-03-14T01:50:43+00:00,api/normal,1.93,0,1,none
2026-03-14T01:50:43+00:00,api/normal,1.41,0,1,none
2026-03-14T01:50:43+00:00,api/normal,0.69,0,1,none
2026-03-14T01:50:43+00:00,api/normal,0.87,0,1,none
2026-03-14T01:50:43+00:00,api/normal,1.38,0,1,none
2026-03-14T01:50:43+00:00,api/normal,1.4,0,1,none
2026-03-14T01:50:43+00:00,api/normal,1.78,0,1,none
2026-03-14T01:50:45+00:00,api/slow,1773.49,0,1,none
2026-03-14T01:50:45+00:00,api/normal,0.92,0,1,none
2026-03-14T01:50:45+00:00,api/normal,1.12,0,1,none
2026-03-14T01:50:45+00:00,api/normal,1.04,0,1,none
2026-03-14T01:50:45+00:00,api/normal,1.03,0,1,none
2026-03-14T01:50:45+00:00,api/normal,0.93,0,1,none
2026-03-14T01:50:45+00:00,api/normal,0.84,0,1,none
2026-03-14T01:50:45+00:00,api/normal,1.3,0,1,none
2026-03-14T01:50:47+00:00,api/slow,1472.59,0,1,none
2026-03-14T01:50:47+00:00,api/validate,4.26,1,1,UNKNOWN
2026-03-14T01:50:47+00:00,api/normal,1.04,0,1,none
2026-03-14T01:50:47+00:00,api/db,26.68,0,1,none
2026-03-14T01:50:47+00:00,api/normal,1.46,0,1,none
2026-03-14T01:50:47+00:00,api/normal,1.29,0,1,none
2026-03-14T01:50:47+00:00,api/normal,1.2,0,1,none
2026-03-14T01:50:48+00:00,api/slow,1490.61,0,1,none
2026-03-14T01:50:48+00:00,api/normal,0.76,0,1,none
2026-03-14T01:50:50+00:00,api/slow,1619.01,0,1,none
2026-03-14T01:50:50+00:00,api/normal,0.94,0,1,none
2026-03-14T01:50:50+00:00,api/error,2.81,1,1,SYSTEM_ERROR
2026-03-14T01:50:50+00:00,api/normal,0.6,0,1,none
2026-03-14T01:50:50+00:00,api/normal,0.96,0,1,none
2026-03-14T01:50:50+00:00,api/normal,0.8,0,1,none
2026-03-14T01:50:50+00:00,api/error,2.85,1,1,SYSTEM_ERROR
2026-03-14T01:50:50+00:00,api/normal,1.14,0,1,none
2026-03-14T01:50:50+00:00,api/normal,0.78,0,1,none
2026-03-14T01:50:50+00:00,api/normal,0.84,0,1,none
2026-03-14T01:50:50+00:00,api/normal,0.94,0,1,none
2026-03-14T01:50:50+00:00,api/normal,1.36,0,1,none
2026-03-14T01:50:50+00:00,api/normal,1.87,0,1,none
2026-03-14T01:50:50+00:00,api/error,3.73,1,1,SYSTEM_ERROR
2026-03-14T01:50:51+00:00,api/normal,1.1,0,1,none
2026-03-14T01:50:57+00:00,api/slow,6015.38,0,1,TIMEOUT_ERROR
2026-03-14T01:50:57+00:00,api/normal,2.61,0,1,none
2026-03-14T01:50:57+00:00,api/normal,0.95,0,1,none
2026-03-14T01:50:57+00:00,api/db,3.78,0,1,none
2026-03-14T01:50:57+00:00,api/normal,2.21,0,1,none
2026-03-14T01:50:57+00:00,api/normal,1.21,0,1,none
2026-03-14T01:50:57+00:00,api/normal,0.82,0,1,none
2026-03-14T01:50:57+00:00,api/db,4.3,0,1,none
2026-03-14T01:50:57+00:00,api/normal,1.8,0,1,none
2026-03-14T01:50:57+00:00,api/normal,1.13,0,1,none
2026-03-14T01:50:57+00:00,api/normal,2.19,0,1,none
2026-03-14T01:50:57+00:00,api/normal,1.05,0,1,none
2026-03-14T01:50:57+00:00,api/normal,0.71,0,1,none
2026-03-14T01:50:57+00:00,api/normal,1.47,0,1,none
2026-03-14T01:50:59+00:00,api/slow,1875.93,0,1,none
2026-03-14T01:50:59+00:00,api/normal,1.71,0,1,none
2026-03-14T01:51:00+00:00,api/slow,1399.04,0,1,none
2026-03-14T01:51:00+00:00,api/normal,2.85,0,1,none
2026-03-14T01:51:00+00:00,api/normal,0.77,0,1,none
2026-03-14T01:51:02+00:00,api/slow,1222.63,0,1,none
2026-03-14T01:51:02+00:00,api/normal,2.87,0,1,none
2026-03-14T01:51:03+00:00,api/slow,1515.57,0,1,none
2026-03-14T01:51:03+00:00,api/db,5.79,0,1,none
2026-03-14T01:51:03+00:00,api/normal,1.18,0,1,none
2026-03-14T01:51:05+00:00,api/slow,1369.21,0,1,none
2026-03-14T01:51:05+00:00,api/normal,0.59,0,1,none
2026-03-14T01:51:05+00:00,api/normal,1.13,0,1,none
2026-03-14T01:51:05+00:00,api/error,4.43,1,1,SYSTEM_ERROR
2026-03-14T01:51:05+00:00,api/error,3.64,1,1,SYSTEM_ERROR
2026-03-14T01:51:05+00:00,api/validate,2.73,1,1,UNKNOWN
2026-03-14T01:51:05+00:00,api/normal,0.64,0,1,none
2026-03-14T01:51:06+00:00,api/slow,1494.44,0,1,none
2026-03-14T01:51:06+00:00,api/normal,2.82,0,1,none
2026-03-14T01:51:11+00:00,api/slow,5015.23,0,1,TIMEOUT_ERROR
2026-03-14T01:51:12+00:00,api/normal,1.77,0,1,none
2026-03-14T01:51:13+00:00,api/slow,1168.04,0,1,none
2026-03-14T01:51:13+00:00,api/normal,0.84,0,1,none
2026-03-14T01:51:13+00:00,api/normal,0.67,0,1,none
2026-03-14T01:51:14+00:00,api/slow,1146.27,0,1,none
2026-03-14T01:51:14+00:00,api/normal,1.69,0,1,none
2026-03-14T01:51:14+00:00,api/normal,1.59,0,1,none
2026-03-14T01:51:14+00:00,api/normal,2.35,0,1,none
2026-03-14T01:51:14+00:00,api/normal,1.65,0,1,none
2026-03-14T01:51:14+00:00,api/normal,1.12,0,1,none
2026-03-14T01:51:14+00:00,api/normal,0.98,0,1,none
2026-03-14T01:51:14+00:00,api/normal,0.87,0,1,none
2026-03-14T01:51:14+00:00,api/normal,0.72,0,1,none
2026-03-14T01:51:14+00:00,api/db,3.2,0,1,none
2026-03-14T01:51:14+00:00,api/normal,1.13,0,1,none
2026-03-14T01:51:14+00:00,api/normal,0.95,0,1,none
2026-03-14T01:51:15+00:00,api/slow,1195.44,0,1,none
2026-03-14T01:51:16+00:00,api/normal,1.6,0,1,none
2026-03-14T01:51:16+00:00,api/normal,1.31,0,1,none
2026-03-14T01:51:16+00:00,api/normal,0.99,0,1,none
2026-03-14T01:51:16+00:00,api/error,3.95,1,1,SYSTEM_ERROR
2026-03-14T01:51:16+00:00,api/normal,0.94,0,1,none
2026-03-14T01:51:16+00:00,api/normal,0.98,0,1,none
2026-03-14T01:51:16+00:00,api/db,4.73,0,1,none
2026-03-14T01:51:16+00:00,api/normal,1.22,0,1,none
2026-03-14T01:51:16+00:00,api/error,3.18,1,1,SYSTEM_ERROR
2026-03-14T01:51:16+00:00,api/normal,2.23,0,1,none
2026-03-14T01:51:18+00:00,api/slow,1877.46,0,1,none
2026-03-14T01:51:18+00:00,api/normal,2.54,0,1,none
2026-03-14T01:51:18+00:00,api/normal,1.71,0,1,none
2026-03-14T01:51:18+00:00,api/normal,2.07,0,1,none
2026-03-14T01:51:18+00:00,api/error,2.99,1,1,SYSTEM_ERROR
2026-03-14T01:51:19+00:00,api/slow,1447.87,0,1,none
2026-03-14T01:51:19+00:00,api/normal,1,0,1,none
2026-03-14T01:51:19+00:00,api/db,4.53,0,1,none
2026-03-14T01:51:19+00:00,api/normal,0.63,0,1,none
2026-03-14T01:51:19+00:00,api/normal,1.11,0,1,none
2026-03-14T01:51:19+00:00,api/normal,0.94,0,1,none
2026-03-14T01:51:19+00:00,api/normal,1.66,0,1,none
2026-03-14T01:51:19+00:00,api/error,2.77,1,1,SYSTEM_ERROR
2026-03-14T01:51:27+00:00,api/slow,7010.52,0,1,TIMEOUT_ERROR
2026-03-14T01:51:27+00:00,api/normal,1.5,0,1,none
2026-03-14T01:51:27+00:00,api/normal,1.32,0,1,none
2026-03-14T01:51:28+00:00,api/slow,1056.41,0,1,none
2026-03-14T01:51:28+00:00,api/normal,0.94,0,1,none
2026-03-14T01:51:28+00:00,api/normal,0.91,0,1,none
2026-03-14T01:51:29+00:00,api/slow,1611.2,0,1,none
2026-03-14T01:51:31+00:00,api/slow,1303.04,0,1,none
2026-03-14T01:51:31+00:00,api/normal,1.47,0,1,none
2026-03-14T01:51:32+00:00,api/slow,1282.23,0,1,none
2026-03-14T01:51:32+00:00,api/normal,1.29,0,1,none
2026-03-14T01:51:32+00:00,api/normal,1.05,0,1,none
2026-03-14T01:51:32+00:00,api/normal,1.1,0,1,none
2026-03-14T01:51:34+00:00,api/slow,1923.93,0,1,none
2026-03-14T01:51:34+00:00,api/normal,2.23,0,1,none
2026-03-14T01:51:34+00:00,api/normal,0.9,0,1,none
2026-03-14T01:51:34+00:00,api/normal,1.27,0,1,none
2026-03-14T01:51:34+00:00,api/error,3.51,1,1,SYSTEM_ERROR
2026-03-14T01:51:36+00:00,api/slow,1484.69,0,1,none
2026-03-14T01:51:36+00:00,api/normal,1.4,0,1,none
2026-03-14T01:51:36+00:00,api/normal,1,0,1,none
2026-03-14T01:51:36+00:00,api/normal,1.24,0,1,none
2026-03-14T01:51:37+00:00,api/slow,1363.53,0,1,none
2026-03-14T01:51:37+00:00,api/normal,1.72,0,1,none
2026-03-14T01:51:37+00:00,api/normal,1.18,0,1,none
2026-03-14T01:51:37+00:00,api/normal,1.06,0,1,none
2026-03-14T01:51:37+00:00,api/error,3.53,1,1,SYSTEM_ERROR
2026-03-14T01:51:39+00:00,api/slow,1236.19,0,1,none
2026-03-14T01:51:39+00:00,api/normal,1.12,0,1,none
2026-03-14T01:51:39+00:00,api/normal,0.96,0,1,none
2026-03-14T01:51:39+00:00,api/normal,1.18,0,1,none
2026-03-14T01:51:39+00:00,api/db,4.27,0,1,none
2026-03-14T01:51:46+00:00,api/slow,7013.79,0,1,TIMEOUT_ERROR
2026-03-14T01:51:46+00:00,api/normal,1.42,0,1,none
2026-03-14T01:51:46+00:00,api/normal,1.12,0,1,none
2026-03-14T01:51:46+00:00,api/normal,0.74,0,1,none
2026-03-14T01:51:46+00:00,api/db,4.01,0,1,none
2026-03-14T01:51:46+00:00,api/error,2.72,1,1,SYSTEM_ERROR
2026-03-14T01:51:46+00:00,api/normal,1.08,0,1,none
2026-03-14T01:51:46+00:00,api/normal,0.64,0,1,none
2026-03-14T01:51:46+00:00,api/normal,0.93,0,1,none
2026-03-14T01:51:46+00:00,api/normal,1.06,0,1,none
2026-03-14T01:51:46+00:00,api/normal,1.04,0,1,none
2026-03-14T01:51:46+00:00,api/normal,0.95,0,1,none
2026-03-14T01:51:46+00:00,api/normal,0.89,0,1,none
2026-03-14T01:51:46+00:00,api/normal,1.47,0,1,none
2026-03-14T01:51:46+00:00,api/normal,1.11,0,1,none
2026-03-14T01:51:46+00:00,api/error,2.23,1,1,SYSTEM_ERROR
2026-03-14T01:51:52+00:00,api/slow,6016.08,0,1,TIMEOUT_ERROR
2026-03-14T01:51:52+00:00,api/normal,5.75,0,1,none
2026-03-14T01:51:52+00:00,api/normal,0.89,0,1,none
2026-03-14T01:51:52+00:00,api/normal,1.27,0,1,none
2026-03-14T01:51:54+00:00,api/slow,1888.82,0,1,none
2026-03-14T01:51:54+00:00,api/normal,0.8,0,1,none
2026-03-14T01:51:54+00:00,api/normal,0.85,0,1,none
2026-03-14T01:51:56+00:00,api/slow,1349.23,0,1,none
2026-03-14T01:51:57+00:00,api/slow,1307.91,0,1,none
2026-03-14T01:51:57+00:00,api/normal,0.88,0,1,none
2026-03-14T01:52:04+00:00,api/slow,7010.6,0,1,TIMEOUT_ERROR
2026-03-14T01:52:04+00:00,api/normal,1.58,0,1,none
2026-03-14T01:52:04+00:00,api/normal,1.03,0,1,none
2026-03-14T01:52:04+00:00,api/normal,1,0,1,none
2026-03-14T01:52:04+00:00,api/normal,0.82,0,1,none
2026-03-14T01:52:04+00:00,api/error,3.79,1,1,SYSTEM_ERROR
2026-03-14T01:52:04+00:00,api/normal,1.01,0,1,none
2026-03-14T01:52:04+00:00,api/normal,1.19,0,1,none
2026-03-14T01:52:04+00:00,api/normal,1.05,0,1,none
2026-03-14T01:52:04+00:00,api/normal,0.91,0,1,none
2026-03-14T01:52:06+00:00,api/slow,1503.92,0,1,none
2026-03-14T01:52:13+00:00,api/slow,7014.3,0,1,TIMEOUT_ERROR
2026-03-14T01:52:13+00:00,api/normal,1.24,0,1,none
2026-03-14T01:52:13+00:00,api/normal,1.03,0,1,none
2026-03-14T01:52:13+00:00,api/error,3.25,1,1,SYSTEM_ERROR
2026-03-14T01:52:13+00:00,api/normal,0.86,0,1,none
